DB_VERSION:20260914,,,
111108,正常使用,正式,
111112,消耗，请核查,消耗,
111139,取消编码，请核查,禁用,
111177,正常使用,正式,
111209,禁用，请核查,正式,
111211,正常使用,正式,
111215,正常使用,正式,
111327,取消编码，请核查,禁用,
111332,取消编码，请核查,禁用,
111351,取消编码，请核查,禁用,
111468,取消编码，请核查,禁用,
111514,正常使用,正式,
111517,正常使用,正式,
111538,正常使用,正式,
111560,取消编码，请核查,禁用,
111568,取消编码，请核查,禁用,
111608,正常使用,正式,
111642,正常使用,正式,
111913,正常使用,正式,
111968,取消编码，请核查,禁用,
113128,正常使用,正式,
113411,正常使用,正式,
113427,取消编码，请核查,禁用,
113456,正常使用,正式,
113462,禁用，请核查,临时,
113484,正常使用,正式,
113510,取消编码，请核查,禁用,
113533,禁用，请核查,消耗,
113670,正常使用,正式,
114514,正常使用,正式,
141109,正常使用,正式,
141323,正常使用,正式,
141337,正常使用,正式,
141369,正常使用,正式,
141451,正常使用,正式,
141463,正常使用,正式,
141504,正常使用,正式,
141505,正常使用,正式,
141545,正常使用,正式,
143223,正常使用,正式,
143224,正常使用,正式,
143246,正常使用,正式,
143256,正常使用,正式,
143259,正常使用,正式,
143284,正常使用,正式,
143286,正常使用,正式,
221917,正常使用,正式,
221949,正常使用,临时,
222134,正常使用,正式,
241104,正常使用,正式,
241312,正常使用,正式,
241574,取消编码，请核查,禁用,
241602,取消编码，请核查,禁用,
245105,正常使用,正式,
245107,正常使用,正式,
245216,正常使用,正式,
245242,消耗，请核查,消耗,
245252,正常使用,正式,
245259,正常使用,正式,
245261,正常使用,正式,
245274,消耗，请核查,消耗,
245342,取消编码，请核查,禁用,
245345,取消编码，请核查,禁用,
245368,正常使用,正式,
245396,正常使用,正式,
245519,取消编码，请核查,禁用,
249812,正常使用,正式,
249839,正常使用,正式,
322118,正常使用,正式,
322181,正常使用,正式,
322195,正常使用,正式,
322220,正常使用,正式,
322473,正常使用,正式,
322477,正常使用,正式,
322507,正常使用,正式,
322517,正常使用,临时,
322529,正常使用,正式,
322908,正常使用,正式,
322920,正常使用,正式,
322923,正常使用,正式,
322926,正常使用,正式,
322937,正常使用,正式,
322938,正常使用,正式,
322940,正常使用,正式,
322941,正常使用,正式,
322947,取消编码，请核查,禁用,
322948,正常使用,正式,
322949,正常使用,正式,
322953,正常使用,正式,
322983,正常使用,正式,
325855,正常使用,正式,
325877,正常使用,临时,
325879,正常使用,临时,
326618,正常使用,正式,
326629,正常使用,正式,
326648,正常使用,正式,
326661,正常使用,正式,
326662,正常使用,正式,
326663,正常使用,正式,
326664,正常使用,正式,
326665,正常使用,正式,
326666,正常使用,正式,
326667,正常使用,正式,
326668,正常使用,正式,
326669,正常使用,正式,
326670,正常使用,正式,
326671,正常使用,正式,
326672,正常使用,正式,
326722,正常使用,正式,
326723,正常使用,正式,
326724,正常使用,正式,
326725,正常使用,正式,
326726,正常使用,正式,
326727,正常使用,正式,
326728,正常使用,正式,
326732,正常使用,正式,
326754,正常使用,正式,
326755,正常使用,正式,
326756,正常使用,正式,
326757,正常使用,正式,
326758,正常使用,正式,
326761,正常使用,正式,
326762,正常使用,正式,
326763,正常使用,正式,
326764,正常使用,正式,
326765,正常使用,正式,
326768,正常使用,正式,
326773,正常使用,正式,
326786,正常使用,正式,
326788,正常使用,正式,
326790,取消编码，请核查,禁用,
326809,正常使用,临时,
326810,正常使用,临时,
326811,正常使用,临时,
326812,正常使用,临时,
326813,正常使用,临时,
326814,正常使用,临时,
326815,正常使用,临时,
326816,正常使用,临时,
326817,正常使用,临时,
326818,正常使用,临时,
326819,正常使用,临时,
326820,正常使用,临时,
326829,正常使用,正式,
326830,正常使用,正式,
326831,正常使用,正式,
326832,正常使用,正式,
326864,取消编码，请核查,禁用,
326866,正常使用,正式,
326867,正常使用,正式,
326868,正常使用,正式,
326869,正常使用,正式,
326870,取消编码，请核查,禁用,
326871,取消编码，请核查,禁用,
326872,取消编码，请核查,禁用,
326873,取消编码，请核查,禁用,
326874,取消编码，请核查,禁用,
326875,取消编码，请核查,禁用,
326876,取消编码，请核查,禁用,
326877,正常使用,正式,
326879,取消编码，请核查,禁用,
326880,正常使用,正式,
326881,正常使用,正式,
326885,正常使用,正式,
326899,正常使用,正式,
326908,取消编码，请核查,禁用,
326909,正常使用,正式,
326912,取消编码，请核查,禁用,
326913,取消编码，请核查,禁用,
326924,正常使用,正式,
326931,正常使用,正式,
326932,取消编码，请核查,禁用,
326935,取消编码，请核查,禁用,
326948,正常使用,正式,
326949,正常使用,正式,
326952,取消编码，请核查,禁用,
326966,正常使用,正式,
326973,正常使用,正式,
326974,正常使用,正式,
326975,正常使用,正式,
326985,正常使用,正式,
326986,取消编码，请核查,禁用,
326987,取消编码，请核查,禁用,
326989,正常使用,正式,
326992,正常使用,正式,
326997,正常使用,临时,
326998,正常使用,临时,
361915,消耗，请核查,消耗,
363204,正常使用,正式,
363207,正常使用,正式,
363208,正常使用,正式,
363209,正常使用,正式,
364122,正常使用,正式,
364123,正常使用,正式,
364124,正常使用,正式,
364125,正常使用,正式,
364126,正常使用,正式,
364127,正常使用,正式,
364140,正常使用,正式,
364141,正常使用,正式,
364142,正常使用,正式,
364143,正常使用,正式,
364144,正常使用,临时,
365547,正常使用,正式,
365561,正常使用,正式,
365564,正常使用,正式,
365611,正常使用,正式,
365640,正常使用,正式,
365642,正常使用,正式,
371273,正常使用,正式,
371275,正常使用,正式,
401004,正常使用,临时,
401008,禁用，请核查,正式,
401009,正常使用,临时,
401204,正常使用,正式,
401205,正常使用,正式,
401213,正常使用,正式,
401327,正常使用,正式,
401329,正常使用,正式,
401330,正常使用,正式,
408076,正常使用,正式,
408078,正常使用,正式,
408922,正常使用,正式,
408981,正常使用,正式,
408994,消耗，请核查,消耗,
409019,取消编码，请核查,禁用,
409020,正常使用,正式,
411802,消耗，请核查,消耗,
411822,正常使用,正式,
411832,正常使用,正式,
411871,正常使用,正式,
411872,正常使用,临时,
411894,正常使用,临时,
416310,正常使用,正式,
418102,正常使用,正式,
418135,正常使用,正式,
418150,正常使用,正式,
418156,正常使用,正式,
418170,正常使用,正式,
441104,正常使用,正式,
441117,换成MZC010086,正式,
441123,正常使用,临时,
441126,正常使用,正式,
441130,正常使用,正式,
441135,正常使用,正式,
441141,正常使用,正式,
441401,正常使用,正式,
441404,正常使用,正式,
441809,禁用，请核查,消耗,
441827,取消编码，请核查,禁用,
441828,正常使用,正式,
441835,正常使用,正式,
441836,正常使用,正式,
445501,正常使用,正式,
445502,正常使用,正式,
445507,正常使用,正式,
445513,正常使用,正式,
445516,正常使用,正式,
445519,正常使用,正式,
445525,正常使用,正式,
445531,正常使用,正式,
445532,正常使用,正式,
484057,正常使用,正式,
484058,正常使用,正式,
502465,正常使用,正式,
502468,正常使用,正式,
502469,正常使用,正式,
502526,正常使用,正式,
560010,正常使用,正式,
560023,正常使用,正式,
560036,正常使用,正式,
560037,正常使用,正式,
560038,禁用，升级替换为MWJ010662,正式,
560061,正常使用,正式,
560064,正常使用,正式,
560082,正常使用,正式,
560085,正常使用,正式,
560089,正常使用,正式,
560103,正常使用,正式,
560104,正常使用,正式,
560153,正常使用,正式,
560154,正常使用,临时,
560159,正常使用,正式,
560161,正常使用,正式,
560174,正常使用,正式,
560193,正常使用,正式,
560205,正常使用,正式,
560206,正常使用,正式,
560207,正常使用,正式,
560238,正常使用,正式,
560241,正常使用,正式,
560246,正常使用,正式,
560248,正常使用,正式,
560250,正常使用,正式,
560251,正常使用,正式,
560253,正常使用,正式,
560258,消耗，请核查,消耗,
560260,正常使用,正式,
560261,正常使用,正式,
560279,正常使用,正式,
560280,正常使用,临时,
560287,正常使用,正式,
560296,正常使用,临时,
560309,正常使用,正式,
560317,正常使用,正式,
560321,正常使用,临时,
560369,取消编码，请核查,禁用,
560388,正常使用,正式,
560389,取消编码，请核查,禁用,
560390,正常使用,正式,
560391,正常使用,正式,
560392,正常使用,临时,
560393,正常使用,正式,
560394,正常使用,正式,
560400,正常使用,正式,
560404,正常使用,正式,
560416,正常使用,正式,
561107,正常使用,正式,
561109,正常使用,正式,
561157,正常使用,正式,
561158,正常使用,正式,
561180,禁用，请核查,消耗,
561202,正常使用,正式,
562101,正常使用,正式,
562103,正常使用,正式,
562211,正常使用,正式,
562916,消耗，请核查,消耗,
562922,消耗，请核查,消耗,
562923,消耗，请核查,消耗,
562924,取消编码，请核查,禁用,
562925,消耗，请核查,消耗,
564113,消耗，请核查,消耗,
564120,取消编码，请核查,禁用,
566903,正常使用,正式,
566945,正常使用,正式,
569310,正常使用,正式,
569332,正常使用,正式,
569337,取消编码，请核查,禁用,
569346,正常使用,正式,
569348,正常使用,正式,
569361,取消编码，请核查,禁用,
569362,消耗，请核查,消耗,
569363,消耗，请核查,消耗,
569376,取消编码，请核查,禁用,
569382,取消编码，请核查,禁用,
569390,正常使用,正式,
569413,正常使用,正式,
569423,取消编码，请核查,禁用,
569424,正常使用,正式,
721006,正常使用,正式,
721011,消耗，请核查,消耗,
721013,正常使用,正式,
721018,正常使用,正式,
721019,正常使用,正式,
721027,正常使用,正式,
721030,正常使用,正式,
721031,正常使用,正式,
721039,正常使用,正式,
721055,正常使用,正式,
721059,正常使用,正式,
721060,正常使用,正式,
721064,正常使用,正式,
721083,正常使用,正式,
721084,正常使用,正式,
721089,取消编码，请核查,禁用,
721096,禁用，请核查,消耗,
721127,正常使用,正式,
721184,正常使用,正式,
721185,正常使用,正式,
721194,正常使用,正式,
721202,取消编码，请核查,禁用,
721203,正常使用,正式,
721217,正常使用,正式,
721232,正常使用,正式,
721234,正常使用,正式,
721235,正常使用,正式,
721243,正常使用,正式,
721341,正常使用,正式,
721351,正常使用,正式,
721353,正常使用,正式,
721369,正常使用,正式,
722303,正常使用,正式,
722309,正常使用,正式,
722338,正常使用,正式,
722348,正常使用,正式,
722349,正常使用,正式,
723404,正常使用,正式,
723408,正常使用,正式,
723417,正常使用,临时,
723425,正常使用,正式,
723428,正常使用,正式,
723429,取消编码，请核查,禁用,
723440,取消编码，请核查,禁用,
723441,下市不再使用,正式,
723448,正常使用,正式,
723465,正常使用,正式,
723472,正常使用,正式,
723473,正常使用,正式,
723482,取消编码，请核查,禁用,
723483,正常使用,正式,
723484,取消编码，请核查,禁用,
723485,正常使用,正式,
723490,正常使用,正式,
723498,禁用，请核查,禁用,
723516,正常使用,正式,
723529,正常使用,正式,
724507,正常使用,正式,
725112,消耗，请核查,消耗,
725118,正常使用,正式,
725120,取消编码，请核查,禁用,
725121,禁用，请核查,正式,
725122,禁用，请核查,正式,
725123,正常使用,正式,
726205,正常使用,正式,
726210,正常使用,正式,
726211,正常使用,正式,
726280,正常使用,正式,
727201,正常使用,正式,
727305,正常使用,正式,
727306,正常使用,正式,
727311,正常使用,正式,
727312,正常使用,正式,
727324,正常使用,正式,
727326,取消编码，请核查,禁用,
727328,正常使用,正式,
728110,正常使用,正式,
728111,正常使用,正式,
729242,正常使用,正式,
729282,正常使用,正式,
729284,正常使用,正式,
921160,正常使用,正式,
921200,禁用，请核查,正式,
921432,取消编码，请核查,禁用,
941112,正常使用,临时,
941601,正常使用,临时,
MBC010439,正常使用,正式,
MBC010442,正常使用,正式,
MBC010470,正常使用,正式,
MBC010497,取消编码，请核查,禁用,
MBC010508,正常使用,正式,
MBC010520,正常使用,正式,
MBC010522,正常使用,正式,
MBC010527,取消编码，请核查,禁用,
MBC010528,正常使用,正式,
MBC010529,取消编码，请核查,禁用,
MBC010530,禁用，请核查,消耗,
MBC010531,禁用，请核查,消耗,
MBC010532,正常使用,正式,
MBC010533,正常使用,正式,
MBC010535,正常使用,正式,
MBC010540,取消编码，请核查,禁用,
MBC010541,正常使用,正式,
MBC010553,正常使用,正式,
MBC010602,正常使用,正式,
MBC010632,正常使用,正式,
MBC010634,禁用，请核查,消耗,
MBC010635,正常使用,正式,
MBC010648,取消编码，请核查,禁用,
MBC010652,禁用，请核查,消耗,
MBC010653,正常使用,正式,
MBC010667,取消编码，请核查,禁用,
MBC010672,取消编码，请核查,禁用,
MBC010719,取消编码，请核查,禁用,
MBC010728,正常使用,临时,
MBC010740,正常使用,正式,
MBC010748,正常使用,正式,
MBC010778,正常使用,正式,
MBC010825,正常使用,正式,
MBC010826,正常使用,正式,
MBC010827,正常使用,正式,
MBC010833,正常使用,正式,
MBC010843,正常使用,正式,
MBC010847,正常使用,正式,
MBC010848,正常使用,正式,
MBC010849,正常使用,正式,
MBC010850,取消编码，请核查,禁用,
MBC010851,取消编码，请核查,禁用,
MBC010887,正常使用,临时,
MBC010890,正常使用,正式,
MBC010895,禁用，请核查,消耗,
MBC010940,正常使用,正式,
MBC010953,正常使用,临时,
MBC010974,正常使用,正式,
MBC010975,正常使用,正式,
MBC010986,正常使用,正式,
MBC011001,正常使用,正式,
MBC011004,正常使用,正式,
MBC011005,正常使用,正式,
MBC011006,正常使用,正式,
MBC011007,正常使用,正式,
MBC011009,正常使用,正式,
MBC011010,正常使用,正式,
MBC011011,正常使用,正式,
MBC011013,正常使用,正式,
MBC011015,取消编码，请核查,禁用,
MBC011017,正常使用,正式,
MBC011018,取消编码，请核查,禁用,
MBC011021,正常使用,正式,
MBC011022,正常使用,正式,
MBC011023,取消编码，请核查,禁用,
MBC011024,正常使用,正式,
MBC011025,取消编码，请核查,禁用,
MBC011027,禁用，请核查,消耗,
MBC011030,正常使用,正式,
MBC011037,正常使用,正式,
MBC011047,正常使用,正式,
MBC011079,正常使用,正式,
MBC011080,正常使用,正式,
MBC011081,正常使用,正式,
MBC011082,正常使用,临时,
MBC011083,正常使用,临时,
MBC011085,取消编码，请核查,禁用,
MBC011099,正常使用,正式,
MBC011100,正常使用,正式,
MBC011111,正常使用,临时,
MBC011112,正常使用,正式,
MBC011115,取消编码，请核查,禁用,
MBC011116,正常使用,正式,
MBC011150,正常使用,正式,
MBC011152,消耗，请核查,消耗,
MBC011155,正常使用,正式,
MBC011163,消耗，请核查,消耗,
MBC011170,消耗，请核查,消耗,
MBC011174,取消编码，请核查,禁用,
MBC011188,取消编码，请核查,禁用,
MBC011189,正常使用,正式,
MBC011194,取消编码，请核查,禁用,
MBC011199,取消编码，请核查,禁用,
MBC011218,正常使用,正式,
MBC011222,正常使用,正式,
MBC011225,正常使用,临时,
MBC011233,正常使用,正式,
MBC011236,消耗，请核查,消耗,
MBC011237,正常使用,正式,
MBC011238,消耗，请核查,消耗,
MBC011241,取消编码，请核查,禁用,
MBC011243,正常使用,正式,
MBC011245,正常使用,正式,
MBC011246,正常使用,正式,
MBC011259,正常使用,正式,
MBC011261,正常使用,临时,
MBC011264,正常使用,正式,
MBC011265,正常使用,正式,
MBC011269,正常使用,正式,
MBC011273,正常使用,正式,
MBC011276,正常使用,正式,
MBC011280,正常使用,正式,
MBC011281,取消编码，请核查,禁用,
MBC011285,正常使用,临时,
MBC011289,正常使用,正式,
MBC011299,正常使用,正式,
MBC011304,正常使用,临时,
MBC011325,取消编码，请核查,禁用,
MBC011327,正常使用,正式,
MBC011328,正常使用,正式,
MBC011329,取消编码，请核查,禁用,
MBC011344,取消编码，请核查,禁用,
MBC011348,取消编码，请核查,禁用,
MBC011353,正常使用,正式,
MBC011356,正常使用,正式,
MBC011357,正常使用,正式,
MBC011358,正常使用,临时,
MBC011360,正常使用,正式,
MBC011361,正常使用,正式,
MBC011363,取消编码，请核查,禁用,
MBC011379,正常使用,正式,
MBC011382,取消编码，请核查,禁用,
MBC011384,正常使用,正式,
MBC011386,正常使用,正式,
MBC011390,正常使用,正式,
MBC011391,正常使用,正式,
MBC011392,正常使用,正式,
MBC011399,取消编码，请核查,禁用,
MBC011407,正常使用,临时,
MBC011411,正常使用,临时,
MBC011412,取消编码，请核查,禁用,
MBC011413,正常使用,正式,
MBC011429,正常使用,正式,
MBC011447,正常使用,正式,
MBC011448,正常使用,正式,
MBC011449,取消编码，请核查,禁用,
MBC011455,正常使用,正式,
MBC011471,正常使用,正式,
MBC011473,取消编码，请核查,禁用,
MBC011482,取消编码，请核查,禁用,
MBC011484,正常使用,临时,
MBC011489,正常使用,临时,
MBC011517,取消编码，请核查,禁用,
MBC011518,禁用，请核查,消耗,
MBC011522,取消编码，请核查,禁用,
MBC011523,取消编码，请核查,禁用,
MBC011524,正常使用,正式,
MBC011525,取消编码，请核查,禁用,
MBC011537,正常使用,正式,
MBC011539,正常使用,正式,
MBC011566,取消编码，请核查,禁用,
MBC011569,正常使用,正式,
MBC011570,正常使用,正式,
MBC011571,正常使用,临时,
MBC011575,正常使用,正式,
MBC011579,正常使用,正式,
MBC011580,正常使用,临时,
MBC011581,正常使用,临时,
MBC011582,取消编码，请核查,禁用,
MBC011584,取消编码，请核查,禁用,
MBC011589,禁用，请核查,禁用,
MBC011590,正常使用,正式,
MBC011595,取消编码，请核查,禁用,
MBC011598,正常使用,正式,
MBC011601,正常使用,正式,
MBC011605,取消编码，请核查,禁用,
MBC011607,取消编码，请核查,禁用,
MBC011610,正常使用,临时,
MBC011611,正常使用,正式,
MBC011612,正常使用,正式,
MBC011613,正常使用,临时,
MBC011614,正常使用,正式,
MBC011615,正常使用,正式,
MBC011616,正常使用,临时,
MBC011617,取消编码，请核查,禁用,
MBC011618,取消编码，请核查,禁用,
MBC011619,正常使用,临时,
MBC011626,正常使用,正式,
MBC011632,正常使用,临时,
MBC011634,正常使用,正式,
MBC011637,正常使用,临时,
MBC011639,正常使用,正式,
MBC011641,正常使用,正式,
MBC011642,正常使用,正式,
MBC011643,正常使用,临时,
MBC011644,正常使用,临时,
MBC011645,正常使用,临时,
MBC011646,正常使用,正式,
MBC011647,正常使用,临时,
MBC011648,正常使用,临时,
MBC011649,正常使用,临时,
MBC011650,正常使用,临时,
MBC011651,正常使用,正式,
MBC011652,正常使用,临时,
MBC011653,正常使用,临时,
MBC011654,正常使用,临时,
MBC011655,正常使用,临时,
MBC011656,正常使用,临时,
MBC011657,正常使用,正式,
MBC011658,正常使用,正式,
MBC011661,正常使用,临时,
MBC011662,正常使用,临时,
MBC011663,正常使用,临时,
MBC011664,正常使用,临时,
MBC011665,正常使用,正式,
MBC011666,取消编码，请核查,禁用,
MBC011667,正常使用,临时,
MBC011668,正常使用,临时,
MBC011672,正常使用,正式,
MBC011673,消耗，请核查,消耗,
MBC011675,消耗，请核查,消耗,
MBC011680,取消编码，请核查,禁用,
MBC011699,正常使用,临时,
MBC011727,正常使用,临时,
MBC011745,正常使用,正式,
MBC011746,正常使用,正式,
MBC011747,正常使用,临时,
MBC011748,正常使用,临时,
MBC011757,取消编码，请核查,禁用,
MBC011758,正常使用,正式,
MBC011764,正常使用,正式,
MBC011765,正常使用,正式,
MBC011766,正常使用,临时,
MBC011770,正常使用,临时,
MBC011772,正常使用,临时,
MBC011774,取消编码，请核查,禁用,
MBC011776,取消编码，请核查,禁用,
MBC011779,正常使用,正式,
MBC011780,正常使用,临时,
MBC011782,正常使用,临时,
MBC011799,正常使用,临时,
MBC011804,正常使用,临时,
MBC011808,取消编码，请核查,禁用,
MBC011811,正常使用,临时,
MBC011822,正常使用,临时,
MBC011823,正常使用,临时,
MBC011833,取消编码，请核查,禁用,
MBC011834,取消编码，请核查,禁用,
MBC011838,正常使用,正式,
MBC011857,取消编码，请核查,禁用,
MBC011858,正常使用,临时,
MBC011859,取消编码，请核查,禁用,
MBC011861,取消编码，请核查,禁用,
MBC011862,取消编码，请核查,禁用,
MBC011864,取消编码，请核查,禁用,
MBC011867,正常使用,正式,
MBC011868,正常使用,正式,
MBC011869,正常使用,正式,
MBC011876,正常使用,正式,
MBC011880,正常使用,正式,
MBC011885,正常使用,临时,
MBC011886,正常使用,临时,
MBC011914,正常使用,临时,
MBC011915,正常使用,临时,
MBC011916,取消编码，请核查,禁用,
MBC011917,取消编码，请核查,禁用,
MBC011918,正常使用,正式,
MBC011919,正常使用,正式,
MBC011920,正常使用,正式,
MBC011921,正常使用,正式,
MBC011922,正常使用,临时,
MBC011923,正常使用,临时,
MBC011931,正常使用,正式,
MBC011932,正常使用,正式,
MBC011936,正常使用,正式,
MBC011937,正常使用,正式,
MBC011939,正常使用,正式,
MBC011944,取消编码，请核查,禁用,
MBC011945,正常使用,正式,
MBC011946,正常使用,正式,
MBC011952,正常使用,临时,
MBC011955,正常使用,正式,
MBC011956,正常使用,临时,
MBC011957,正常使用,临时,
MBC011963,正常使用,正式,
MBC011966,正常使用,正式,
MBC011969,正常使用,正式,
MBC011970,正常使用,正式,
MBC011976,正常使用,临时,
MBC011982,正常使用,正式,
MBC011983,正常使用,正式,
MBC011987,正常使用,正式,
MBC011988,正常使用,临时,
MBC011989,取消编码，请核查,禁用,
MBC011990,正常使用,正式,
MBC011991,正常使用,正式,
MBC011992,正常使用,临时,
MBC011993,正常使用,正式,
MBC011994,正常使用,正式,
MBC011999,取消编码，请核查,禁用,
MBC012002,取消编码，请核查,禁用,
MBC012003,正常使用,正式,
MBC012008,取消编码，请核查,禁用,
MBC012009,正常使用,临时,
MBC012011,正常使用,正式,
MBC012017,取消编码，请核查,禁用,
MBC012028,正常使用,正式,
MBC012041,正常使用,临时,
MBC012042,正常使用,临时,
MBC012043,正常使用,临时,
MBC012044,取消编码，请核查,禁用,
MBC012045,正常使用,正式,
MBC012055,取消编码，请核查,禁用,
MBC012058,正常使用,正式,
MBC012061,正常使用,正式,
MBC012062,正常使用,临时,
MBC012063,取消编码，请核查,禁用,
MBC012064,正常使用,正式,
MBC012069,正常使用,正式,
MBC012070,正常使用,正式,
MBC012075,正常使用,正式,
MBC012079,正常使用,临时,
MBC012081,正常使用,临时,
MBC012083,取消编码，请核查,禁用,
MBC012087,正常使用,正式,
MBC012088,正常使用,正式,
MBC012090,正常使用,临时,
MBC012093,正常使用,临时,
MBC012095,正常使用,临时,
MBC012096,禁用，请核查,消耗,
MBC012099,正常使用,临时,
MBC012110,取消编码，请核查,禁用,
MBC012111,正常使用,临时,
MBC012115,正常使用,临时,
MBC012116,正常使用,临时,
MBC012117,正常使用,临时,
MBC012118,正常使用,正式,
MBC012121,取消编码，请核查,禁用,
MBC012123,取消编码，请核查,禁用,
MBC012125,取消编码，请核查,禁用,
MBC012127,正常使用,正式,
MBC012128,正常使用,正式,
MBC012129,正常使用,正式,
MBC012130,正常使用,正式,
MBC012131,正常使用,正式,
MBC012132,正常使用,正式,
MBC012138,正常使用,正式,
MBC012147,正常使用,正式,
MBC012148,正常使用,正式,
MBC012154,正常使用,临时,
MBC012159,正常使用,正式,
MBC012162,正常使用,正式,
MBC012163,正常使用,临时,
MBC012165,取消编码，请核查,禁用,
MBC012166,正常使用,临时,
MBC012167,正常使用,临时,
MBC012169,正常使用,临时,
MBC012177,正常使用,临时,
MBC012178,取消编码，请核查,禁用,
MBC012179,正常使用,临时,
MBC012182,正常使用,临时,
MBC012183,正常使用,临时,
MBC012184,正常使用,临时,
MBC012190,正常使用,正式,
MBC012192,正常使用,临时,
MBC012195,正常使用,临时,
MBC012196,正常使用,正式,
MBC012197,正常使用,正式,
MBC012198,正常使用,正式,
MBC012202,正常使用,临时,
MBC012208,正常使用,临时,
MBC012212,正常使用,临时,
MBC012223,正常使用,临时,
MBC012231,正常使用,临时,
MBC012239,正常使用,临时,
MBC012240,正常使用,临时,
MBC012249,正常使用,正式,
MBC012250,正常使用,正式,
MBC012257,取消编码，请核查,禁用,
MBC012268,正常使用,正式,
MBC012269,禁用，请核查,临时,
MBC012271,正常使用,临时,
MBC012272,正常使用,临时,
MBC012276,正常使用,临时,
MBC012282,正常使用,临时,
MBC012283,正常使用,临时,
MBC012284,正常使用,临时,
MBC012285,正常使用,正式,
MBC012286,正常使用,正式,
MBC012290,正常使用,正式,
MBC012291,正常使用,临时,
MBC012292,正常使用,临时,
MBC012309,正常使用,正式,
MBC012310,正常使用,正式,
MBC012311,正常使用,正式,
MBC012325,正常使用,正式,
MBC012326,正常使用,正式,
MBC012332,正常使用,正式,
MBC012335,正常使用,正式,
MBC012336,正常使用,临时,
MBC012338,正常使用,临时,
MBC012342,正常使用,临时,
MBC012343,正常使用,临时,
MBC012344,正常使用,临时,
MBC012345,正常使用,临时,
MBC012346,正常使用,临时,
MBC012347,正常使用,临时,
MBC012349,正常使用,正式,
MBC012355,正常使用,正式,
MBC012356,正常使用,正式,
MBC012357,正常使用,正式,
MBC012358,正常使用,正式,
MBC012361,正常使用,正式,
MBC012374,正常使用,临时,
MBC012375,正常使用,临时,
MBC012377,正常使用,正式,
MBC012386,正常使用,正式,
MBC012387,正常使用,正式,
MBC012390,正常使用,正式,
MBC012402,正常使用,正式,
MBC012403,正常使用,临时,
MBC012404,正常使用,正式,
MBC012405,正常使用,临时,
MBC012407,正常使用,临时,
MBC012409,正常使用,临时,
MBC012418,正常使用,临时,
MBC012426,取消编码，请核查,禁用,
MBC012429,正常使用,正式,
MBC012430,正常使用,临时,
MBC012431,正常使用,临时,
MBC012435,正常使用,正式,
MBC012436,正常使用,临时,
MBC012437,正常使用,临时,
MBC012446,正常使用,正式,
MBC012449,取消编码，请核查,禁用,
MBC012450,正常使用,临时,
MBC012451,正常使用,临时,
MBC012465,正常使用,正式,
MBC012469,正常使用,正式,
MBC012470,正常使用,正式,
MBC012473,正常使用,正式,
MBC012477,正常使用,正式,
MBC012478,取消编码，请核查,禁用,
MBC012479,正常使用,正式,
MBC012480,正常使用,正式,
MBC012481,正常使用,临时,
MBC012482,正常使用,临时,
MBC012483,正常使用,临时,
MBC012484,正常使用,正式,
MBC012485,正常使用,正式,
MBC012488,正常使用,临时,
MBC012489,正常使用,临时,
MBC012491,正常使用,正式,
MBC012492,正常使用,正式,
MBC012493,正常使用,正式,
MBC012494,取消编码，请核查,禁用,
MBC012503,正常使用,临时,
MBC012504,正常使用,临时,
MBC012506,正常使用,正式,
MBC012507,正常使用,正式,
MBC012508,正常使用,临时,
MBC012509,正常使用,正式,
MBC012517,取消编码，请核查,禁用,
MBC012521,正常使用,临时,
MBC012522,正常使用,临时,
MBC012523,正常使用,正式,
MBC012524,正常使用,正式,
MBC012525,取消编码，请核查,禁用,
MBC012526,正常使用,临时,
MBC012527,正常使用,临时,
MBC012528,正常使用,正式,
MBC012529,正常使用,正式,
MBC012530,正常使用,临时,
MBC012531,取消编码，请核查,禁用,
MBC012532,取消编码，请核查,禁用,
MBC012533,取消编码，请核查,禁用,
MBC012537,正常使用,临时,
MBC012539,正常使用,正式,
MBC012541,正常使用,正式,
MBC012542,正常使用,临时,
MBC012543,正常使用,临时,
MBC012548,正常使用,临时,
MBC012551,正常使用,临时,
MBC012552,正常使用,临时,
MBC012554,正常使用,临时,
MBC012557,正常使用,正式,
MBC012558,正常使用,临时,
MBC012559,正常使用,临时,
MBC012560,正常使用,临时,
MBC012564,正常使用,临时,
MBC012567,正常使用,临时,
MBC012568,正常使用,临时,
MBC012569,正常使用,临时,
MBC012570,正常使用,临时,
MBC012571,取消编码，请核查,禁用,
MBC012572,正常使用,临时,
MBC012573,正常使用,临时,
MBC012575,正常使用,正式,
MBC012576,正常使用,正式,
MBC012580,正常使用,临时,
MBC012585,正常使用,临时,
MBC012587,正常使用,正式,
MBC012589,正常使用,正式,
MBC012590,正常使用,正式,
MBC012594,正常使用,正式,
MBC012595,正常使用,正式,
MBC012607,正常使用,临时,
MBC012610,正常使用,临时,
MBC012616,正常使用,正式,
MBC012617,正常使用,正式,
MBC012618,正常使用,临时,
MBC012619,正常使用,临时,
MBC012621,正常使用,临时,
MBC012622,正常使用,临时,
MBC012624,正常使用,临时,
MBC012625,正常使用,临时,
MBC012627,正常使用,临时,
MBC012628,正常使用,临时,
MBC012631,正常使用,临时,
MBC012634,正常使用,临时,
MBC012637,正常使用,正式,
MBC012638,正常使用,正式,
MBC012644,正常使用,正式,
MBC012645,正常使用,临时,
MBC012646,正常使用,正式,
MBC012647,正常使用,临时,
MBC012653,正常使用,临时,
MBC012657,正常使用,正式,
MBC012658,正常使用,正式,
MBC012661,正常使用,临时,
MBC012662,正常使用,临时,
MBC012666,正常使用,正式,
MBC012670,正常使用,正式,
MBC012671,正常使用,临时,
MBC012676,正常使用,临时,
MBC012677,正常使用,临时,
MBC012685,正常使用,临时,
MBC012686,正常使用,正式,
MBC012687,正常使用,临时,
MBC012688,正常使用,临时,
MBC012689,正常使用,临时,
MBC012690,正常使用,临时,
MBC012691,取消编码，请核查,禁用,
MBC012692,正常使用,临时,
MBC012695,正常使用,临时,
MBC012696,正常使用,临时,
MBC012699,正常使用,临时,
MBC012700,正常使用,临时,
MBC012701,正常使用,临时,
MBC012702,正常使用,正式,
MBC012703,正常使用,正式,
MBC012704,正常使用,正式,
MBC012709,正常使用,正式,
MBC012718,正常使用,正式,
MBC012719,正常使用,正式,
MBC012720,正常使用,正式,
MBC012721,正常使用,正式,
MBC012722,正常使用,临时,
MBC012723,正常使用,临时,
MBC012725,正常使用,正式,
MBC012726,正常使用,临时,
MBC012727,正常使用,正式,
MBC012728,正常使用,正式,
MBC012729,正常使用,正式,
MBC012730,正常使用,正式,
MBC012731,正常使用,临时,
MBC012734,正常使用,正式,
MBC012735,正常使用,正式,
MBC012744,正常使用,正式,
MBC012745,正常使用,临时,
MBC012746,正常使用,临时,
MBC012747,正常使用,正式,
MBC012748,正常使用,临时,
MBC012749,正常使用,临时,
MBC012751,正常使用,临时,
MBC012757,正常使用,临时,
MBC012758,正常使用,临时,
MBC012759,正常使用,临时,
MBC012760,正常使用,临时,
MBC012761,正常使用,临时,
MBC012782,正常使用,临时,
MBC012783,正常使用,临时,
MBC012784,取消编码，请核查,禁用,
MBC012786,正常使用,临时,
MBC012787,正常使用,临时,
MBC012793,正常使用,正式,
MBC012794,正常使用,正式,
MBC012795,正常使用,正式,
MBC012800,禁用，请核查,正式,
MBC012811,正常使用,临时,
MBC012812,正常使用,临时,
MBC012815,正常使用,临时,
MBC012816,正常使用,正式,
MBC012817,正常使用,正式,
MBC012818,正常使用,临时,
MBC012819,正常使用,临时,
MBC012822,正常使用,正式,
MBC012823,正常使用,正式,
MBC012825,正常使用,正式,
MBC012828,正常使用,正式,
MBC012829,正常使用,正式,
MBC012830,正常使用,临时,
MBC012832,正常使用,正式,
MBC012833,正常使用,临时,
MBC012834,正常使用,正式,
MBC012839,正常使用,正式,
MBC012840,正常使用,正式,
MBC012851,正常使用,正式,
MBC012852,正常使用,临时,
MBC012854,正常使用,正式,
MBC012855,正常使用,正式,
MBC012856,正常使用,正式,
MBC012857,正常使用,临时,
MBC012859,正常使用,临时,
MBC012884,正常使用,正式,
MBC012903,正常使用,正式,
MBC012905,正常使用,临时,
MBC012906,禁用，请核查,禁用,
MBC012907,禁用，请核查,正式,
MBC012908,正常使用,正式,
MBC012919,正常使用,正式,
MBC012920,正常使用,正式,
MBC012932,正常使用,正式,
MBC012933,正常使用,正式,
MBC012935,正常使用,临时,
MBC012936,正常使用,正式,
MBC012937,正常使用,正式,
MBC012938,正常使用,正式,
MBC012939,正常使用,正式,
MBC012940,正常使用,正式,
MBC012941,正常使用,正式,
MBC012944,正常使用,临时,
MBC012945,正常使用,临时,
MBC012947,正常使用,正式,
MBC012968,正常使用,临时,
MBC012973,正常使用,正式,
MBC012981,正常使用,临时,
MBC012984,正常使用,临时,
MBC013003,正常使用,临时,
MBC013013,正常使用,临时,
MBC013014,正常使用,临时,
MBC013020,正常使用,正式,
MBC013036,正常使用,正式,
MBC013039,正常使用,正式,
MBC013041,正常使用,临时,
MBC013043,正常使用,正式,
MBC013044,正常使用,临时,
MBC013045,正常使用,临时,
MBC013049,正常使用,临时,
MBC013053,正常使用,临时,
MBC013056,正常使用,临时,
MBC013057,正常使用,临时,
MBC013078,正常使用,临时,
MBC013079,正常使用,临时,
MBC013080,正常使用,临时,
MBC013085,正常使用,临时,
MBC013086,正常使用,临时,
MBC013088,正常使用,临时,
MBC013089,正常使用,临时,
MBC013122,正常使用,临时,
MBC013123,正常使用,正式,
MBC013124,正常使用,正式,
MBC013130,正常使用,正式,
MBC013131,正常使用,正式,
MBC013136,正常使用,临时,
MBC013138,正常使用,临时,
MBC013150,正常使用,临时,
MBC013151,正常使用,正式,
MBC013165,正常使用,临时,
MBC013169,正常使用,临时,
MBC013174,正常使用,正式,
MBC013176,正常使用,正式,
MBC013177,正常使用,临时,
MBC013180,正常使用,正式,
MBC013181,正常使用,正式,
MBC013182,正常使用,正式,
MBC013183,正常使用,正式,
MBC013187,正常使用,正式,
MBC013189,正常使用,正式,
MBC013201,正常使用,正式,
MBC013204,正常使用,临时,
MBC013207,正常使用,正式,
MBC013208,正常使用,正式,
MBC013209,正常使用,正式,
MBC013219,正常使用,临时,
MBC013222,正常使用,正式,
MBC013223,正常使用,正式,
MBC013225,正常使用,正式,
MBC013227,正常使用,正式,
MBC013228,正常使用,正式,
MBC013231,正常使用,正式,
MBC013232,正常使用,正式,
MBC013243,正常使用,临时,
MBC013244,正常使用,正式,
MBC013245,正常使用,临时,
MBC013248,正常使用,临时,
MBC013249,正常使用,临时,
MBC013250,正常使用,正式,
MBC013251,正常使用,正式,
MBC013252,正常使用,正式,
MBC013255,正常使用,临时,
MBC013256,正常使用,临时,
MBC013257,正常使用,临时,
MBC013258,正常使用,临时,
MBC013260,正常使用,临时,
MBC013261,正常使用,临时,
MBC013262,正常使用,临时,
MBC013270,正常使用,临时,
MBC013271,正常使用,临时,
MBC013274,正常使用,临时,
MBC013280,正常使用,正式,
MBC013281,正常使用,正式,
MBC013282,正常使用,正式,
MBC013284,正常使用,正式,
MBC013286,正常使用,临时,
MBC013288,正常使用,正式,
MBC013289,正常使用,正式,
MBC013297,正常使用,正式,
MBC013298,正常使用,正式,
MBC013299,正常使用,正式,
MBC013300,正常使用,正式,
MBC013301,正常使用,正式,
MBC013302,正常使用,正式,
MBC013305,正常使用,临时,
MBC013306,正常使用,临时,
MBC013310,正常使用,正式,
MBC013311,正常使用,正式,
MBC013312,正常使用,正式,
MBC013313,正常使用,正式,
MBC013315,正常使用,正式,
MBC013316,正常使用,正式,
MBC013320,正常使用,正式,
MBC013322,正常使用,正式,
MBC013324,正常使用,正式,
MBC013325,正常使用,正式,
MBC013326,正常使用,正式,
MBC013327,正常使用,正式,
MBC013328,正常使用,正式,
MBC013334,正常使用,正式,
MBC013338,正常使用,正式,
MBC013339,正常使用,正式,
MBC013340,正常使用,正式,
MBC013341,正常使用,正式,
MBC013346,正常使用,临时,
MBC013347,正常使用,临时,
MBC013348,正常使用,临时,
MBC013349,正常使用,临时,
MBC013350,正常使用,正式,
MBC013351,正常使用,正式,
MBC013352,正常使用,正式,
MBC013355,正常使用,正式,
MBC013356,正常使用,正式,
MBC013357,正常使用,正式,
MBC013361,正常使用,正式,
MBC013362,正常使用,正式,
MBC013363,正常使用,临时,
MBC013364,正常使用,临时,
MBC013366,正常使用,临时,
MBC013368,正常使用,临时,
MBC013369,正常使用,临时,
MBC013370,正常使用,正式,
MBC013372,正常使用,正式,
MBC013387,正常使用,临时,
MBC013388,正常使用,临时,
MBC013389,正常使用,临时,
MBC013396,正常使用,正式,
MBC013397,正常使用,正式,
MBC013398,正常使用,临时,
MBC013399,正常使用,临时,
MBC013402,正常使用,正式,
MBC013403,正常使用,正式,
MBC013406,正常使用,临时,
MBC013407,正常使用,临时,
MBC013409,正常使用,临时,
MBC013410,正常使用,正式,
MBC013416,正常使用,临时,
MBC013424,正常使用,正式,
MBC013425,正常使用,正式,
MBC013426,正常使用,正式,
MBC013427,正常使用,临时,
MBC013428,正常使用,临时,
MBC013429,正常使用,临时,
MBC013430,正常使用,临时,
MBC013437,正常使用,临时,
MBC013449,正常使用,正式,
MBC013450,正常使用,正式,
MBC013463,正常使用,临时,
MBC013464,正常使用,临时,
MBC013465,正常使用,临时,
MBC013466,正常使用,临时,
MBC013467,正常使用,临时,
MBC013468,正常使用,正式,
MBC013469,正常使用,正式,
MBC013481,正常使用,临时,
MBC013485,正常使用,临时,
MBC013486,正常使用,临时,
MBC013488,正常使用,正式,
MBC013489,正常使用,正式,
MBC013497,正常使用,正式,
MBC013499,正常使用,临时,
MBC013500,正常使用,临时,
MBC013505,正常使用,临时,
MBC013506,正常使用,临时,
MBC013507,正常使用,临时,
MBC013508,正常使用,临时,
MBC013509,正常使用,临时,
MBC013510,正常使用,临时,
MBC013511,正常使用,临时,
MBC013512,正常使用,正式,
MBC013513,正常使用,正式,
MBC013520,正常使用,正式,
MBC013521,正常使用,正式,
MBC013522,正常使用,临时,
MBC013523,正常使用,正式,
MBC013524,正常使用,正式,
MBC013525,正常使用,正式,
MBC013526,正常使用,正式,
MBC013527,正常使用,正式,
MBC013528,正常使用,正式,
MBC013529,正常使用,正式,
MBC013530,正常使用,正式,
MBC013531,正常使用,正式,
MBC013534,正常使用,临时,
MBC013535,正常使用,临时,
MBC013538,正常使用,临时,
MBC013539,正常使用,临时,
MBC013540,正常使用,临时,
MBC013541,正常使用,临时,
MBC013542,正常使用,临时,
MBC013544,正常使用,临时,
MBC013546,正常使用,临时,
MBC013553,正常使用,临时,
MBC013555,正常使用,正式,
MBC013556,正常使用,临时,
MBC013557,正常使用,临时,
MBC013558,正常使用,临时,
MBC013560,正常使用,正式,
MBC013561,正常使用,正式,
MBC013562,正常使用,正式,
MBC013563,正常使用,正式,
MBC013564,正常使用,正式,
MBC013565,正常使用,临时,
MBC013566,正常使用,临时,
MBC013567,正常使用,临时,
MBC013572,正常使用,临时,
MBC013573,正常使用,临时,
MBC013574,正常使用,临时,
MBC013575,正常使用,临时,
MBC013576,正常使用,临时,
MBC013577,正常使用,临时,
MBC013578,正常使用,临时,
MBC013579,正常使用,临时,
MBC013581,正常使用,正式,
MBC013582,正常使用,正式,
MBC013583,正常使用,临时,
MBC013584,正常使用,临时,
MBC013586,正常使用,正式,
MBC013587,正常使用,临时,
MBC013597,正常使用,临时,
MBC013600,正常使用,临时,
MBC013602,正常使用,正式,
MBC013603,正常使用,正式,
MBC013604,正常使用,正式,
MBC013606,正常使用,正式,
MBC013607,正常使用,正式,
MBC013608,正常使用,临时,
MBC013609,正常使用,临时,
MBC013619,正常使用,正式,
MBC013622,正常使用,临时,
MBC013625,正常使用,临时,
MBC013634,正常使用,临时,
MBC013635,正常使用,临时,
MBC013636,正常使用,临时,
MBC013637,正常使用,临时,
MBC013639,正常使用,正式,
MBC013640,正常使用,正式,
MBC013671,正常使用,临时,
MBC013672,正常使用,临时,
MBC013673,正常使用,临时,
MBC013674,正常使用,临时,
MBC013675,正常使用,临时,
MBC013676,正常使用,临时,
MBC013677,正常使用,正式,
MBC013681,正常使用,临时,
MBC013682,正常使用,正式,
MBC013683,正常使用,临时,
MBC013684,正常使用,临时,
MBC013685,正常使用,临时,
MBC013686,正常使用,临时,
MBC013689,正常使用,正式,
MBC013690,正常使用,正式,
MBC013691,正常使用,正式,
MBC013692,正常使用,正式,
MBC013693,正常使用,正式,
MBC013694,正常使用,正式,
MBC013704,正常使用,正式,
MBC013705,正常使用,正式,
MBC013715,正常使用,临时,
MBC013718,正常使用,临时,
MBC013724,正常使用,正式,
MBC013729,正常使用,正式,
MBC013747,正常使用,临时,
MBC013748,正常使用,临时,
MBC013751,正常使用,正式,
MBC013762,正常使用,临时,
MBC013764,正常使用,临时,
MBC013766,正常使用,正式,
MBC013778,正常使用,正式,
MBC013780,正常使用,正式,
MBC013781,正常使用,临时,
MBC013782,正常使用,临时,
MBC013783,正常使用,临时,
MBC013784,正常使用,临时,
MBC013785,正常使用,临时,
MBC013787,正常使用,临时,
MBC013788,正常使用,临时,
MBC013789,正常使用,临时,
MBC013794,正常使用,临时,
MBC013795,正常使用,临时,
MBC013799,正常使用,临时,
MBC013800,正常使用,临时,
MBC013803,正常使用,临时,
MBC013804,正常使用,临时,
MBC013805,正常使用,临时,
MBC013806,正常使用,临时,
MBC013809,正常使用,临时,
MBC013810,正常使用,正式,
MBC013811,正常使用,正式,
MBC013812,正常使用,临时,
MBC013813,正常使用,临时,
MBC013815,正常使用,临时,
MBC013828,正常使用,临时,
MBC013849,正常使用,临时,
MBC013851,正常使用,临时,
MBC013852,正常使用,临时,
MBC013853,正常使用,临时,
MBC013854,正常使用,临时,
MBC013861,正常使用,临时,
MBC013862,正常使用,正式,
MBC013863,正常使用,正式,
MBC013864,正常使用,临时,
MBC013865,正常使用,临时,
MBC013867,正常使用,正式,
MBC013868,正常使用,正式,
MBC013869,正常使用,正式,
MBC013870,正常使用,正式,
MBC013871,正常使用,临时,
MBC013872,正常使用,临时,
MBC013873,正常使用,临时,
MBC013874,正常使用,正式,
MBC013875,正常使用,正式,
MBC013878,正常使用,正式,
MBC013879,正常使用,正式,
MBC013880,正常使用,正式,
MBC013887,正常使用,正式,
MBC013888,正常使用,正式,
MBC013889,正常使用,正式,
MBC013890,正常使用,临时,
MBC013891,正常使用,临时,
MBC013892,正常使用,临时,
MBC013893,正常使用,临时,
MBC013894,正常使用,临时,
MBC013895,正常使用,临时,
MBC013896,正常使用,临时,
MBC013897,正常使用,临时,
MBC013898,正常使用,临时,
MBC013901,正常使用,临时,
MBC013902,正常使用,临时,
MBC013903,正常使用,临时,
MBC013909,正常使用,临时,
MBC013910,正常使用,临时,
MBC013911,正常使用,正式,
MBC013914,正常使用,正式,
MBC013932,正常使用,临时,
MBC013933,正常使用,临时,
MBC013934,正常使用,临时,
MBC013935,正常使用,临时,
MBC013936,正常使用,临时,
MBC013938,正常使用,临时,
MBC013939,正常使用,临时,
MBC013941,正常使用,临时,
MBC013942,正常使用,临时,
MBC013943,正常使用,临时,
MBC013945,正常使用,临时,
MBC013946,正常使用,临时,
MBC013947,正常使用,临时,
MBC013952,正常使用,临时,
MBC013953,正常使用,临时,
MBC013954,正常使用,临时,
MBC013955,正常使用,临时,
MBC013973,正常使用,临时,
MBC013974,正常使用,临时,
MBC020318,正常使用,正式,
MBC020355,禁用，请核查,正式,
MBC020360,正常使用,正式,
MBC020365,正常使用,正式,
MBC020375,取消编码，请核查,禁用,
MBC020376,禁用，请核查,正式,
MBC020399,正常使用,正式,
MBC020425,正常使用,正式,
MBC020439,取消编码，请核查,禁用,
MBC020446,正常使用,正式,
MBC020472,正常使用,正式,
MBC020473,禁用，请核查,正式,
MBC020474,正常使用,正式,
MBC020475,正常使用,正式,
MBC020484,正常使用,正式,
MBC020501,正常使用,临时,
MBC020525,正常使用,正式,
MBC020534,正常使用,正式,
MBC020546,正常使用,正式,
MBC020559,正常使用,正式,
MBC020574,正常使用,正式,
MBC020588,正常使用,正式,
MBC020596,正常使用,正式,
MBC020632,取消编码，请核查,禁用,
MBC020633,正常使用,临时,
MBC020634,正常使用,正式,
MBC020647,正常使用,正式,
MBC020660,正常使用,临时,
MBC020662,取消编码，请核查,禁用,
MBC020663,正常使用,临时,
MBC020666,取消编码，请核查,禁用,
MBC020668,正常使用,正式,
MBC020675,取消编码，请核查,禁用,
MBC020677,正常使用,正式,
MBC020679,正常使用,临时,
MBC020691,正常使用,正式,
MBC020695,正常使用,正式,
MBC020696,正常使用,正式,
MBC020697,正常使用,正式,
MBC020698,正常使用,正式,
MBC020701,正常使用,正式,
MBC020702,正常使用,正式,
MBC020703,正常使用,正式,
MBC020704,正常使用,正式,
MBC020705,正常使用,正式,
MBC020706,正常使用,正式,
MBC020707,正常使用,正式,
MBC020710,正常使用,正式,
MBC020711,正常使用,正式,
MBC020717,禁用，请核查,临时,
MBC020718,正常使用,正式,
MBC020719,正常使用,正式,
MBC020722,正常使用,正式,
MBC020724,正常使用,正式,
MBC020727,正常使用,临时,
MBC020728,正常使用,正式,
MBC020746,正常使用,临时,
MBC020749,正常使用,正式,
MBC020766,禁用，请核查,正式,
MBC020777,取消编码，请核查,禁用,
MBC020784,正常使用,正式,
MBC020786,正常使用,正式,
MBC020787,正常使用,正式,
MBC020791,取消编码，请核查,禁用,
MBC020796,取消编码，请核查,禁用,
MBC020797,取消编码，请核查,禁用,
MBC020798,正常使用,正式,
MBC020803,禁用，请核查,正式,
MBC020813,正常使用,正式,
MBC020814,正常使用,正式,
MBC020815,正常使用,正式,
MBC020816,正常使用,临时,
MBC020817,正常使用,正式,
MBC020822,正常使用,正式,
MBC020841,正常使用,正式,
MBC020853,正常使用,临时,
MBC020870,取消编码，请核查,禁用,
MBC020871,正常使用,正式,
MBC020877,正常使用,正式,
MBC020879,正常使用,正式,
MBC020882,正常使用,正式,
MBC020892,取消编码，请核查,禁用,
MBC020894,禁用，请核查,正式,
MBC020897,正常使用,临时,
MBC020902,正常使用,正式,
MBC020905,正常使用,正式,
MBC020908,正常使用,正式,
MBC020910,正常使用,正式,
MBC020912,禁用，请核查,临时,
MBC020913,取消编码，请核查,禁用,
MBC020914,正常使用,正式,
MBC020915,正常使用,正式,
MBC020916,禁用，请核查,正式,
MBC020920,正常使用,正式,
MBC020923,取消编码，请核查,禁用,
MBC020924,正常使用,正式,
MBC020936,正常使用,正式,
MBC020937,取消编码，请核查,禁用,
MBC020939,正常使用,正式,
MBC020941,正常使用,临时,
MBC020946,禁用，请核查,正式,
MBC020947,正常使用,正式,
MBC020948,正常使用,正式,
MBC020949,正常使用,临时,
MBC020955,正常使用,临时,
MBC020956,正常使用,正式,
MBC020959,取消编码，请核查,禁用,
MBC020971,正常使用,临时,
MBC020975,取消编码，请核查,禁用,
MBC020985,取消编码，请核查,禁用,
MBC020987,正常使用,正式,
MBC020996,正常使用,临时,
MBC020997,取消编码，请核查,禁用,
MBC021011,正常使用,临时,
MBC021015,正常使用,临时,
MBC021018,正常使用,临时,
MBC021019,正常使用,正式,
MBC021022,正常使用,临时,
MBC021026,正常使用,临时,
MBC021027,取消编码，请核查,禁用,
MBC021028,正常使用,正式,
MBC021031,正常使用,正式,
MBC021041,正常使用,临时,
MBC021049,正常使用,临时,
MBC021050,正常使用,正式,
MBC021051,正常使用,正式,
MBC021052,禁用，请核查,正式,
MBC021054,正常使用,临时,
MBC021059,正常使用,正式,
MBC021062,正常使用,正式,
MBC021065,禁用，请核查,临时,
MBC021066,正常使用,正式,
MBC021067,正常使用,临时,
MBC021072,正常使用,正式,
MBC021077,正常使用,临时,
MBC021078,正常使用,正式,
MBC021079,禁用，请核查,正式,
MBC021080,正常使用,临时,
MBC021081,正常使用,正式,
MBC021082,正常使用,正式,
MBC021084,正常使用,临时,
MBC021088,取消编码，请核查,禁用,
MBC021089,正常使用,正式,
MBC021092,正常使用,正式,
MBC021106,禁用，请核查,消耗,
MBC021108,正常使用,临时,
MBC021109,正常使用,正式,
MBC021113,正常使用,正式,
MBC021124,禁用，请核查,临时,
MBC021127,取消编码，请核查,禁用,
MBC021128,正常使用,临时,
MBC021129,正常使用,临时,
MBC021131,正常使用,正式,
MBC021132,正常使用,正式,
MBC021138,禁用，请核查,正式,
MBC021139,正常使用,临时,
MBC021141,正常使用,临时,
MBC021144,正常使用,临时,
MBC021153,正常使用,临时,
MBC021155,正常使用,临时,
MBC021156,取消编码，请核查,禁用,
MBC021161,正常使用,临时,
MBC021163,正常使用,临时,
MBC021175,取消编码，请核查,禁用,
MBC021191,禁用，请核查,正式,
MBC021193,正常使用,正式,
MBC021197,正常使用,临时,
MBC021198,正常使用,正式,
MBC021199,正常使用,临时,
MBC021203,正常使用,临时,
MBC021204,正常使用,临时,
MBC021218,禁用，请核查,正式,
MBC021219,正常使用,临时,
MBC021221,正常使用,正式,
MBC021222,正常使用,正式,
MBC021223,禁用，请核查,临时,
MBC021225,正常使用,临时,
MBC021227,取消编码，请核查,禁用,
MBC021233,正常使用,临时,
MBC021240,正常使用,正式,
MBC021242,取消编码，请核查,禁用,
MBC021244,取消编码，请核查,禁用,
MBC021245,取消编码，请核查,禁用,
MBC021248,正常使用,正式,
MBC021256,正常使用,临时,
MBC021257,禁用，请核查,正式,
MBC021258,正常使用,正式,
MBC021268,禁用，请核查,禁用,
MBC021271,正常使用,正式,
MBC021272,正常使用,正式,
MBC021274,正常使用,正式,
MBC021277,正常使用,正式,
MBC021278,正常使用,正式,
MBC021280,取消编码，请核查,禁用,
MBC021282,禁用，请核查,临时,
MBC021285,正常使用,临时,
MBC021286,正常使用,临时,
MBC021290,正常使用,正式,
MBC021295,降本替代：111215,消耗,
MBC021297,取消编码，请核查,禁用,
MBC021305,正常使用,正式,
MBC021306,正常使用,正式,
MBC021309,正常使用,正式,
MBC021315,正常使用,临时,
MBC021317,正常使用,临时,
MBC021327,禁用，请核查,正式,
MBC021331,正常使用,临时,
MBC021332,正常使用,临时,
MBC021344,正常使用,正式,
MBC021355,正常使用,正式,
MBC021358,正常使用,正式,
MBC021359,正常使用,正式,
MBC021361,禁用，请核查,正式,
MBC021362,正常使用,临时,
MBC021363,取消编码，请核查,禁用,
MBC021373,正常使用,临时,
MBC021375,正常使用,正式,
MBC021377,正常使用,正式,
MBC021379,取消编码，请核查,禁用,
MBC021380,正常使用,临时,
MBC021381,正常使用,临时,
MBC021383,正常使用,临时,
MBC021387,正常使用,正式,
MBC021390,正常使用,临时,
MBC021391,禁用，请核查,正式,
MBC021393,正常使用,临时,
MBC021394,正常使用,正式,
MBC021395,取消编码，请核查,禁用,
MBC021396,取消编码，请核查,禁用,
MBC021407,取消编码，请核查,禁用,
MBC021412,正常使用,临时,
MBC021416,禁用，请核查,临时,
MBC021430,正常使用,临时,
MBC021431,正常使用,临时,
MBC021434,正常使用,临时,
MBC021435,正常使用,正式,
MBC021439,禁用，请核查,正式,
MBC021443,正常使用,临时,
MBC021444,正常使用,临时,
MBC021451,正常使用,临时,
MBC021456,正常使用,临时,
MBC021458,正常使用,临时,
MBC021459,禁用，请核查,临时,
MBC021460,正常使用,临时,
MBC021461,正常使用,临时,
MBC021463,正常使用,临时,
MBC021464,正常使用,临时,
MBC021465,正常使用,临时,
MBC021466,正常使用,正式,
MBC021470,正常使用,正式,
MBC021472,禁用，请核查,临时,
MBC021474,正常使用,临时,
MBC021480,正常使用,临时,
MBC021481,正常使用,临时,
MBC021487,正常使用,临时,
MBC021488,正常使用,临时,
MBC021495,正常使用,正式,
MBC021498,正常使用,临时,
MBC021500,正常使用,临时,
MBC021502,正常使用,临时,
MBC021503,正常使用,正式,
MBC021506,正常使用,临时,
MBC021516,禁用，请核查,正式,
MBC021519,正常使用,临时,
MBC021520,正常使用,临时,
MBC021530,正常使用,临时,
MBC021531,正常使用,临时,
MBC021532,正常使用,临时,
MBC021533,正常使用,临时,
MBC021536,正常使用,临时,
MBC021537,禁用，请核查,正式,
MBC021546,正常使用,临时,
MBC021548,正常使用,正式,
MBC021551,正常使用,正式,
MBC021552,正常使用,临时,
MBC021566,正常使用,正式,
MBC021569,禁用，请核查,正式,
MBC021571,正常使用,临时,
MBC021575,正常使用,正式,
MBC021578,正常使用,正式,
MBC021579,禁用，请核查,临时,
MBC021583,正常使用,临时,
MBC021584,正常使用,临时,
MBC021595,正常使用,临时,
MBC021597,正常使用,临时,
MBC021598,正常使用,正式,
MBC021606,正常使用,临时,
MBC021607,正常使用,临时,
MBC021612,禁用，请核查,正式,
MBC021613,正常使用,正式,
MBC021614,正常使用,正式,
MBC021617,正常使用,临时,
MBC021618,正常使用,临时,
MBC021620,禁用，请核查,正式,
MBC021625,禁用，请核查,临时,
MBC021626,正常使用,临时,
MBC021629,正常使用,临时,
MBC021630,正常使用,临时,
MBC021635,正常使用,正式,
MBC021636,正常使用,临时,
MBC021637,正常使用,临时,
MBC021638,正常使用,临时,
MBC021639,正常使用,临时,
MBC021642,正常使用,临时,
MBC021643,正常使用,临时,
MBC021648,正常使用,正式,
MBC021649,禁用，请核查,正式,
MBC021650,正常使用,临时,
MBC021652,正常使用,临时,
MBC021657,正常使用,正式,
MBC021663,正常使用,临时,
MBC021664,禁用，请核查,临时,
MBC021665,正常使用,正式,
MBC021666,正常使用,正式,
MBC021670,正常使用,正式,
MBC021671,正常使用,临时,
MBC021683,正常使用,临时,
MBC021684,正常使用,临时,
MBC021685,禁用，请核查,禁用,
MBC021686,禁用，请核查,正式,
MBC021693,正常使用,临时,
MBC021694,正常使用,临时,
MBC021695,正常使用,临时,
MBC021696,正常使用,临时,
MBC021697,正常使用,临时,
MBC021698,正常使用,临时,
MBC021699,正常使用,正式,
MBC021700,正常使用,正式,
MBC021701,正常使用,正式,
MBC021702,禁用，请核查,临时,
MBC021703,正常使用,临时,
MBC021711,正常使用,临时,
MBC021717,正常使用,临时,
MBC021721,正常使用,临时,
MBC021724,正常使用,临时,
MBC021725,正常使用,临时,
MBC021733,正常使用,正式,
MBC021735,正常使用,正式,
MBC021736,正常使用,临时,
MBC021747,正常使用,临时,
MBC021748,正常使用,临时,
MBC021752,正常使用,临时,
MBC021756,正常使用,临时,
MBC021757,正常使用,临时,
MBC021760,正常使用,临时,
MBC021764,正常使用,临时,
MBC021770,正常使用,正式,
MBC021773,正常使用,临时,
MBC021774,正常使用,临时,
MBC021775,正常使用,临时,
MBC021776,正常使用,临时,
MBC021780,正常使用,临时,
MBC021781,正常使用,临时,
MBC021783,正常使用,临时,
MBC021784,正常使用,临时,
MBC021785,正常使用,临时,
MBC021786,正常使用,临时,
MBC021787,正常使用,临时,
MBC021788,正常使用,临时,
MBC021789,正常使用,正式,
MBC021790,正常使用,正式,
MBC021791,正常使用,临时,
MBC021792,正常使用,临时,
MBC021800,正常使用,临时,
MBC021801,正常使用,临时,
MBC021803,正常使用,正式,
MBC021805,正常使用,正式,
MBC021808,正常使用,正式,
MBC021809,正常使用,正式,
MBC021810,正常使用,正式,
MBC021811,正常使用,正式,
MBC021814,正常使用,正式,
MBC021815,正常使用,正式,
MBC021816,正常使用,正式,
MBC021817,正常使用,临时,
MBC021820,正常使用,临时,
MBC021821,正常使用,临时,
MBC021822,正常使用,临时,
MBC021827,正常使用,正式,
MBC021829,正常使用,正式,
MBC021831,正常使用,正式,
MBC021835,正常使用,临时,
MBC021836,正常使用,临时,
MBC021840,正常使用,临时,
MBC021842,正常使用,正式,
MBC021843,正常使用,正式,
MBC021856,正常使用,临时,
MBC021857,正常使用,临时,
MBC021858,正常使用,临时,
MBC021860,正常使用,临时,
MBC021861,正常使用,临时,
MBC021870,正常使用,正式,
MBC021871,正常使用,正式,
MBC021872,正常使用,正式,
MBC021875,正常使用,正式,
MBC021876,正常使用,临时,
MBC021881,正常使用,正式,
MBC021883,正常使用,正式,
MBC021884,正常使用,正式,
MBC021885,正常使用,正式,
MBC021886,正常使用,临时,
MBC021888,正常使用,正式,
MBC021889,正常使用,正式,
MBC021890,正常使用,正式,
MBC021891,正常使用,正式,
MBC021894,正常使用,正式,
MBC021895,正常使用,正式,
MBC021900,正常使用,正式,
MBC021901,正常使用,正式,
MBC021903,正常使用,正式,
MBC021913,正常使用,正式,
MBC021914,正常使用,正式,
MBC021917,正常使用,临时,
MBC021918,正常使用,临时,
MBC021919,正常使用,临时,
MBC021920,正常使用,正式,
MBC021921,正常使用,正式,
MBC021926,正常使用,正式,
MBC021927,正常使用,临时,
MBC021929,正常使用,临时,
MBC021930,正常使用,临时,
MBC021932,正常使用,正式,
MBC021937,正常使用,临时,
MBC021942,正常使用,临时,
MBC021943,正常使用,临时,
MBC021944,正常使用,临时,
MBC021945,正常使用,临时,
MBC021946,正常使用,临时,
MBC021948,正常使用,正式,
MBC021949,正常使用,临时,
MBC021950,正常使用,正式,
MBC021951,正常使用,正式,
MBC021953,正常使用,正式,
MBC021954,正常使用,临时,
MBC021962,正常使用,临时,
MBC021963,正常使用,正式,
MBC021964,正常使用,临时,
MBC021965,正常使用,临时,
MBC021966,正常使用,临时,
MBC021968,正常使用,临时,
MBC021973,正常使用,临时,
MBC021974,正常使用,正式,
MBC021983,正常使用,正式,
MBC021988,正常使用,临时,
MBC021989,正常使用,正式,
MBC021994,正常使用,正式,
MBC022000,正常使用,临时,
MBC022004,正常使用,临时,
MBC022005,正常使用,临时,
MBC022006,正常使用,正式,
MBC022008,正常使用,临时,
MBC022009,正常使用,临时,
MBC022011,正常使用,临时,
MBC022012,正常使用,临时,
MBC022013,正常使用,正式,
MBC022014,正常使用,正式,
MBC022015,正常使用,正式,
MBC022020,正常使用,临时,
MBC022027,正常使用,正式,
MBC022029,正常使用,临时,
MBC022030,正常使用,正式,
MBC022032,正常使用,正式,
MBC022033,正常使用,正式,
MBC022034,正常使用,正式,
MBC022035,正常使用,正式,
MBC022036,正常使用,正式,
MBC022037,正常使用,正式,
MBC022047,正常使用,临时,
MBC022048,正常使用,临时,
MBC022049,正常使用,临时,
MBC022050,正常使用,临时,
MBC022051,正常使用,临时,
MBC022052,正常使用,临时,
MBC022054,正常使用,临时,
MBC022055,正常使用,临时,
MBC022058,正常使用,正式,
MBC022060,正常使用,临时,
MBC022061,正常使用,正式,
MBC022062,正常使用,正式,
MBC022067,正常使用,临时,
MBC022068,正常使用,临时,
MBC022071,正常使用,临时,
MBC022073,正常使用,临时,
MBC022075,正常使用,临时,
MBC022078,正常使用,正式,
MBC022079,正常使用,正式,
MBC022082,正常使用,临时,
MBC022084,正常使用,临时,
MBC022088,正常使用,临时,
MBC022090,正常使用,临时,
MBC022091,正常使用,临时,
MBC022092,正常使用,临时,
MBC022093,正常使用,临时,
MBC022094,正常使用,临时,
MBC022095,正常使用,临时,
MBC022096,正常使用,临时,
MBC022097,正常使用,临时,
MBC022098,正常使用,临时,
MBC022099,正常使用,临时,
MBC022100,正常使用,临时,
MBC022101,正常使用,临时,
MBC022102,正常使用,正式,
MBC022103,正常使用,正式,
MBC022104,正常使用,正式,
MBC022105,正常使用,临时,
MBC022124,正常使用,临时,
MBC022125,正常使用,正式,
MBC022126,正常使用,临时,
MBC022128,正常使用,临时,
MBC022132,正常使用,临时,
MBC022133,正常使用,临时,
MBC022135,正常使用,临时,
MBC022136,正常使用,正式,
MBC022137,正常使用,正式,
MBC022151,正常使用,临时,
MBC022152,正常使用,临时,
MBC022156,正常使用,正式,
MBC022157,正常使用,正式,
MBC022160,正常使用,临时,
MBC022161,正常使用,临时,
MBC022162,正常使用,正式,
MBC022163,正常使用,正式,
MBC022170,正常使用,正式,
MBC022175,正常使用,临时,
MBC022176,正常使用,临时,
MBC022177,正常使用,临时,
MBC022178,正常使用,临时,
MBC022179,正常使用,临时,
MBC022180,正常使用,临时,
MBC022181,正常使用,临时,
MBC022182,正常使用,临时,
MBC022183,正常使用,临时,
MBC022185,正常使用,临时,
MBC022187,正常使用,正式,
MBC022189,正常使用,临时,
MBC022190,正常使用,临时,
MBC022191,正常使用,临时,
MBC022200,正常使用,正式,
MBC022208,正常使用,正式,
MBC022210,正常使用,正式,
MBC022217,正常使用,临时,
MBC022219,正常使用,正式,
MBC022228,正常使用,正式,
MBC022229,正常使用,临时,
MBC022230,正常使用,临时,
MBC022232,正常使用,临时,
MBC022234,正常使用,临时,
MBC022236,正常使用,临时,
MBC022237,正常使用,临时,
MBC022238,正常使用,临时,
MBC022239,正常使用,临时,
MBC022241,正常使用,临时,
MBC022254,正常使用,临时,
MBC022255,正常使用,临时,
MBC022259,正常使用,正式,
MBC022261,正常使用,临时,
MBC022264,禁用，替换为MBC021092,禁用,
MBC022265,禁用，替换为MBC021091,禁用,
MBC022266,正常使用,临时,
MBC022268,正常使用,正式,
MBC022269,正常使用,正式,
MBC022270,正常使用,正式,
MBC022271,正常使用,正式,
MBC022275,正常使用,临时,
MBC022284,正常使用,临时,
MBC022286,正常使用,正式,
MBC022287,正常使用,临时,
MBC022318,正常使用,临时,
MBC022319,正常使用,临时,
MBC022322,正常使用,临时,
MBC022324,正常使用,临时,
MBC022325,正常使用,临时,
MBC022326,正常使用,正式,
MBC022328,正常使用,正式,
MBC022329,正常使用,临时,
MBC022334,正常使用,临时,
MBC022338,正常使用,临时,
MBC022343,正常使用,临时,
MBC022344,正常使用,临时,
MBC022346,正常使用,临时,
MBC022347,正常使用,临时,
MBC022348,正常使用,临时,
MBC022349,正常使用,临时,
MBC022352,正常使用,临时,
MBC022361,正常使用,临时,
MBC030036,正常使用,正式,
MBC030057,正常使用,正式,
MBC030072,正常使用,正式,
MBC030073,正常使用,正式,
MBC030074,正常使用,正式,
MBC030075,正常使用,正式,
MBC030076,正常使用,临时,
MBC030077,正常使用,临时,
MBC030078,正常使用,正式,
MBC030115,正常使用,正式,
MBC030120,正常使用,临时,
MBC030133,取消编码，请核查,禁用,
MBC030139,消耗，请核查,消耗,
MBC030169,正常使用,临时,
MBC030170,正常使用,临时,
MBC030180,正常使用,临时,
MBC030215,取消编码，请核查,禁用,
MBC030223,正常使用,临时,
MBC030224,正常使用,正式,
MBC030225,正常使用,临时,
MBC030261,正常使用,正式,
MBC030276,消耗，请核查,消耗,
MBC030277,消耗，请核查,消耗,
MBC030287,正常使用,正式,
MBC030293,取消编码，请核查,禁用,
MBC030335,正常使用,临时,
MBC030420,正常使用,临时,
MBC030421,正常使用,临时,
MBC030425,正常使用,正式,
MBC030432,消耗，请核查,消耗,
MBC030433,消耗，请核查,消耗,
MBC030436,正常使用,临时,
MBC030447,正常使用,正式,
MBC030449,正常使用,正式,
MBC030450,正常使用,正式,
MBC030451,正常使用,正式,
MBC030453,正常使用,临时,
MBC030461,正常使用,正式,
MBC030462,正常使用,正式,
MBC030463,正常使用,正式,
MBC030467,正常使用,正式,
MBC030468,正常使用,正式,
MBC030476,正常使用,正式,
MBC030477,正常使用,正式,
MBC030478,正常使用,正式,
MBC030479,正常使用,正式,
MBC030480,正常使用,正式,
MBC030481,正常使用,正式,
MBC030485,正常使用,正式,
MBC030486,正常使用,正式,
MBC030487,正常使用,临时,
MBC030488,正常使用,临时,
MBC030496,正常使用,临时,
MBC030497,正常使用,临时,
MBC030498,正常使用,临时,
MBC030503,正常使用,临时,
MBC030505,正常使用,临时,
MBC030506,正常使用,临时,
MBC030507,正常使用,临时,
MBC030508,正常使用,临时,
MBC030509,正常使用,临时,
MBC030510,正常使用,临时,
MBC030511,正常使用,临时,
MBC030512,正常使用,临时,
MBC030513,正常使用,临时,
MBC030514,正常使用,正式,
MBC030517,正常使用,临时,
MBC030522,正常使用,临时,
MBC030523,正常使用,临时,
MBC030524,正常使用,临时,
MBC030525,正常使用,临时,
MBC030526,正常使用,临时,
MBC030527,正常使用,临时,
MBC030528,正常使用,临时,
MBC030529,正常使用,临时,
MBC030530,正常使用,临时,
MBC030531,正常使用,临时,
MBC030538,正常使用,临时,
MBC030539,正常使用,临时,
MBC030555,正常使用,正式,
MBC030556,正常使用,正式,
MBC030557,正常使用,正式,
MBC030558,正常使用,正式,
MBC030566,正常使用,正式,
MBC060011,正常使用,正式,
MBC060012,正常使用,正式,
MBC060023,正常使用,正式,
MBC070009,正常使用,正式,
MBC120016,正常使用,正式,
MBC120032,正常使用,正式,
MBC120035,正常使用,正式,
MBC120036,正常使用,临时,
MBC120037,正常使用,正式,
MBC120038,正常使用,正式,
MBC150250,取消编码，请核查,禁用,
MBC150251,取消编码，请核查,禁用,
MBC150252,正常使用,临时,
MBC150253,正常使用,临时,
MBC150266,正常使用,临时,
MBC150267,正常使用,临时,
MBC150268,正常使用,临时,
MBC150294,正常使用,临时,
MBC150295,正常使用,临时,
MBC150303,正常使用,临时,
MBC150304,正常使用,正式,
MBC150366,正常使用,临时,
MBC150367,正常使用,临时,
MBC150399,正常使用,临时,
MBC150400,正常使用,临时,
MBC150418,正常使用,临时,
MBC150419,正常使用,临时,
MBC150706,正常使用,临时,
MBC150707,正常使用,临时,
MBC150762,正常使用,临时,
MBC150763,正常使用,临时,
MBC150764,正常使用,临时,
MBC150765,正常使用,临时,
MBC150783,正常使用,临时,
MBC150831,正常使用,临时,
MBC150832,正常使用,临时,
MBC150833,正常使用,临时,
MBC150839,正常使用,正式,
MBC150848,正常使用,正式,
MBC150850,正常使用,临时,
MBC150862,正常使用,临时,
MBC150863,正常使用,临时,
MBC150864,正常使用,临时,
MBC150865,正常使用,临时,
MBC150866,正常使用,临时,
MBC150870,正常使用,临时,
MBC150871,正常使用,临时,
MBC150873,正常使用,临时,
MBC190001,正常使用,临时,
MBC190002,正常使用,临时,
MBC190003,正常使用,临时,
MBC190004,正常使用,临时,
MBC190011,正常使用,临时,
MBC190013,正常使用,正式,
MBC190014,正常使用,正式,
MBC190016,正常使用,正式,
MBC190017,正常使用,正式,
MBC190019,正常使用,正式,
MBC190021,正常使用,临时,
MBC190025,正常使用,临时,
MBC190028,正常使用,临时,
MBC190029,正常使用,临时,
MBC190030,正常使用,临时,
MBC190031,正常使用,临时,
MBC190032,正常使用,临时,
MBC190034,正常使用,临时,
MBC190035,正常使用,临时,
MBC190036,正常使用,临时,
MBC190037,正常使用,临时,
MBC190038,正常使用,临时,
MBC190041,正常使用,临时,
MBC190042,正常使用,正式,
MBC190045,正常使用,临时,
MBC190046,正常使用,正式,
MBC190047,正常使用,临时,
MBC190048,正常使用,临时,
MBC190049,正常使用,临时,
MBC190051,正常使用,临时,
MBC190053,正常使用,正式,
MBC190054,正常使用,正式,
MBC190067,正常使用,正式,
MBC190071,正常使用,正式,
MBC190079,正常使用,临时,
MBC190081,正常使用,临时,
MBC190082,正常使用,临时,
MBC190083,正常使用,正式,
MBC190092,正常使用,正式,
MBC190102,正常使用,临时,
MBC190103,正常使用,临时,
MBC190105,正常使用,临时,
MBC190109,正常使用,临时,
MBC190111,正常使用,正式,
MBC190112,正常使用,正式,
MBC190119,正常使用,正式,
MBC190121,正常使用,临时,
MBC190122,正常使用,正式,
MBC190124,正常使用,正式,
MBC190126,正常使用,正式,
MBC190129,正常使用,临时,
MBC190130,正常使用,临时,
MBC190131,正常使用,正式,
MBC190132,正常使用,正式,
MBC190139,正常使用,临时,
MBC190140,正常使用,临时,
MBC190141,正常使用,临时,
MBC190142,正常使用,临时,
MBC190143,正常使用,临时,
MBC190146,正常使用,临时,
MBC190154,正常使用,临时,
MBC190159,正常使用,临时,
MBC190163,正常使用,临时,
MBC190164,正常使用,临时,
MBC190166,正常使用,临时,
MBC190173,正常使用,临时,
MBC190174,正常使用,临时,
MBC190175,正常使用,临时,
MBC190176,正常使用,临时,
MBC190177,正常使用,正式,
MBC190178,正常使用,正式,
MBC190179,正常使用,临时,
MBC190180,正常使用,临时,
MBC190181,正常使用,临时,
MBC190184,正常使用,临时,
MBC190185,正常使用,临时,
MBC190186,正常使用,临时,
MBC190187,正常使用,临时,
MBC190189,正常使用,临时,
MBC190192,正常使用,正式,
MBC190193,正常使用,临时,
MBC190194,正常使用,临时,
MBC190195,正常使用,正式,
MBC190198,正常使用,正式,
MBC190199,正常使用,正式,
MBC190200,正常使用,临时,
MBC190201,正常使用,临时,
MBC190202,正常使用,临时,
MBC190204,正常使用,临时,
MBC190206,正常使用,临时,
MBC190208,正常使用,临时,
MBC190209,正常使用,临时,
MBC190212,正常使用,临时,
MBC190214,正常使用,临时,
MBC190216,正常使用,临时,
MBC190218,正常使用,临时,
MBC190219,正常使用,临时,
MBC190220,正常使用,临时,
MBC190221,正常使用,临时,
MBC190222,正常使用,临时,
MBC190223,正常使用,临时,
MBC190224,正常使用,正式,
MBC190225,正常使用,正式,
MBC190226,正常使用,临时,
MBC190227,正常使用,正式,
MBC190228,正常使用,临时,
MBC190230,正常使用,正式,
MBC190231,正常使用,临时,
MBC190232,正常使用,正式,
MBC190233,正常使用,临时,
MBC190234,正常使用,临时,
MBC190235,正常使用,临时,
MBC190236,正常使用,临时,
MBC190237,正常使用,临时,
MBC190238,正常使用,临时,
MBC190239,正常使用,临时,
MBC190240,正常使用,正式,
MBC190241,正常使用,正式,
MBC190242,正常使用,正式,
MBC190243,正常使用,临时,
MBC190244,正常使用,临时,
MBC190245,正常使用,临时,
MBC190246,正常使用,临时,
MBC190247,正常使用,正式,
MBC190248,正常使用,临时,
MBC190249,正常使用,正式,
MBC190250,正常使用,临时,
MBC190251,正常使用,临时,
MBC190252,正常使用,临时,
MBC190253,正常使用,临时,
MBC190262,正常使用,正式,
MBC190265,正常使用,临时,
MBC190266,正常使用,临时,
MBC190267,正常使用,临时,
MBC190268,正常使用,临时,
MBC190269,正常使用,临时,
MBC190270,正常使用,临时,
MBC190271,正常使用,临时,
MBC190272,正常使用,临时,
MBC190273,正常使用,临时,
MBC190274,正常使用,临时,
MBC190275,正常使用,临时,
MBC190276,正常使用,临时,
MBC190277,正常使用,临时,
MBC190278,正常使用,临时,
MBC190279,正常使用,临时,
MBC190280,正常使用,临时,
MBC190281,正常使用,临时,
MBC190282,正常使用,临时,
MBC190283,正常使用,临时,
MBC190284,正常使用,临时,
MBC190285,正常使用,临时,
MBC190286,正常使用,临时,
MBC190287,正常使用,临时,
MBC190288,正常使用,临时,
MBC190289,正常使用,临时,
MBC190290,正常使用,临时,
MBC190291,正常使用,临时,
MBC190292,正常使用,临时,
MBC190293,正常使用,临时,
MBC190294,正常使用,临时,
MBC190295,正常使用,临时,
MBC190296,正常使用,临时,
MBC190297,正常使用,临时,
MBC190298,正常使用,临时,
MBC190299,正常使用,临时,
MBC190302,正常使用,临时,
MBC190315,正常使用,临时,
MBC190322,正常使用,正式,
MBC190324,正常使用,正式,
MBC190326,正常使用,正式,
MBC190328,正常使用,临时,
MBC190333,正常使用,临时,
MBC190334,正常使用,临时,
MBC190335,正常使用,临时,
MBC190336,正常使用,临时,
MBC200035,正常使用,临时,
MBC200044,正常使用,临时,
MBC200052,正常使用,临时,
MBC200054,正常使用,临时,
MBC200104,正常使用,临时,
MBC200164,正常使用,临时,
MBC200177,正常使用,临时,
MBC200188,正常使用,正式,
MBC200217,正常使用,临时,
MBC200221,正常使用,临时,
MBC200231,正常使用,临时,
MBC200249,正常使用,临时,
MBC200278,正常使用,临时,
MBC200307,正常使用,临时,
MBC200323,正常使用,临时,
MBC200342,正常使用,临时,
MBC200343,正常使用,临时,
MBC200347,正常使用,临时,
MBC200348,正常使用,临时,
MBC200370,正常使用,临时,
MBC200373,正常使用,临时,
MBC200375,正常使用,临时,
MBC200379,正常使用,临时,
MBC200398,正常使用,临时,
MBC200403,正常使用,临时,
MBL010481,正常使用,正式,
MBL010483,正常使用,临时,
MBL010486,正常使用,正式,
MBL010512,正常使用,正式,
MBL010555,正常使用,临时,
MBL010556,取消编码，请核查,禁用,
MBL010557,正常使用,临时,
MBL010558,正常使用,临时,
MBL010559,正常使用,临时,
MBL010560,正常使用,正式,
MBL010561,正常使用,临时,
MBL010563,正常使用,临时,
MBL010567,改成MBL010486,正式,
MBL010568,正常使用,临时,
MBL010570,正常使用,正式,
MBL010574,正常使用,正式,
MBL010576,正常使用,临时,
MBL010620,正常使用,临时,
MBL010629,正常使用,临时,
MBL010664,正常使用,临时,
MBL010677,正常使用,临时,
MBL010678,正常使用,临时,
MBL010679,正常使用,临时,
MBL010680,正常使用,临时,
MBL010681,正常使用,临时,
MBL010682,正常使用,临时,
MBL010722,正常使用,临时,
MBL010733,正常使用,正式,
MBL020020,正常使用,正式,
MBL020070,正常使用,正式,
MBL020104,正常使用,临时,
MBL020105,正常使用,正式,
MBL020106,正常使用,正式,
MBL030034,取消编码，请核查,禁用,
MBL030035,禁用，请核查,禁用,
MBL030036,正常使用,正式,
MBL030037,取消编码，请核查,禁用,
MBL030064,升级替代为MBL030064,正式,
MBL030070,正常使用,正式,
MBL030084,正常使用,正式,
MBL030095,取消编码，请核查,禁用,
MBL030120,正常使用,临时,
MBL030145,正常使用,正式,
MBZ040138,禁用，请核查,正式,
MDL010869,正常使用,正式,
MDL010870,正常使用,正式,
MDL010871,正常使用,正式,
MDL010872,正常使用,正式,
MDL010873,正常使用,正式,
MDL010874,正常使用,正式,
MDL010875,正常使用,正式,
MDL010876,正常使用,正式,
MDL010877,正常使用,正式,
MDL010878,正常使用,正式,
MDL010879,正常使用,正式,
MDL010880,正常使用,正式,
MDL010881,正常使用,正式,
MDL010882,正常使用,正式,
MDL010883,正常使用,正式,
MDL010884,正常使用,正式,
MDL010885,正常使用,正式,
MDL010886,正常使用,正式,
MDL010887,正常使用,正式,
MDL010888,正常使用,正式,
MDL010889,正常使用,正式,
MDL010890,正常使用,正式,
MDL010891,正常使用,正式,
MDL010892,正常使用,正式,
MDL010893,正常使用,正式,
MDL010894,正常使用,正式,
MDL010895,正常使用,正式,
MDL010896,正常使用,正式,
MDL010897,正常使用,正式,
MDL010898,正常使用,正式,
MDL010899,正常使用,正式,
MDL010900,正常使用,正式,
MDL010901,正常使用,正式,
MDL010902,正常使用,正式,
MDL010903,正常使用,正式,
MDL010904,正常使用,正式,
MDL010905,正常使用,正式,
MDL010906,正常使用,正式,
MDL010907,正常使用,正式,
MDL010908,正常使用,正式,
MDL010909,正常使用,正式,
MDL010910,正常使用,正式,
MDL010911,正常使用,正式,
MDL010912,正常使用,正式,
MDL010913,正常使用,正式,
MDL010914,正常使用,正式,
MDL010915,正常使用,正式,
MDL010916,正常使用,正式,
MDL010917,正常使用,正式,
MDL010918,正常使用,正式,
MDL010919,正常使用,正式,
MDL010920,正常使用,正式,
MDL010921,正常使用,正式,
MDL010922,正常使用,正式,
MDL010923,正常使用,正式,
MDL010924,正常使用,正式,
MDL010925,正常使用,正式,
MDL010926,正常使用,正式,
MDL010927,正常使用,正式,
MDL010928,正常使用,正式,
MDL010929,正常使用,正式,
MDL010930,正常使用,正式,
MDL010931,正常使用,正式,
MDL010932,正常使用,正式,
MDL010933,正常使用,正式,
MDL010934,正常使用,正式,
MDL010935,正常使用,正式,
MDL010936,正常使用,正式,
MDL010937,正常使用,正式,
MDL010938,取消编码，请核查,禁用,
MDL010939,取消编码，请核查,禁用,
MDL010940,取消编码，请核查,禁用,
MDL010941,正常使用,正式,
MDL010942,正常使用,正式,
MDL010943,正常使用,正式,
MDL010944,正常使用,正式,
MDL010945,正常使用,正式,
MDL010946,正常使用,正式,
MDL010947,正常使用,正式,
MDL010948,正常使用,正式,
MDL010949,正常使用,正式,
MDL010950,正常使用,正式,
MDL010951,正常使用,正式,
MDL010952,正常使用,正式,
MDL010953,正常使用,正式,
MDL010954,正常使用,正式,
MDL010955,正常使用,正式,
MDL010956,正常使用,正式,
MDL010957,正常使用,正式,
MDL010958,正常使用,正式,
MDL010959,正常使用,正式,
MDL010960,正常使用,正式,
MDL010961,正常使用,正式,
MDL010962,正常使用,正式,
MDL010963,正常使用,正式,
MDL010964,正常使用,正式,
MDL010965,正常使用,正式,
MDL010966,正常使用,正式,
MDL010967,正常使用,正式,
MDL010968,正常使用,正式,
MDL010969,正常使用,正式,
MDL010970,正常使用,正式,
MDL010971,正常使用,正式,
MDL010972,正常使用,正式,
MDL010973,正常使用,正式,
MDL010974,正常使用,正式,
MDL010975,正常使用,正式,
MDL010976,正常使用,正式,
MDL010977,正常使用,正式,
MDL010978,正常使用,正式,
MDL010979,正常使用,正式,
MDL010980,正常使用,正式,
MDL010981,正常使用,正式,
MDL010982,正常使用,正式,
MDL010983,正常使用,正式,
MDL010984,正常使用,正式,
MDL010985,正常使用,正式,
MDL010986,正常使用,正式,
MDL010987,正常使用,正式,
MDL010988,正常使用,正式,
MDL010989,正常使用,正式,
MDL010990,正常使用,正式,
MDL010991,正常使用,正式,
MDL010992,正常使用,正式,
MDL010993,正常使用,正式,
MDL010994,正常使用,正式,
MDL010995,正常使用,正式,
MDL010996,正常使用,正式,
MDL010997,正常使用,正式,
MDL010998,正常使用,正式,
MDL010999,正常使用,正式,
MDL011000,正常使用,正式,
MDL011001,正常使用,正式,
MDL011002,正常使用,正式,
MDL011003,正常使用,正式,
MDL011004,正常使用,正式,
MDL011005,正常使用,正式,
MDL011006,正常使用,正式,
MDL011007,正常使用,正式,
MDL011008,正常使用,正式,
MDL011020,正常使用,临时,
MDL011021,正常使用,临时,
MDL011022,正常使用,正式,
MDL011023,正常使用,正式,
MDL011024,正常使用,临时,
MDL011025,正常使用,临时,
MDL011026,正常使用,临时,
MDL011027,正常使用,正式,
MDL011028,正常使用,临时,
MDL011029,正常使用,临时,
MDL011030,正常使用,临时,
MDL011031,正常使用,临时,
MDL011032,正常使用,临时,
MDL011033,正常使用,临时,
MDL011034,正常使用,临时,
MDL011035,正常使用,正式,
MDL011036,正常使用,临时,
MDL011037,正常使用,临时,
MDL011038,正常使用,临时,
MDL011039,正常使用,临时,
MDL011040,正常使用,正式,
MDL011041,正常使用,正式,
MDL011042,正常使用,临时,
MDL011043,正常使用,临时,
MDL011044,正常使用,临时,
MDL011045,正常使用,临时,
MDL011046,正常使用,临时,
MDL011047,正常使用,临时,
MDL011048,正常使用,临时,
MDL011049,正常使用,临时,
MDL011050,正常使用,正式,
MDL011051,正常使用,临时,
MDL011052,正常使用,临时,
MDL011053,正常使用,临时,
MDL011054,正常使用,临时,
MDL011055,正常使用,临时,
MDL011056,正常使用,临时,
MDL011057,正常使用,临时,
MDL011058,正常使用,临时,
MDL011059,正常使用,正式,
MDL011060,正常使用,临时,
MDL011061,正常使用,临时,
MDL011062,正常使用,临时,
MDL011063,正常使用,临时,
MDL011064,正常使用,临时,
MDL011065,正常使用,临时,
MDL011066,正常使用,正式,
MDL011067,正常使用,临时,
MDL011068,正常使用,临时,
MDL011069,正常使用,临时,
MDL011070,正常使用,临时,
MDL011071,正常使用,临时,
MDL011072,正常使用,临时,
MDL011073,正常使用,临时,
MDL011074,正常使用,临时,
MDL011075,正常使用,临时,
MDL011076,正常使用,临时,
MDL011077,正常使用,临时,
MDL011078,正常使用,临时,
MDL011079,正常使用,临时,
MDL011080,正常使用,正式,
MDL011081,正常使用,临时,
MDL011082,正常使用,临时,
MDL011083,正常使用,临时,
MDL011084,正常使用,临时,
MDL011085,正常使用,临时,
MDL011086,正常使用,临时,
MDL011087,正常使用,临时,
MDL011088,正常使用,临时,
MDL011089,正常使用,临时,
MDL011090,正常使用,临时,
MDL011091,正常使用,临时,
MDL011092,正常使用,临时,
MDL011093,正常使用,正式,
MDL011094,正常使用,正式,
MDL011095,正常使用,临时,
MDL011096,正常使用,临时,
MDL011097,正常使用,正式,
MDL011098,正常使用,临时,
MDL011099,正常使用,临时,
MDL011100,正常使用,正式,
MDL011101,正常使用,正式,
MDL011102,正常使用,正式,
MDL011103,正常使用,正式,
MDL011104,正常使用,临时,
MDL011105,正常使用,正式,
MDL011106,正常使用,正式,
MDL011107,正常使用,正式,
MDL011108,正常使用,临时,
MDL011109,正常使用,临时,
MDL011110,正常使用,临时,
MDL011111,正常使用,临时,
MDL011112,正常使用,临时,
MDL011113,正常使用,临时,
MDL011114,正常使用,临时,
MDL011115,正常使用,临时,
MDL011116,正常使用,临时,
MDL011117,正常使用,临时,
MDL011118,正常使用,临时,
MDL011119,正常使用,临时,
MDL011120,正常使用,临时,
MDL011121,正常使用,临时,
MDL011122,正常使用,正式,
MDL011123,正常使用,正式,
MDL011124,正常使用,临时,
MDL011125,正常使用,正式,
MDL011126,正常使用,正式,
MDL011127,正常使用,正式,
MDL011128,正常使用,正式,
MDL011129,正常使用,临时,
MDL011130,正常使用,正式,
MDL011131,正常使用,正式,
MDL011132,正常使用,临时,
MDL011133,正常使用,临时,
MDL011134,正常使用,临时,
MDL011135,正常使用,正式,
MDL011136,正常使用,临时,
MDL011137,正常使用,正式,
MDL011138,正常使用,正式,
MDL011139,正常使用,临时,
MDL011140,正常使用,正式,
MDL011141,正常使用,临时,
MDL011142,正常使用,正式,
MDL011143,正常使用,临时,
MDL011144,正常使用,正式,
MDL011145,正常使用,正式,
MDL011146,正常使用,正式,
MDL011147,正常使用,正式,
MDL011148,正常使用,正式,
MDL011149,正常使用,正式,
MDL011150,正常使用,临时,
MDL011151,正常使用,正式,
MDL011152,正常使用,临时,
MDL011153,正常使用,正式,
MDL011154,正常使用,临时,
MDL011155,正常使用,临时,
MDL011156,正常使用,正式,
MDL011157,正常使用,临时,
MDL011158,正常使用,正式,
MDL011159,正常使用,正式,
MDL011160,正常使用,正式,
MDL011161,正常使用,正式,
MDL011162,正常使用,正式,
MDL011163,正常使用,临时,
MDL011164,正常使用,正式,
MDL011165,正常使用,正式,
MDL011166,正常使用,正式,
MDL011167,正常使用,临时,
MDL011168,正常使用,正式,
MDL011169,正常使用,正式,
MDL011170,正常使用,正式,
MDL011171,正常使用,正式,
MDL011172,正常使用,正式,
MDL011173,正常使用,正式,
MDL011174,正常使用,临时,
MDL011175,正常使用,临时,
MDL011176,正常使用,临时,
MDL011177,正常使用,临时,
MDL011178,正常使用,临时,
MDL011179,正常使用,临时,
MDL011180,正常使用,临时,
MDL011181,正常使用,正式,
MDL011182,正常使用,正式,
MDL011183,正常使用,正式,
MDL011184,正常使用,正式,
MDL011185,正常使用,正式,
MDL011186,正常使用,正式,
MDL011187,正常使用,正式,
MDL011188,正常使用,正式,
MDL011189,正常使用,正式,
MDL011190,正常使用,正式,
MDL011191,正常使用,正式,
MDL011192,正常使用,正式,
MDL011193,正常使用,正式,
MDL011194,正常使用,临时,
MDL011195,正常使用,临时,
MDL011196,正常使用,临时,
MDL011197,正常使用,临时,
MDL011198,正常使用,临时,
MDL011199,正常使用,临时,
MDL011200,正常使用,临时,
MDL011201,正常使用,临时,
MDL011202,正常使用,临时,
MDL011203,正常使用,临时,
MDL011204,正常使用,临时,
MDL011205,正常使用,临时,
MDL011206,正常使用,临时,
MDL011207,正常使用,临时,
MDL011208,正常使用,临时,
MDL011209,正常使用,正式,
MDL011210,正常使用,临时,
MDL011211,正常使用,正式,
MDL011212,正常使用,临时,
MDL011213,正常使用,临时,
MDL011214,正常使用,正式,
MDL011215,正常使用,正式,
MDL011216,正常使用,正式,
MDL011217,正常使用,正式,
MDL011218,消耗，请核查,消耗,
MDL011219,消耗，请核查,消耗,
MDL011220,消耗，请核查,消耗,
MDL011221,消耗，请核查,消耗,
MDL011222,消耗，请核查,消耗,
MDL011223,消耗，请核查,消耗,
MDL011224,消耗，请核查,消耗,
MDL011225,消耗，请核查,消耗,
MDL011226,消耗，请核查,消耗,
MDL011227,取消编码，请核查,禁用,
MDL011228,消耗，请核查,消耗,
MDL011229,消耗，请核查,消耗,
MDL011230,消耗，请核查,消耗,
MDL011231,消耗，请核查,消耗,
MDL011232,消耗，请核查,消耗,
MDL011233,取消编码，请核查,禁用,
MDL011234,消耗，请核查,消耗,
MDL011235,消耗，请核查,消耗,
MDL011236,消耗，请核查,消耗,
MDL011237,取消编码，请核查,禁用,
MDL011238,消耗，请核查,消耗,
MDL011239,消耗，请核查,消耗,
MDL011240,消耗，请核查,消耗,
MDL011241,消耗，请核查,消耗,
MDL011242,禁用，请核查,禁用,
MDL011243,消耗，请核查,消耗,
MDL011244,消耗，请核查,消耗,
MDL011245,禁用，请核查,禁用,
MDL011246,消耗，请核查,消耗,
MDL011247,消耗，请核查,消耗,
MDL011248,消耗，请核查,消耗,
MDL011249,消耗，请核查,消耗,
MDL011250,消耗，请核查,消耗,
MDL011251,取消编码，请核查,禁用,
MDL011252,消耗，请核查,消耗,
MDL011253,消耗，请核查,消耗,
MDL011254,消耗，请核查,消耗,
MDL011255,消耗，请核查,消耗,
MDL011256,消耗，请核查,消耗,
MDL011257,消耗，请核查,消耗,
MDL011258,禁用，请核查,禁用,
MDL011259,取消编码，请核查,禁用,
MDL011260,消耗，请核查,消耗,
MDL011261,消耗，请核查,消耗,
MDL011262,消耗，请核查,消耗,
MDL011263,消耗，请核查,消耗,
MDL011264,消耗，请核查,消耗,
MDL011265,消耗，请核查,消耗,
MDL011266,消耗，请核查,消耗,
MDL011267,消耗，请核查,消耗,
MDL011268,消耗，请核查,消耗,
MDL011269,消耗，请核查,消耗,
MDL011270,消耗，请核查,消耗,
MDL011271,消耗，请核查,消耗,
MDL011272,消耗，请核查,消耗,
MDL011273,消耗，请核查,消耗,
MDL011274,消耗，请核查,消耗,
MDL011275,消耗，请核查,消耗,
MDL011276,消耗，请核查,消耗,
MDL011277,消耗，请核查,消耗,
MDL011278,消耗，请核查,消耗,
MDL011279,消耗，请核查,消耗,
MDL011280,取消编码，请核查,禁用,
MDL011281,消耗，请核查,消耗,
MDL011282,消耗，请核查,消耗,
MDL011283,消耗，请核查,消耗,
MDL011284,消耗，请核查,消耗,
MDL011285,取消编码，请核查,禁用,
MDL011286,消耗，请核查,消耗,
MDL011287,取消编码，请核查,禁用,
MDL011288,消耗，请核查,消耗,
MDL011289,消耗，请核查,消耗,
MDL011290,消耗，请核查,消耗,
MDL011291,消耗，请核查,消耗,
MDL011292,消耗，请核查,消耗,
MDL011293,取消编码，请核查,禁用,
MDL011294,取消编码，请核查,禁用,
MDL011295,取消编码，请核查,禁用,
MDL011296,消耗，请核查,消耗,
MDL011297,消耗，请核查,消耗,
MDL011298,取消编码，请核查,禁用,
MDL011299,消耗，请核查,消耗,
MDL011300,取消编码，请核查,禁用,
MDL011301,取消编码，请核查,禁用,
MDL011302,取消编码，请核查,禁用,
MDL011303,取消编码，请核查,禁用,
MDL011304,消耗，请核查,消耗,
MDL011305,取消编码，请核查,禁用,
MDL011306,正常使用,临时,
MDL011307,正常使用,临时,
MDL011308,正常使用,临时,
MDL011309,正常使用,临时,
MDL011310,正常使用,临时,
MDL011311,正常使用,临时,
MDL011312,正常使用,临时,
MDL011313,正常使用,临时,
MDL011314,正常使用,临时,
MDL011315,正常使用,临时,
MDL011316,正常使用,临时,
MDL011317,正常使用,临时,
MDL011318,正常使用,临时,
MDL011319,正常使用,临时,
MDL011320,正常使用,临时,
MDL011321,正常使用,临时,
MDL011322,正常使用,临时,
MDL011323,正常使用,临时,
MDL011324,正常使用,临时,
MDL011325,正常使用,临时,
MDL011326,正常使用,临时,
MDL011327,正常使用,临时,
MDL011328,正常使用,临时,
MDL011329,正常使用,临时,
MDL011330,正常使用,临时,
MDL011331,正常使用,临时,
MDL011332,正常使用,临时,
MDL011333,正常使用,临时,
MDL011334,正常使用,临时,
MDL011335,正常使用,临时,
MDL011336,正常使用,临时,
MDL011337,正常使用,临时,
MDL011338,正常使用,临时,
MDL011339,正常使用,临时,
MDL011340,正常使用,临时,
MDL011341,正常使用,临时,
MDL011342,正常使用,临时,
MDL011343,正常使用,临时,
MDL011344,正常使用,临时,
MDL011345,正常使用,临时,
MDL011346,正常使用,临时,
MDL011347,正常使用,临时,
MDL011348,正常使用,临时,
MDL011349,正常使用,临时,
MDL011352,正常使用,正式,
MDL011353,正常使用,临时,
MDL011354,正常使用,正式,
MDL011355,正常使用,临时,
MDL011356,正常使用,临时,
MDL011357,正常使用,正式,
MDL011358,正常使用,正式,
MDL011359,正常使用,正式,
MDL011360,正常使用,正式,
MDL011361,正常使用,正式,
MDL011362,正常使用,正式,
MDL011363,正常使用,正式,
MDL011364,正常使用,正式,
MDL011365,正常使用,临时,
MDL011366,正常使用,正式,
MDL011367,正常使用,临时,
MDL011368,正常使用,正式,
MDL011369,正常使用,正式,
MDL011370,正常使用,正式,
MDL011371,正常使用,临时,
MDL011372,正常使用,正式,
MDL011373,正常使用,正式,
MDL011374,正常使用,临时,
MDL011375,正常使用,临时,
MDL011376,正常使用,临时,
MDL011377,正常使用,临时,
MDL011378,正常使用,正式,
MDL011379,正常使用,临时,
MDL011380,正常使用,临时,
MDL011381,正常使用,临时,
MDL011382,正常使用,临时,
MDL011383,正常使用,正式,
MDL011384,正常使用,临时,
MDL011385,正常使用,临时,
MDL011386,正常使用,临时,
MDL011387,正常使用,正式,
MDL011388,正常使用,正式,
MDL011389,正常使用,临时,
MDL011390,正常使用,临时,
MDL011391,正常使用,临时,
MDL011392,正常使用,临时,
MDL011393,正常使用,临时,
MDL011394,正常使用,临时,
MDL011395,正常使用,正式,
MDL011396,正常使用,临时,
MDL011397,正常使用,临时,
MDL011398,正常使用,临时,
MDL011399,正常使用,临时,
MDL011400,正常使用,临时,
MDL011401,正常使用,临时,
MDL011402,正常使用,正式,
MDL011403,正常使用,正式,
MDL011404,正常使用,正式,
MDL011405,正常使用,临时,
MDL011406,正常使用,临时,
MDL011407,正常使用,临时,
MDL011408,正常使用,临时,
MDL011409,正常使用,正式,
MDL011410,正常使用,临时,
MDL011411,正常使用,临时,
MDL011412,正常使用,临时,
MDL011413,正常使用,临时,
MDL011414,正常使用,临时,
MDL011415,正常使用,临时,
MDL011416,正常使用,临时,
MDL011417,正常使用,临时,
MDL011418,正常使用,临时,
MDL011419,正常使用,临时,
MDL011420,正常使用,临时,
MDL011421,正常使用,临时,
MDL011422,正常使用,临时,
MDL011423,正常使用,临时,
MDL011424,正常使用,临时,
MDL011425,正常使用,临时,
MDL011426,正常使用,临时,
MDL011427,正常使用,临时,
MDL011428,正常使用,临时,
MDL011429,正常使用,临时,
MDL011430,正常使用,临时,
MDL011431,正常使用,临时,
MDL011432,正常使用,临时,
MDL011433,正常使用,临时,
MDL011434,正常使用,临时,
MDL011435,正常使用,临时,
MDL011436,正常使用,临时,
MDL011437,正常使用,临时,
MDL011438,正常使用,临时,
MDL011439,正常使用,临时,
MDL011440,正常使用,临时,
MDL011441,正常使用,临时,
MDL011442,正常使用,临时,
MDL011443,正常使用,临时,
MDL011444,正常使用,临时,
MDL011445,正常使用,临时,
MDL011446,正常使用,临时,
MDL011447,正常使用,临时,
MDL011448,正常使用,临时,
MDL011449,正常使用,临时,
MDL011450,正常使用,临时,
MDL011451,正常使用,临时,
MDL011452,正常使用,临时,
MDL011453,正常使用,临时,
MDL011454,正常使用,临时,
MDL011455,正常使用,临时,
MDL011456,正常使用,临时,
MDL011457,正常使用,临时,
MDL011458,正常使用,临时,
MDL011459,正常使用,临时,
MDL011460,正常使用,临时,
MDL011461,正常使用,临时,
MDL011462,正常使用,正式,
MDL011463,正常使用,正式,
MDL011464,正常使用,正式,
MDL011465,正常使用,正式,
MDL011466,正常使用,正式,
MDL011467,正常使用,正式,
MDL011468,正常使用,正式,
MDL011469,正常使用,正式,
MDL011470,正常使用,正式,
MDL011471,正常使用,正式,
MDL011472,正常使用,正式,
MDL011473,正常使用,正式,
MDL011474,正常使用,正式,
MDL011475,正常使用,正式,
MDL011476,正常使用,正式,
MDL011477,正常使用,临时,
MDL011478,正常使用,临时,
MDL011479,正常使用,正式,
MDL011480,正常使用,临时,
MDL011481,正常使用,临时,
MDL011482,正常使用,临时,
MDL011483,正常使用,临时,
MDL011484,正常使用,临时,
MDL011485,正常使用,临时,
MDL011486,正常使用,正式,
MDL011487,正常使用,临时,
MDL011488,正常使用,临时,
MDL011489,正常使用,临时,
MDL011490,正常使用,临时,
MDL011491,正常使用,临时,
MDL011492,正常使用,正式,
MDL011493,正常使用,临时,
MDL011494,正常使用,临时,
MDL011495,正常使用,临时,
MDL011496,正常使用,临时,
MDL011497,正常使用,临时,
MDL011498,正常使用,临时,
MDL011499,正常使用,临时,
MDL011500,正常使用,正式,
MDL011501,正常使用,临时,
MDL011502,正常使用,临时,
MDL011503,正常使用,临时,
MDL011504,正常使用,临时,
MDL011505,正常使用,临时,
MDL011506,正常使用,临时,
MDL011507,正常使用,临时,
MDL011508,正常使用,临时,
MDL011509,正常使用,临时,
MDL011510,正常使用,临时,
MDL011511,正常使用,临时,
MDL011512,正常使用,临时,
MDL011513,正常使用,临时,
MDL011514,正常使用,临时,
MDL011515,正常使用,临时,
MDL011516,正常使用,临时,
MDL011517,正常使用,临时,
MDL011518,正常使用,临时,
MDL011519,正常使用,临时,
MDL011520,正常使用,临时,
MDL011521,正常使用,临时,
MDL011522,正常使用,临时,
MDL011523,正常使用,临时,
MDL011524,正常使用,临时,
MDL011525,正常使用,临时,
MDL011526,正常使用,临时,
MDL011527,正常使用,临时,
MDL011528,正常使用,临时,
MDL011529,正常使用,临时,
MDL011530,正常使用,临时,
MDL011531,正常使用,临时,
MDL011532,正常使用,临时,
MDL011533,正常使用,临时,
MDL011534,正常使用,临时,
MDL011535,正常使用,临时,
MDL011536,正常使用,临时,
MDL011537,正常使用,临时,
MDL011538,正常使用,临时,
MDL011539,正常使用,临时,
MDL011540,正常使用,临时,
MDL011541,正常使用,临时,
MDL011542,正常使用,临时,
MDL011543,正常使用,临时,
MDL011544,正常使用,临时,
MDL011545,正常使用,临时,
MDL011546,正常使用,临时,
MDL011547,正常使用,临时,
MDL011548,正常使用,临时,
MDL011549,正常使用,临时,
MDL011550,正常使用,临时,
MDL011551,正常使用,临时,
MDL011669,正常使用,正式,
MDL011670,正常使用,正式,
MDL011671,正常使用,正式,
MDL011672,正常使用,正式,
MDL011673,正常使用,正式,
MDL011674,正常使用,正式,
MDL011675,正常使用,正式,
MDL011676,正常使用,正式,
MDL011677,正常使用,正式,
MDL011678,正常使用,正式,
MDL011679,正常使用,正式,
MDL011680,正常使用,正式,
MDL011681,正常使用,正式,
MDL011682,正常使用,正式,
MDL011683,正常使用,正式,
MDL011684,正常使用,正式,
MDL011685,正常使用,正式,
MDL011686,正常使用,正式,
MDL011687,正常使用,正式,
MDL011688,正常使用,正式,
MDL011689,正常使用,正式,
MDL011690,正常使用,正式,
MDL011691,正常使用,正式,
MDL011692,正常使用,正式,
MDL011693,正常使用,正式,
MDL011694,正常使用,正式,
MDL011695,正常使用,正式,
MDL011696,正常使用,正式,
MDL011697,正常使用,正式,
MDL011698,正常使用,正式,
MDL011699,正常使用,正式,
MDL011700,正常使用,正式,
MDL011701,正常使用,正式,
MDL011702,正常使用,正式,
MDL011703,正常使用,正式,
MDL011704,正常使用,正式,
MDL011705,正常使用,正式,
MDL011706,正常使用,正式,
MDL011707,正常使用,正式,
MDL011708,正常使用,正式,
MDL011709,正常使用,正式,
MDL011710,正常使用,正式,
MDL011711,正常使用,正式,
MDL011712,正常使用,正式,
MDL011713,正常使用,正式,
MDL011714,正常使用,正式,
MDL011715,正常使用,正式,
MDL011716,正常使用,正式,
MDL011717,正常使用,正式,
MDL011718,正常使用,正式,
MDL011719,正常使用,正式,
MDL011720,正常使用,正式,
MDL011721,正常使用,正式,
MDL011722,正常使用,正式,
MDL011723,正常使用,正式,
MDL011724,正常使用,正式,
MDL011725,正常使用,正式,
MDL011726,正常使用,正式,
MDL011727,正常使用,正式,
MDL011728,正常使用,正式,
MDL011729,正常使用,正式,
MDL011730,正常使用,正式,
MDL011731,正常使用,正式,
MDL011732,正常使用,正式,
MDL011733,正常使用,正式,
MDL011734,正常使用,正式,
MDL011735,正常使用,正式,
MDL011736,正常使用,正式,
MDL011737,正常使用,正式,
MDL011738,正常使用,正式,
MDL011739,正常使用,正式,
MDL011740,正常使用,正式,
MDL011741,正常使用,正式,
MDL011742,正常使用,正式,
MDL011743,正常使用,正式,
MDL011744,正常使用,正式,
MDL011745,正常使用,正式,
MDL011746,正常使用,正式,
MDL011747,正常使用,正式,
MDL011748,正常使用,正式,
MDL011749,正常使用,正式,
MDL011750,正常使用,正式,
MDL011751,正常使用,正式,
MDL011752,正常使用,正式,
MDL011753,正常使用,正式,
MDL011754,正常使用,正式,
MDL011755,正常使用,正式,
MDL011756,正常使用,正式,
MDL011799,取消编码，请核查,禁用,
MDL011800,正常使用,临时,
MDL011801,正常使用,正式,
MDL011808,正常使用,正式,
MDL011809,正常使用,正式,
MDL011810,正常使用,临时,
MDL011811,正常使用,正式,
MDL011812,禁用，请核查,消耗,
MDL011813,正常使用,临时,
MDL011814,正常使用,临时,
MDL011815,正常使用,临时,
MDL011816,正常使用,临时,
MDL011817,正常使用,临时,
MDL011818,正常使用,临时,
MDL011819,正常使用,正式,
MDL011820,正常使用,临时,
MDL011821,正常使用,正式,
MDL011826,正常使用,临时,
MDL011827,正常使用,临时,
MDL011828,正常使用,临时,
MDL011829,正常使用,临时,
MDL011830,正常使用,临时,
MDL011831,正常使用,临时,
MDL011832,正常使用,正式,
MDL011833,正常使用,正式,
MDL011834,正常使用,临时,
MDL011835,正常使用,临时,
MDL011836,正常使用,临时,
MDL011837,正常使用,临时,
MDL011838,正常使用,临时,
MDL011839,正常使用,临时,
MDL011840,正常使用,临时,
MDL011841,正常使用,正式,
MDL011842,正常使用,临时,
MDL011843,正常使用,临时,
MDL011844,正常使用,正式,
MDL011845,正常使用,正式,
MDL011850,正常使用,临时,
MDL011851,正常使用,临时,
MDL011852,正常使用,临时,
MDL011853,正常使用,临时,
MDL011854,正常使用,正式,
MDL011855,正常使用,临时,
MDL011856,正常使用,正式,
MDL011857,正常使用,正式,
MDL011859,正常使用,正式,
MDL011860,正常使用,临时,
MDL011874,正常使用,正式,
MDL011875,正常使用,正式,
MDL011876,正常使用,正式,
MDL011877,正常使用,正式,
MDL011878,正常使用,正式,
MDL011879,正常使用,正式,
MDL011880,正常使用,正式,
MDL011881,正常使用,正式,
MDL011882,正常使用,临时,
MDL011883,正常使用,正式,
MDL011884,正常使用,正式,
MDL011885,正常使用,正式,
MDL011886,正常使用,临时,
MDL011887,正常使用,正式,
MDL011888,正常使用,临时,
MDL011889,正常使用,临时,
MDL011890,正常使用,临时,
MDL011891,正常使用,临时,
MDL011892,正常使用,临时,
MDL011893,正常使用,临时,
MDL011894,正常使用,临时,
MDL011895,正常使用,临时,
MDL011896,正常使用,临时,
MDL011897,正常使用,临时,
MDL011898,正常使用,临时,
MDL011899,正常使用,临时,
MDL011900,正常使用,正式,
MDL011901,正常使用,临时,
MDL011902,正常使用,正式,
MDL011903,正常使用,临时,
MDL011904,正常使用,正式,
MDL011905,正常使用,正式,
MDL011906,正常使用,临时,
MDL011907,正常使用,临时,
MDL011908,正常使用,临时,
MDL011909,正常使用,临时,
MDL011910,正常使用,临时,
MDL011911,正常使用,临时,
MDL011912,正常使用,临时,
MDL011913,正常使用,正式,
MDL011914,正常使用,临时,
MDL011915,正常使用,正式,
MDL011916,正常使用,正式,
MDL011917,正常使用,正式,
MDL011918,正常使用,正式,
MDL011919,正常使用,临时,
MDL011920,正常使用,正式,
MDL011921,正常使用,临时,
MDL011922,正常使用,正式,
MDL011923,正常使用,正式,
MDL011924,正常使用,正式,
MDL011925,正常使用,正式,
MDL011926,正常使用,正式,
MDL011927,正常使用,临时,
MDL011928,正常使用,正式,
MDL011929,正常使用,临时,
MDL011930,正常使用,正式,
MDL011938,正常使用,正式,
MDL011939,正常使用,正式,
MDL011940,正常使用,正式,
MDL011941,正常使用,正式,
MDL011942,正常使用,正式,
MDL011943,正常使用,正式,
MDL011944,正常使用,正式,
MDL011945,正常使用,正式,
MDL011946,正常使用,正式,
MDL011947,正常使用,正式,
MDL011948,正常使用,正式,
MDL011949,正常使用,正式,
MDL011950,正常使用,正式,
MDL011951,正常使用,正式,
MDL011952,正常使用,正式,
MDL011953,正常使用,正式,
MDL011954,正常使用,正式,
MDL011955,正常使用,正式,
MDL011956,正常使用,正式,
MDL011957,正常使用,正式,
MDL011958,正常使用,正式,
MDL011959,正常使用,正式,
MDL011960,正常使用,正式,
MDL011961,正常使用,正式,
MDL011962,正常使用,正式,
MDL011963,正常使用,正式,
MDL011964,正常使用,正式,
MDL011965,正常使用,正式,
MDL011966,正常使用,正式,
MDL011967,正常使用,正式,
MDL011968,正常使用,正式,
MDL011969,正常使用,正式,
MDL011970,正常使用,正式,
MDL011971,正常使用,正式,
MDL011972,正常使用,正式,
MDL011973,正常使用,正式,
MDL011974,正常使用,正式,
MDL011975,正常使用,正式,
MDL011976,正常使用,正式,
MDL011977,正常使用,正式,
MDL011978,正常使用,正式,
MDL011979,正常使用,正式,
MDL011980,正常使用,正式,
MDL011981,正常使用,正式,
MDL011982,正常使用,正式,
MDL011983,正常使用,正式,
MDL011989,取消编码，请核查,禁用,
MDL011990,取消编码，请核查,禁用,
MDL011991,取消编码，请核查,禁用,
MDL011992,正常使用,正式,
MDL011994,正常使用,正式,
MDL011995,正常使用,正式,
MDL011996,正常使用,正式,
MDL011997,正常使用,正式,
MDL011999,正常使用,正式,
MDL012000,正常使用,临时,
MDL012001,正常使用,正式,
MDL012002,正常使用,正式,
MDL012003,正常使用,正式,
MDL012004,正常使用,正式,
MDL012005,正常使用,正式,
MDL012012,取消编码，请核查,禁用,
MDL012021,正常使用,正式,
MDL012022,正常使用,正式,
MDL012023,正常使用,临时,
MDL012024,正常使用,临时,
MDL012025,正常使用,临时,
MDL012026,正常使用,临时,
MDL012027,正常使用,临时,
MDL012028,正常使用,临时,
MDL012029,正常使用,正式,
MDL012030,正常使用,临时,
MDL012031,正常使用,正式,
MDL012032,正常使用,正式,
MDL012033,正常使用,正式,
MDL012034,正常使用,正式,
MDL012035,正常使用,正式,
MDL012036,正常使用,临时,
MDL012037,正常使用,临时,
MDL012038,正常使用,正式,
MDL012039,正常使用,临时,
MDL012059,正常使用,临时,
MDL012061,正常使用,临时,
MDL012062,正常使用,临时,
MDL012063,正常使用,临时,
MDL012064,正常使用,临时,
MDL012106,正常使用,正式,
MDL012107,正常使用,正式,
MDL012108,正常使用,正式,
MDL012109,正常使用,正式,
MDL012110,正常使用,正式,
MDL012111,正常使用,正式,
MDL012112,正常使用,正式,
MDL012113,正常使用,正式,
MDL012114,正常使用,正式,
MDL012115,正常使用,正式,
MDL012116,正常使用,正式,
MDL012117,正常使用,正式,
MDL012118,正常使用,正式,
MDL012119,正常使用,正式,
MDL012120,正常使用,正式,
MDL012121,正常使用,正式,
MDL012122,正常使用,正式,
MDL012123,正常使用,正式,
MDL012124,正常使用,正式,
MDL012125,正常使用,正式,
MDL012126,正常使用,正式,
MDL012127,正常使用,正式,
MDL012128,正常使用,正式,
MDL012129,正常使用,正式,
MDL012130,正常使用,正式,
MDL012131,正常使用,正式,
MDL012200,禁用，请核查,禁用,
MDL012294,正常使用,正式,
MDL012295,正常使用,正式,
MDL012296,正常使用,正式,
MDL012297,正常使用,正式,
MDL012298,正常使用,正式,
MDL012299,正常使用,正式,
MDL012300,正常使用,正式,
MDL012301,正常使用,正式,
MDL012302,正常使用,正式,
MDL012303,正常使用,正式,
MDL012304,正常使用,正式,
MDL012305,正常使用,正式,
MDL012306,正常使用,正式,
MDL012307,正常使用,正式,
MDL012308,正常使用,正式,
MDL012309,正常使用,正式,
MDL012310,正常使用,正式,
MDL012311,正常使用,正式,
MDL012378,正常使用,正式,
MDL012379,正常使用,正式,
MDL012380,正常使用,正式,
MDL012381,正常使用,正式,
MDL012382,正常使用,临时,
MDL012383,正常使用,临时,
MDL012384,正常使用,正式,
MDL012385,正常使用,临时,
MDL012386,正常使用,临时,
MDL012398,正常使用,正式,
MDL012402,正常使用,正式,
MDL012409,正常使用,临时,
MDL012412,正常使用,正式,
MDL012413,正常使用,正式,
MDL012414,正常使用,正式,
MDL012415,正常使用,正式,
MDL012416,正常使用,正式,
MDL012417,正常使用,正式,
MDL012418,正常使用,正式,
MDL012463,正常使用,临时,
MDL012464,正常使用,临时,
MDL012465,正常使用,临时,
MDL012466,正常使用,临时,
MDL012467,正常使用,临时,
MDL012476,正常使用,临时,
MDL012477,正常使用,正式,
MDL012478,正常使用,临时,
MDL012479,正常使用,临时,
MDL012637,正常使用,正式,
MDL012639,正常使用,正式,
MDL012640,正常使用,正式,
MDL012641,正常使用,正式,
MDL012642,正常使用,正式,
MDL012643,正常使用,正式,
MDL012644,正常使用,正式,
MDL012645,正常使用,正式,
MDL012646,正常使用,正式,
MDL012647,正常使用,正式,
MDL012648,正常使用,正式,
MDL012649,正常使用,正式,
MDL012650,正常使用,正式,
MDL012651,正常使用,正式,
MDL012652,正常使用,正式,
MDL012653,正常使用,正式,
MDL012654,正常使用,正式,
MDL012655,正常使用,正式,
MDL012656,正常使用,正式,
MDL012657,正常使用,正式,
MDL012658,正常使用,正式,
MDL012659,正常使用,正式,
MDL012660,正常使用,正式,
MDL012661,正常使用,临时,
MDL012662,正常使用,临时,
MDL012663,正常使用,临时,
MDL012664,正常使用,临时,
MDL012665,正常使用,正式,
MDL012666,正常使用,正式,
MDL012679,正常使用,正式,
MDL012680,正常使用,正式,
MDL012684,正常使用,正式,
MDL012685,正常使用,正式,
MDL012687,正常使用,正式,
MDL012688,正常使用,正式,
MDL012692,正常使用,正式,
MDL012693,正常使用,正式,
MDL012694,正常使用,正式,
MDL012697,正常使用,临时,
MDL012698,正常使用,临时,
MDL012699,正常使用,临时,
MDL012700,正常使用,临时,
MDL012701,正常使用,正式,
MDL012702,正常使用,正式,
MDL012704,正常使用,临时,
MDL012705,正常使用,临时,
MDL012706,正常使用,临时,
MDL012707,正常使用,临时,
MDL012708,正常使用,临时,
MDL012709,正常使用,临时,
MDL012710,正常使用,临时,
MDL012711,正常使用,临时,
MDL012712,正常使用,临时,
MDL012713,正常使用,临时,
MDL012714,正常使用,临时,
MDL012715,正常使用,临时,
MDL012716,正常使用,临时,
MDL012719,正常使用,临时,
MDL012720,正常使用,临时,
MDL012721,正常使用,临时,
MDL012722,正常使用,临时,
MDL012723,正常使用,临时,
MDL012724,正常使用,临时,
MDL012725,正常使用,临时,
MDL012726,正常使用,临时,
MDL012727,正常使用,临时,
MDL012728,正常使用,临时,
MDL012729,正常使用,临时,
MDL012730,正常使用,临时,
MDL012731,正常使用,临时,
MDL012732,正常使用,临时,
MDL012733,正常使用,临时,
MDL012734,正常使用,临时,
MDL012736,正常使用,正式,
MDL012737,正常使用,临时,
MDL012738,正常使用,临时,
MDL012739,正常使用,临时,
MDL012740,正常使用,正式,
MDL012743,正常使用,正式,
MDL012750,正常使用,临时,
MDL012751,正常使用,临时,
MDL012752,正常使用,临时,
MDL012753,正常使用,临时,
MDL012754,正常使用,临时,
MDL012756,正常使用,临时,
MDL012761,正常使用,临时,
MDL012762,正常使用,临时,
MDL012764,正常使用,临时,
MDL012770,正常使用,正式,
MDL012771,正常使用,正式,
MDL012772,正常使用,正式,
MDL012773,正常使用,正式,
MDL012774,正常使用,正式,
MDL012775,正常使用,正式,
MDL012776,正常使用,正式,
MDL012777,正常使用,正式,
MDL012778,正常使用,正式,
MDL012783,正常使用,正式,
MDL012784,正常使用,正式,
MDL012785,正常使用,正式,
MDL012786,正常使用,正式,
MDL012787,正常使用,正式,
MDL012788,正常使用,正式,
MDL012789,正常使用,正式,
MDL012790,正常使用,正式,
MDL012791,正常使用,正式,
MDL012805,正常使用,正式,
MDL012815,正常使用,正式,
MDL012817,正常使用,正式,
MDL012818,正常使用,正式,
MDL012824,正常使用,正式,
MDL012825,正常使用,正式,
MDL012831,正常使用,正式,
MDL012832,正常使用,临时,
MDL012834,正常使用,正式,
MDL012839,正常使用,临时,
MDL012841,正常使用,正式,
MDL012842,正常使用,正式,
MDL012843,正常使用,正式,
MDL012844,正常使用,正式,
MDL012849,正常使用,正式,
MDL012850,正常使用,临时,
MDL012855,正常使用,正式,
MDL012856,正常使用,正式,
MDL012857,正常使用,正式,
MDL012858,正常使用,正式,
MDL012859,正常使用,正式,
MDL012860,正常使用,正式,
MDL012861,正常使用,正式,
MDL012862,正常使用,正式,
MDL012863,正常使用,正式,
MDL012864,正常使用,正式,
MDL012865,正常使用,正式,
MDL012866,正常使用,正式,
MDL012867,正常使用,正式,
MDL012868,正常使用,正式,
MDL012869,正常使用,正式,
MDL012879,正常使用,正式,
MDL012880,正常使用,正式,
MDL012881,正常使用,正式,
MDL012883,正常使用,正式,
MDL012884,正常使用,正式,
MDL012885,正常使用,正式,
MDL012886,正常使用,正式,
MDL012887,正常使用,正式,
MDL012888,正常使用,正式,
MDL012889,正常使用,正式,
MDL012890,正常使用,正式,
MDL012891,正常使用,正式,
MDL012892,正常使用,临时,
MDL012897,正常使用,临时,
MDL012898,正常使用,临时,
MDL012899,正常使用,临时,
MDL012900,正常使用,临时,
MDL012902,正常使用,正式,
MDL012904,正常使用,临时,
MDL012905,正常使用,临时,
MDL012906,正常使用,临时,
MDL012907,正常使用,临时,
MDL012908,正常使用,临时,
MDL012909,正常使用,正式,
MDL012911,正常使用,正式,
MDL012912,正常使用,临时,
MDL012923,正常使用,临时,
MDL012924,正常使用,临时,
MDL012925,正常使用,临时,
MDL012926,正常使用,临时,
MDL012929,正常使用,正式,
MDL012931,正常使用,正式,
MDL020267,正常使用,临时,
MDL020268,正常使用,临时,
MDL020269,正常使用,临时,
MDL020270,正常使用,临时,
MDL020271,正常使用,临时,
MDL020272,正常使用,临时,
MDL020273,正常使用,临时,
MDL020274,正常使用,临时,
MDL020275,正常使用,临时,
MDL020276,正常使用,临时,
MDL020277,正常使用,临时,
MDL020278,正常使用,临时,
MDL020279,正常使用,临时,
MDL020280,正常使用,临时,
MDL020281,正常使用,临时,
MDL020282,正常使用,临时,
MDL020283,正常使用,临时,
MDL020284,正常使用,临时,
MDL020285,正常使用,临时,
MDL020286,正常使用,临时,
MDL020287,正常使用,临时,
MDL020288,正常使用,临时,
MDL020289,正常使用,临时,
MDL020290,正常使用,临时,
MDL020291,正常使用,临时,
MDL020292,正常使用,临时,
MDL020295,正常使用,临时,
MDL020296,正常使用,临时,
MDL020297,正常使用,正式,
MDL020298,正常使用,正式,
MDL020299,正常使用,正式,
MDL020300,正常使用,正式,
MDL020301,正常使用,正式,
MDL020302,正常使用,正式,
MDL020303,正常使用,正式,
MDL020304,正常使用,临时,
MDL020305,正常使用,正式,
MDL020306,正常使用,正式,
MDL020307,正常使用,正式,
MDL020308,正常使用,临时,
MDL020309,正常使用,正式,
MDL020310,正常使用,正式,
MDL020311,正常使用,临时,
MDL020312,正常使用,临时,
MDL020313,正常使用,临时,
MDL020314,正常使用,正式,
MDL020315,正常使用,临时,
MDL020316,正常使用,正式,
MDL020317,正常使用,正式,
MDL020318,正常使用,正式,
MDL020326,正常使用,正式,
MDL020327,正常使用,正式,
MDL020328,正常使用,临时,
MDL020329,正常使用,正式,
MDL020330,正常使用,临时,
MDL020331,正常使用,临时,
MDL020332,正常使用,临时,
MDL020333,正常使用,临时,
MDL020334,正常使用,临时,
MDL020335,正常使用,临时,
MDL020336,正常使用,临时,
MDL020337,正常使用,正式,
MDL020338,正常使用,正式,
MDL020339,正常使用,正式,
MDL020340,正常使用,正式,
MDL020341,正常使用,正式,
MDL020342,正常使用,正式,
MDL020343,正常使用,临时,
MDL020344,正常使用,正式,
MDL020345,正常使用,正式,
MDL020346,正常使用,临时,
MDL020347,正常使用,正式,
MDL020348,正常使用,正式,
MDL020349,正常使用,正式,
MDL020350,正常使用,正式,
MDL020351,正常使用,临时,
MDL020352,正常使用,正式,
MDL020353,正常使用,正式,
MDL020354,正常使用,正式,
MDL020355,正常使用,正式,
MDL020356,正常使用,临时,
MDL020357,正常使用,临时,
MDL020358,正常使用,临时,
MDL020359,正常使用,临时,
MDL020360,正常使用,临时,
MDL020361,正常使用,临时,
MDL020362,正常使用,临时,
MDL020363,正常使用,临时,
MDL020364,正常使用,临时,
MDL020365,正常使用,临时,
MDL020366,正常使用,临时,
MDL020367,正常使用,正式,
MDL020368,正常使用,临时,
MDL020369,正常使用,临时,
MDL020370,正常使用,临时,
MDL020371,正常使用,正式,
MDL020372,正常使用,正式,
MDL020373,正常使用,正式,
MDL020374,正常使用,临时,
MDL020375,正常使用,正式,
MDL020376,正常使用,临时,
MDL020377,正常使用,临时,
MDL020378,正常使用,临时,
MDL020379,正常使用,正式,
MDL020380,正常使用,临时,
MDL020381,正常使用,正式,
MDL020382,正常使用,临时,
MDL020383,正常使用,正式,
MDL020384,正常使用,正式,
MDL020385,正常使用,临时,
MDL020386,正常使用,正式,
MDL020387,正常使用,临时,
MDL020388,正常使用,临时,
MDL020389,正常使用,临时,
MDL020390,正常使用,临时,
MDL020391,正常使用,临时,
MDL020392,正常使用,临时,
MDL020393,正常使用,临时,
MDL020394,正常使用,正式,
MDL020404,正常使用,临时,
MDL020405,正常使用,正式,
MDL020408,正常使用,临时,
MDL020409,正常使用,临时,
MDL020410,正常使用,临时,
MDL020411,正常使用,临时,
MDL020412,正常使用,临时,
MDL020413,正常使用,临时,
MDL020414,正常使用,正式,
MDL020415,正常使用,临时,
MDL020416,正常使用,正式,
MDL020417,正常使用,临时,
MDL020418,正常使用,临时,
MDL020420,正常使用,临时,
MDL020421,正常使用,正式,
MDL020422,正常使用,正式,
MDL020423,正常使用,临时,
MDL020424,正常使用,正式,
MDL020426,正常使用,临时,
MDL020428,正常使用,临时,
MDL020429,正常使用,正式,
MDL020433,正常使用,临时,
MDL020434,正常使用,临时,
MDL020436,正常使用,临时,
MDL020438,正常使用,正式,
MDL020439,正常使用,正式,
MDL020441,正常使用,临时,
MDL020444,正常使用,正式,
MDL020445,正常使用,正式,
MDL020446,正常使用,正式,
MDL020447,正常使用,正式,
MDL020450,正常使用,正式,
MDL020470,正常使用,正式,
MDL020471,正常使用,正式,
MDL020485,正常使用,临时,
MDL020486,正常使用,临时,
MDL020487,正常使用,临时,
MDL020488,正常使用,正式,
MDL020489,正常使用,临时,
MDL020490,正常使用,临时,
MDL020491,正常使用,临时,
MDL020493,正常使用,临时,
MDL020494,正常使用,正式,
MDL020496,正常使用,临时,
MDL020505,正常使用,正式,
MDL020509,正常使用,正式,
MDL020510,正常使用,正式,
MDL020517,正常使用,临时,
MDL020518,正常使用,临时,
MDL020519,正常使用,正式,
MDL020522,正常使用,正式,
MDL020523,正常使用,正式,
MDL020529,正常使用,正式,
MDL020542,正常使用,正式,
MDL020543,正常使用,正式,
MDL020553,正常使用,正式,
MDL020556,正常使用,正式,
MDL020557,正常使用,临时,
MDL020682,正常使用,正式,
MDL020684,正常使用,正式,
MDL020686,正常使用,临时,
MDL020687,正常使用,临时,
MDL020688,正常使用,临时,
MDL020689,正常使用,临时,
MDL020690,正常使用,临时,
MDL020695,正常使用,临时,
MDL020696,正常使用,临时,
MDL020697,正常使用,临时,
MDL020699,正常使用,临时,
MDL020700,正常使用,临时,
MDL020701,正常使用,临时,
MDL020702,正常使用,临时,
MDL020703,正常使用,临时,
MDL020704,正常使用,正式,
MDL020707,正常使用,正式,
MDL020709,正常使用,正式,
MDL020710,正常使用,临时,
MDL020711,正常使用,临时,
MDL020712,正常使用,临时,
MDL020713,正常使用,临时,
MDL020720,正常使用,临时,
MDL020721,正常使用,正式,
MDL020723,正常使用,正式,
MDL020724,正常使用,临时,
MDL020726,正常使用,正式,
MDL020727,正常使用,正式,
MDL020728,正常使用,正式,
MDL020729,正常使用,临时,
MDL020731,正常使用,正式,
MDL020732,正常使用,正式,
MDL020733,正常使用,正式,
MDL020734,正常使用,正式,
MDL020735,正常使用,临时,
MDL020736,正常使用,临时,
MDL020738,正常使用,正式,
MDL020739,正常使用,正式,
MDL020740,正常使用,临时,
MDL020741,正常使用,临时,
MDL020742,正常使用,临时,
MDL020743,正常使用,正式,
MDL020761,正常使用,正式,
MDL020771,正常使用,正式,
MDL020777,正常使用,正式,
MDL020787,正常使用,正式,
MDL020789,正常使用,正式,
MDL020799,正常使用,正式,
MDL020803,正常使用,正式,
MDL020804,正常使用,临时,
MDL020808,正常使用,正式,
MDL020816,正常使用,正式,
MDL020817,正常使用,正式,
MDL020824,正常使用,临时,
MDL030275,正常使用,临时,
MDL030276,正常使用,临时,
MDL030277,正常使用,临时,
MDL030278,正常使用,临时,
MDL030279,正常使用,临时,
MDL030280,正常使用,临时,
MDL030281,正常使用,临时,
MDL030282,正常使用,临时,
MDL030283,正常使用,临时,
MDL030284,正常使用,临时,
MDL030285,正常使用,临时,
MDL030286,正常使用,临时,
MDL030287,正常使用,临时,
MDL030288,正常使用,临时,
MDL030289,正常使用,临时,
MDL030290,正常使用,临时,
MDL030291,正常使用,临时,
MDL030292,正常使用,临时,
MDL030293,正常使用,临时,
MDL030294,正常使用,临时,
MDL030295,正常使用,临时,
MDL030296,正常使用,临时,
MDL030297,正常使用,临时,
MDL030298,正常使用,临时,
MDL030299,正常使用,临时,
MDL030300,正常使用,临时,
MDL030301,正常使用,临时,
MDL030302,正常使用,临时,
MDL030303,正常使用,临时,
MDL030304,正常使用,临时,
MDL030305,正常使用,临时,
MDL030306,正常使用,临时,
MDL030307,正常使用,临时,
MDL030308,正常使用,临时,
MDL030309,正常使用,临时,
MDL030310,正常使用,临时,
MDL030311,正常使用,临时,
MDL030312,正常使用,临时,
MDL030313,正常使用,临时,
MDL030314,正常使用,临时,
MDL030315,正常使用,临时,
MDL030316,正常使用,临时,
MDL030317,正常使用,临时,
MDL030318,正常使用,临时,
MDL030319,正常使用,临时,
MDL030320,正常使用,临时,
MDL030321,正常使用,临时,
MDL030322,正常使用,临时,
MDL030323,正常使用,临时,
MDL030324,正常使用,临时,
MDL030325,正常使用,临时,
MDL030326,正常使用,临时,
MDL030327,正常使用,临时,
MDL030328,正常使用,临时,
MDL030329,正常使用,临时,
MDL030330,正常使用,临时,
MDL030331,正常使用,临时,
MDL030332,正常使用,临时,
MDL030333,正常使用,临时,
MDL030334,正常使用,临时,
MDL030335,正常使用,临时,
MDL030336,正常使用,临时,
MDL030337,正常使用,临时,
MDL030338,正常使用,临时,
MDL030339,正常使用,临时,
MDL030340,正常使用,临时,
MDL030341,正常使用,正式,
MDL030342,正常使用,临时,
MDL030343,正常使用,临时,
MDL030344,正常使用,临时,
MDL030345,正常使用,临时,
MDL030346,正常使用,临时,
MDL030347,正常使用,临时,
MDL030348,正常使用,临时,
MDL030349,正常使用,临时,
MDL030350,正常使用,临时,
MDL030351,正常使用,临时,
MDL030352,正常使用,临时,
MDL030353,正常使用,临时,
MDL030354,正常使用,临时,
MDL030355,正常使用,临时,
MDL030356,正常使用,临时,
MDL030357,正常使用,临时,
MDL030358,正常使用,临时,
MDL030359,正常使用,临时,
MDL030360,正常使用,临时,
MDL030361,正常使用,临时,
MDL030362,正常使用,临时,
MDL030363,正常使用,临时,
MDL030364,正常使用,临时,
MDL030365,正常使用,临时,
MDL030366,正常使用,临时,
MDL030367,正常使用,临时,
MDL030368,正常使用,临时,
MDL030369,正常使用,临时,
MDL030370,正常使用,临时,
MDL030371,正常使用,临时,
MDL030372,正常使用,临时,
MDL030373,正常使用,临时,
MDL030374,正常使用,临时,
MDL030375,正常使用,临时,
MDL030376,正常使用,临时,
MDL030377,正常使用,临时,
MDL030378,正常使用,临时,
MDL030379,正常使用,临时,
MDL030380,正常使用,临时,
MDL030381,正常使用,临时,
MDL030382,正常使用,临时,
MDL030383,正常使用,临时,
MDL030384,正常使用,临时,
MDL030385,正常使用,临时,
MDL030386,正常使用,临时,
MDL030387,正常使用,临时,
MDL030388,正常使用,临时,
MDL030389,正常使用,临时,
MDL030390,正常使用,临时,
MDL030391,正常使用,临时,
MDL030392,正常使用,临时,
MDL030393,正常使用,临时,
MDL030394,正常使用,临时,
MDL030460,正常使用,临时,
MDL030604,正常使用,正式,
MDL030608,正常使用,临时,
MDL030609,正常使用,临时,
MDL030610,正常使用,临时,
MDL030611,正常使用,临时,
MDL030619,正常使用,正式,
MDL030620,正常使用,正式,
MDL030629,正常使用,正式,
MDL030634,正常使用,正式,
MDL040147,正常使用,临时,
MDL040148,正常使用,临时,
MDL040149,正常使用,临时,
MDL040150,正常使用,正式,
MDL040151,正常使用,临时,
MDL040152,正常使用,临时,
MDL040153,正常使用,临时,
MDL040154,正常使用,临时,
MDL040155,正常使用,临时,
MDL040156,正常使用,临时,
MDL040157,正常使用,临时,
MDL040158,正常使用,临时,
MDL040159,正常使用,临时,
MDL040160,正常使用,临时,
MDL040161,正常使用,临时,
MDL040162,正常使用,临时,
MDL040163,正常使用,临时,
MDL040164,正常使用,临时,
MDL040165,正常使用,临时,
MDL040166,正常使用,临时,
MDL040167,正常使用,临时,
MDL040168,正常使用,临时,
MDL040169,正常使用,临时,
MDL040170,正常使用,临时,
MDL040171,正常使用,临时,
MDL040172,正常使用,临时,
MDL040173,正常使用,临时,
MDL040174,正常使用,临时,
MDL040175,正常使用,临时,
MDL040176,正常使用,临时,
MDL040177,正常使用,临时,
MDL040178,正常使用,临时,
MDL040182,正常使用,正式,
MDL040183,正常使用,正式,
MDL040184,正常使用,临时,
MDL040185,正常使用,正式,
MDL040186,正常使用,正式,
MDL040187,正常使用,正式,
MDL040188,正常使用,正式,
MDL040189,正常使用,临时,
MDL040190,正常使用,临时,
MDL040191,正常使用,临时,
MDL040192,正常使用,正式,
MDL040193,正常使用,正式,
MDL040194,正常使用,正式,
MDL040195,正常使用,临时,
MDL040196,正常使用,正式,
MDL040197,正常使用,临时,
MDL040205,正常使用,正式,
MDL040206,正常使用,正式,
MDL040207,正常使用,正式,
MDL040208,正常使用,正式,
MDL040209,正常使用,正式,
MDL040210,正常使用,正式,
MDL040211,正常使用,正式,
MDL040212,正常使用,正式,
MDL040214,正常使用,临时,
MDL040218,正常使用,正式,
MDL040219,正常使用,正式,
MDL040224,正常使用,临时,
MDL040225,正常使用,临时,
MDL040282,正常使用,正式,
MDL040292,正常使用,临时,
MDL040293,正常使用,临时,
MDL040294,正常使用,临时,
MDL040295,正常使用,临时,
MDL040296,正常使用,临时,
MDL040298,正常使用,正式,
MDL040299,正常使用,正式,
MDL040300,正常使用,临时,
MDL040304,正常使用,正式,
MDL040308,正常使用,正式,
MDL040309,正常使用,临时,
MDL040312,正常使用,正式,
MDL040315,正常使用,临时,
MDL040316,正常使用,临时,
MDL040336,正常使用,临时,
MDL040343,正常使用,正式,
MDL040350,正常使用,临时,
MDL040356,正常使用,临时,
MDL040362,正常使用,正式,
MDL040364,正常使用,正式,
MDL040366,正常使用,正式,
MDL040367,正常使用,临时,
MDL040368,正常使用,临时,
MDL040370,正常使用,临时,
MDL040373,正常使用,临时,
MDL040374,正常使用,临时,
MDL040377,正常使用,临时,
MDL040380,正常使用,正式,
MDL040382,正常使用,正式,
MDL040427,正常使用,正式,
MDL040446,正常使用,正式,
MDL040449,正常使用,正式,
MDL040460,正常使用,临时,
MDL040461,正常使用,临时,
MDL040462,正常使用,临时,
MDL040463,正常使用,正式,
MDL040464,正常使用,正式,
MDL040465,正常使用,正式,
MDL040466,正常使用,正式,
MDL040467,正常使用,正式,
MDL040468,正常使用,正式,
MDL040469,正常使用,正式,
MDL040470,正常使用,正式,
MDL040471,正常使用,正式,
MDL040484,正常使用,临时,
MDL040485,正常使用,临时,
MDL040486,正常使用,正式,
MDL040487,正常使用,临时,
MDL040488,正常使用,临时,
MDL040501,正常使用,正式,
MDL040505,正常使用,正式,
MDL040508,正常使用,正式,
MDL040511,正常使用,正式,
MDL040534,正常使用,正式,
MDL040535,正常使用,临时,
MDL040536,正常使用,临时,
MDL050057,正常使用,正式,
MDL050075,正常使用,正式,
MDL050078,正常使用,正式,
MDL050120,正常使用,正式,
MDL050121,正常使用,正式,
MDL050125,正常使用,正式,
MDL050126,正常使用,正式,
MDL050129,正常使用,正式,
MDL050130,正常使用,正式,
MDL050131,正常使用,正式,
MDL050132,正常使用,正式,
MDL050133,取消编码，请核查,禁用,
MDL050134,正常使用,正式,
MDL050136,正常使用,正式,
MDL050137,正常使用,正式,
MDL050138,正常使用,临时,
MDL050139,正常使用,正式,
MDL050140,正常使用,正式,
MDL050141,正常使用,正式,
MDL050144,正常使用,正式,
MDL050145,正常使用,正式,
MDL050146,正常使用,正式,
MDL050147,正常使用,临时,
MDL050148,正常使用,临时,
MDL050149,正常使用,临时,
MDL050151,正常使用,正式,
MDL050158,正常使用,临时,
MDL050159,正常使用,临时,
MDL050160,正常使用,正式,
MDL050163,正常使用,正式,
MDL050164,正常使用,正式,
MDL050165,正常使用,正式,
MDL050166,正常使用,正式,
MDL050169,正常使用,正式,
MDL050178,正常使用,正式,
MDL050199,正常使用,临时,
MDL050203,正常使用,正式,
MDL050221,正常使用,临时,
MDL050222,正常使用,临时,
MDL050223,正常使用,临时,
MDL050226,正常使用,正式,
MDL050230,正常使用,正式,
MDL050255,正常使用,正式,
MDL050256,正常使用,正式,
MDL050257,正常使用,正式,
MDL050264,正常使用,正式,
MDL050265,正常使用,临时,
MDL050266,正常使用,正式,
MDL050267,正常使用,正式,
MDL050268,正常使用,正式,
MDL050269,正常使用,临时,
MDL050270,正常使用,正式,
MDL050271,正常使用,临时,
MDL050272,正常使用,正式,
MDL050277,正常使用,临时,
MDL050278,正常使用,临时,
MDL050279,正常使用,正式,
MDL050280,正常使用,临时,
MDL050281,正常使用,临时,
MDL050282,正常使用,临时,
MDL050295,正常使用,临时,
MDL050299,正常使用,临时,
MDL050300,正常使用,正式,
MDL050301,正常使用,临时,
MDL050326,正常使用,临时,
MDL050331,正常使用,正式,
MDL060049,正常使用,正式,
MDL060050,正常使用,正式,
MDL080078,正常使用,正式,
MDL080079,正常使用,临时,
MDL080080,正常使用,临时,
MDL080081,正常使用,正式,
MDL080082,正常使用,临时,
MDL080083,正常使用,正式,
MDL080084,正常使用,正式,
MDL080085,正常使用,正式,
MDL080086,正常使用,临时,
MDL080087,正常使用,正式,
MDL080093,正常使用,正式,
MDL080094,正常使用,正式,
MDL080096,正常使用,正式,
MDL080097,正常使用,正式,
MDL080098,正常使用,正式,
MDL080099,正常使用,临时,
MDL080100,正常使用,临时,
MDL080101,正常使用,临时,
MDL080103,正常使用,临时,
MDL080104,正常使用,正式,
MDL080105,正常使用,正式,
MDL080106,正常使用,正式,
MDL080113,正常使用,正式,
MDL080120,正常使用,正式,
MDL080121,正常使用,正式,
MDL080126,正常使用,正式,
MDL080133,正常使用,临时,
MDQ010094,正常使用,正式,
MDQ010095,正常使用,正式,
MDQ010295,禁用，请核查,正式,
MDQ010352,正常使用,正式,
MDQ010353,正常使用,正式,
MDQ010354,正常使用,正式,
MDQ010355,正常使用,正式,
MDQ010373,取消编码，请核查,禁用,
MDQ010374,取消编码，请核查,禁用,
MDQ010375,取消编码，请核查,禁用,
MDQ010378,取消编码，请核查,禁用,
MDQ010379,取消编码，请核查,禁用,
MDQ010380,取消编码，请核查,禁用,
MDQ010382,取消编码，请核查,禁用,
MDQ010448,取消编码，请核查,禁用,
MDQ010449,正常使用,正式,
MDQ010456,正常使用,正式,
MDQ010473,取消编码，请核查,禁用,
MDQ010474,取消编码，请核查,禁用,
MDQ010495,正常使用,正式,
MDQ010501,正常使用,正式,
MDQ010502,正常使用,正式,
MDQ010503,正常使用,正式,
MDQ010571,取消编码，请核查,禁用,
MDQ010572,取消编码，请核查,禁用,
MDQ010617,正常使用,临时,
MDQ010618,正常使用,正式,
MDQ010619,正常使用,临时,
MDQ010620,正常使用,临时,
MDQ010621,正常使用,临时,
MDQ010622,正常使用,正式,
MDQ010623,正常使用,正式,
MDQ010624,正常使用,正式,
MDQ010629,正常使用,临时,
MDQ010630,正常使用,临时,
MDQ010633,正常使用,正式,
MDQ010634,正常使用,正式,
MDQ010646,正常使用,正式,
MDQ010647,正常使用,正式,
MDQ010659,正常使用,正式,
MDQ010660,正常使用,正式,
MDQ010661,正常使用,正式,
MDQ010670,正常使用,正式,
MDQ010671,正常使用,正式,
MDQ010742,正常使用,临时,
MDQ010743,正常使用,临时,
MDQ010744,正常使用,临时,
MDQ010745,正常使用,临时,
MDQ010746,正常使用,临时,
MDQ010747,正常使用,临时,
MDQ010748,正常使用,临时,
MDQ010749,正常使用,临时,
MDQ010750,正常使用,临时,
MDQ010751,正常使用,临时,
MDQ010752,正常使用,临时,
MDQ010753,正常使用,临时,
MDQ010754,正常使用,临时,
MDQ010755,正常使用,临时,
MDQ010756,正常使用,临时,
MDQ010757,正常使用,临时,
MDQ010758,正常使用,临时,
MDQ010759,正常使用,临时,
MDQ010783,正常使用,正式,
MDQ010784,正常使用,正式,
MDQ010785,正常使用,正式,
MDQ010786,正常使用,正式,
MDQ010818,正常使用,正式,
MDQ010819,正常使用,正式,
MDQ010846,正常使用,临时,
MDQ010847,正常使用,临时,
MDQ010848,正常使用,临时,
MDQ010849,正常使用,临时,
MDQ010852,正常使用,临时,
MDQ010853,取消编码，请核查,禁用,
MDQ010887,正常使用,临时,
MDQ010903,正常使用,正式,
MDQ010904,正常使用,正式,
MDQ020054,正常使用,正式,
MDQ040001,正常使用,正式,
MFB010530,正常使用,正式,
MFB010599,正常使用,正式,
MFB010613,正常使用,正式,
MFB010618,正常使用,正式,
MFB010626,正常使用,正式,
MFB010645,消耗，请核查,消耗,
MFB010665,取消编码，请核查,禁用,
MFB010704,取消编码，请核查,禁用,
MFB010706,正常使用,正式,
MFB010725,正常使用,临时,
MFB010770,取消编码，请核查,禁用,
MFB010773,正常使用,正式,
MFB010786,正常使用,正式,
MFB010787,取消编码，请核查,禁用,
MFB010794,取消编码，请核查,禁用,
MFB010795,取消编码，请核查,禁用,
MFB010855,取消编码，请核查,禁用,
MFB010856,正常使用,临时,
MFB010867,正常使用,正式,
MFB010901,正常使用,正式,
MFB010941,正常使用,正式,
MFB010945,正常使用,正式,
MFB010950,正常使用,正式,
MFB010969,正常使用,临时,
MFB010981,正常使用,正式,
MFB010982,取消编码，请核查,禁用,
MFB010983,正常使用,正式,
MFB010985,正常使用,正式,
MFB011011,正常使用,正式,
MFB011025,正常使用,正式,
MFB011066,取消编码，请核查,禁用,
MFB011073,正常使用,正式,
MFB011075,取消编码，请核查,禁用,
MFB011078,消耗，请核查,消耗,
MFB011082,取消编码，请核查,禁用,
MFB011084,取消编码，请核查,禁用,
MFB011092,正常使用,正式,
MFB011093,新款替代：MFB014727,消耗,
MFB011095,正常使用,正式,
MFB011097,正常使用,正式,
MFB011098,取消编码，请核查,禁用,
MFB011100,正常使用,正式,
MFB011101,取消编码，请核查,禁用,
MFB011121,正常使用,正式,
MFB011123,正常使用,正式,
MFB011124,取消编码，请核查,禁用,
MFB011144,消耗，请核查,消耗,
MFB011147,取消编码，请核查,禁用,
MFB011228,正常使用,正式,
MFB011231,正常使用,正式,
MFB011233,正常使用,临时,
MFB011279,正常使用,正式,
MFB011302,正常使用,正式,
MFB011319,正常使用,正式,
MFB011325,正常使用,正式,
MFB011330,正常使用,正式,
MFB011338,取消编码，请核查,禁用,
MFB011339,取消编码，请核查,禁用,
MFB011341,正常使用,正式,
MFB011356,正常使用,正式,
MFB011361,正常使用,正式,
MFB011362,正常使用,正式,
MFB011367,正常使用,临时,
MFB011369,正常使用,正式,
MFB011378,正常使用,正式,
MFB011379,正常使用,正式,
MFB011380,正常使用,正式,
MFB011381,消耗，请核查,消耗,
MFB011385,消耗，请核查,消耗,
MFB011390,正常使用,临时,
MFB011392,正常使用,临时,
MFB011393,正常使用,正式,
MFB011394,正常使用,正式,
MFB011398,正常使用,正式,
MFB011399,正常使用,正式,
MFB011401,正常使用,正式,
MFB011409,正常使用,正式,
MFB011410,正常使用,临时,
MFB011411,取消编码，请核查,禁用,
MFB011414,正常使用,临时,
MFB011420,正常使用,正式,
MFB011424,正常使用,正式,
MFB011425,正常使用,正式,
MFB011442,正常使用,正式,
MFB011445,正常使用,正式,
MFB011449,正常使用,临时,
MFB011466,取消编码，请核查,禁用,
MFB011477,正常使用,正式,
MFB011482,正常使用,正式,
MFB011488,正常使用,正式,
MFB011489,正常使用,正式,
MFB011498,正常使用,正式,
MFB011499,正常使用,正式,
MFB011500,取消编码，请核查,禁用,
MFB011519,正常使用,临时,
MFB011529,正常使用,正式,
MFB011533,正常使用,临时,
MFB011539,正常使用,临时,
MFB011545,正常使用,正式,
MFB011548,正常使用,临时,
MFB011550,正常使用,正式,
MFB011551,消耗，请核查,消耗,
MFB011554,取消编码，请核查,禁用,
MFB011555,取消编码，请核查,禁用,
MFB011558,正常使用,正式,
MFB011596,取消编码，请核查,禁用,
MFB011597,正常使用,正式,
MFB011598,取消编码，请核查,禁用,
MFB011604,正常使用,正式,
MFB011612,正常使用,临时,
MFB011613,正常使用,临时,
MFB011635,正常使用,临时,
MFB011636,禁用，请核查,消耗,
MFB011637,禁用，请核查,消耗,
MFB011638,禁用，请核查,消耗,
MFB011641,正常使用,正式,
MFB011642,正常使用,正式,
MFB011658,正常使用,临时,
MFB011663,取消编码，请核查,禁用,
MFB011664,取消编码，请核查,禁用,
MFB011676,正常使用,正式,
MFB011678,正常使用,正式,
MFB011680,正常使用,临时,
MFB011681,正常使用,临时,
MFB011682,取消编码，请核查,禁用,
MFB011693,正常使用,正式,
MFB011709,正常使用,正式,
MFB011713,正常使用,正式,
MFB011716,正常使用,正式,
MFB011717,正常使用,正式,
MFB011719,正常使用,正式,
MFB011720,正常使用,临时,
MFB011722,正常使用,临时,
MFB011723,正常使用,正式,
MFB011726,正常使用,正式,
MFB011727,正常使用,临时,
MFB011729,正常使用,正式,
MFB011733,消耗，请核查,消耗,
MFB011734,消耗，请核查,消耗,
MFB011735,取消编码，请核查,禁用,
MFB011736,取消编码，请核查,禁用,
MFB011739,正常使用,正式,
MFB011740,取消编码，请核查,禁用,
MFB011742,取消编码，请核查,禁用,
MFB011743,正常使用,正式,
MFB011744,正常使用,正式,
MFB011746,正常使用,正式,
MFB011758,正常使用,临时,
MFB011764,禁用，升级替换为MFB012377,临时,
MFB011768,正常使用,正式,
MFB011769,正常使用,正式,
MFB011770,正常使用,正式,
MFB011775,正常使用,临时,
MFB011776,正常使用,临时,
MFB011783,正常使用,临时,
MFB011784,正常使用,临时,
MFB011785,正常使用,临时,
MFB011788,正常使用,正式,
MFB011789,正常使用,正式,
MFB011790,正常使用,正式,
MFB011793,正常使用,正式,
MFB011800,正常使用,临时,
MFB011801,正常使用,临时,
MFB011802,正常使用,正式,
MFB011803,正常使用,临时,
MFB011806,正常使用,临时,
MFB011807,正常使用,临时,
MFB011808,正常使用,临时,
MFB011811,正常使用,正式,
MFB011812,正常使用,正式,
MFB011814,正常使用,临时,
MFB011815,正常使用,正式,
MFB011816,正常使用,临时,
MFB011819,正常使用,临时,
MFB011820,正常使用,正式,
MFB011821,正常使用,正式,
MFB011826,取消编码，请核查,禁用,
MFB011827,取消编码，请核查,禁用,
MFB011836,正常使用,正式,
MFB011845,正常使用,正式,
MFB011846,正常使用,正式,
MFB011851,正常使用,正式,
MFB011863,正常使用,正式,
MFB011867,正常使用,临时,
MFB011869,正常使用,临时,
MFB011870,正常使用,正式,
MFB011871,正常使用,临时,
MFB011881,正常使用,临时,
MFB011893,正常使用,正式,
MFB011897,正常使用,正式,
MFB011899,正常使用,临时,
MFB011901,正常使用,临时,
MFB011902,正常使用,临时,
MFB011904,正常使用,临时,
MFB011907,正常使用,临时,
MFB011909,正常使用,临时,
MFB011910,正常使用,临时,
MFB011915,正常使用,正式,
MFB011916,正常使用,临时,
MFB011917,正常使用,临时,
MFB011918,正常使用,临时,
MFB011922,正常使用,正式,
MFB011923,正常使用,临时,
MFB011924,正常使用,临时,
MFB011938,正常使用,正式,
MFB011956,正常使用,正式,
MFB011960,取消编码，请核查,禁用,
MFB011962,正常使用,正式,
MFB011963,正常使用,正式,
MFB011993,正常使用,临时,
MFB012015,正常使用,临时,
MFB012016,消耗，请核查,消耗,
MFB012017,正常使用,正式,
MFB012021,正常使用,临时,
MFB012032,正常使用,正式,
MFB012041,正常使用,正式,
MFB012053,正常使用,临时,
MFB012054,正常使用,正式,
MFB012056,正常使用,正式,
MFB012058,正常使用,临时,
MFB012063,正常使用,临时,
MFB012064,正常使用,临时,
MFB012070,正常使用,临时,
MFB012072,正常使用,正式,
MFB012074,正常使用,正式,
MFB012075,正常使用,正式,
MFB012077,正常使用,临时,
MFB012078,正常使用,临时,
MFB012080,正常使用,临时,
MFB012082,正常使用,正式,
MFB012083,正常使用,正式,
MFB012086,正常使用,临时,
MFB012091,正常使用,临时,
MFB012093,正常使用,临时,
MFB012105,正常使用,正式,
MFB012107,正常使用,临时,
MFB012113,正常使用,正式,
MFB012114,正常使用,正式,
MFB012117,正常使用,正式,
MFB012122,正常使用,临时,
MFB012132,取消编码，请核查,禁用,
MFB012133,取消编码，请核查,禁用,
MFB012142,正常使用,正式,
MFB012144,正常使用,临时,
MFB012147,正常使用,临时,
MFB012149,正常使用,正式,
MFB012155,取消编码，请核查,禁用,
MFB012161,正常使用,正式,
MFB012184,正常使用,正式,
MFB012185,正常使用,正式,
MFB012191,取消编码，请核查,禁用,
MFB012192,消耗，请核查,消耗,
MFB012193,取消编码，请核查,禁用,
MFB012201,正常使用,正式,
MFB012202,正常使用,临时,
MFB012206,正常使用,临时,
MFB012223,正常使用,正式,
MFB012226,正常使用,临时,
MFB012251,正常使用,正式,
MFB012280,正常使用,正式,
MFB012281,正常使用,正式,
MFB012283,正常使用,正式,
MFB012297,正常使用,正式,
MFB012303,正常使用,正式,
MFB012340,正常使用,临时,
MFB012344,消耗，请核查,消耗,
MFB012345,取消编码，请核查,禁用,
MFB012350,正常使用,临时,
MFB012351,正常使用,临时,
MFB012356,正常使用,正式,
MFB012358,正常使用,临时,
MFB012363,消耗，请核查,消耗,
MFB012365,取消编码，请核查,禁用,
MFB012366,取消编码，请核查,禁用,
MFB012374,正常使用,正式,
MFB012376,正常使用,正式,
MFB012379,正常使用,正式,
MFB012418,正常使用,正式,
MFB012424,正常使用,临时,
MFB012425,正常使用,正式,
MFB012426,正常使用,正式,
MFB012427,正常使用,正式,
MFB012434,取消编码，请核查,禁用,
MFB012435,正常使用,临时,
MFB012436,正常使用,临时,
MFB012437,正常使用,临时,
MFB012440,正常使用,临时,
MFB012441,正常使用,临时,
MFB012449,正常使用,正式,
MFB012459,正常使用,临时,
MFB012462,正常使用,临时,
MFB012466,正常使用,临时,
MFB012468,正常使用,临时,
MFB012469,正常使用,正式,
MFB012481,正常使用,临时,
MFB012485,正常使用,临时,
MFB012491,正常使用,正式,
MFB012493,正常使用,临时,
MFB012494,正常使用,临时,
MFB012504,正常使用,正式,
MFB012507,正常使用,正式,
MFB012519,取消编码，请核查,禁用,
MFB012524,正常使用,正式,
MFB012551,正常使用,临时,
MFB012559,正常使用,正式,
MFB012574,取消编码，请核查,禁用,
MFB012575,取消编码，请核查,禁用,
MFB012579,正常使用,临时,
MFB012581,正常使用,临时,
MFB012584,正常使用,正式,
MFB012598,正常使用,临时,
MFB012599,正常使用,临时,
MFB012602,正常使用,正式,
MFB012605,正常使用,正式,
MFB012606,正常使用,临时,
MFB012618,正常使用,正式,
MFB012631,正常使用,正式,
MFB012635,正常使用,正式,
MFB012636,正常使用,正式,
MFB012638,正常使用,临时,
MFB012647,正常使用,临时,
MFB012651,正常使用,临时,
MFB012654,正常使用,临时,
MFB012656,正常使用,临时,
MFB012660,正常使用,正式,
MFB012662,正常使用,正式,
MFB012668,正常使用,正式,
MFB012669,正常使用,正式,
MFB012677,正常使用,临时,
MFB012685,正常使用,正式,
MFB012697,正常使用,正式,
MFB012699,正常使用,正式,
MFB012700,正常使用,正式,
MFB012701,正常使用,正式,
MFB012703,正常使用,临时,
MFB012705,正常使用,临时,
MFB012707,正常使用,临时,
MFB012711,正常使用,正式,
MFB012725,正常使用,临时,
MFB012730,消耗，请核查,消耗,
MFB012731,消耗，请核查,消耗,
MFB012742,正常使用,临时,
MFB012765,正常使用,正式,
MFB012768,正常使用,正式,
MFB012774,正常使用,正式,
MFB012783,正常使用,临时,
MFB012784,正常使用,临时,
MFB012788,消耗，请核查,消耗,
MFB012789,正常使用,正式,
MFB012790,正常使用,正式,
MFB012803,正常使用,正式,
MFB012805,正常使用,临时,
MFB012807,正常使用,正式,
MFB012809,正常使用,临时,
MFB012810,正常使用,临时,
MFB012811,正常使用,临时,
MFB012816,取消编码，请核查,禁用,
MFB012819,正常使用,临时,
MFB012821,取消编码，请核查,禁用,
MFB012823,取消编码，请核查,禁用,
MFB012827,正常使用,临时,
MFB012828,正常使用,临时,
MFB012833,取消编码，请核查,禁用,
MFB012835,正常使用,正式,
MFB012840,取消编码，请核查,禁用,
MFB012841,取消编码，请核查,禁用,
MFB012848,正常使用,临时,
MFB012849,正常使用,临时,
MFB012852,正常使用,正式,
MFB012854,正常使用,正式,
MFB012859,正常使用,临时,
MFB012870,正常使用,临时,
MFB012871,正常使用,临时,
MFB012875,正常使用,临时,
MFB012878,正常使用,正式,
MFB012887,正常使用,临时,
MFB012889,取消编码，请核查,禁用,
MFB012899,取消编码，请核查,禁用,
MFB012903,正常使用,临时,
MFB012906,正常使用,临时,
MFB012909,正常使用,正式,
MFB012912,正常使用,正式,
MFB012917,正常使用,临时,
MFB012918,正常使用,临时,
MFB012919,正常使用,临时,
MFB012931,正常使用,临时,
MFB012934,正常使用,临时,
MFB012936,正常使用,临时,
MFB012940,正常使用,正式,
MFB012945,正常使用,临时,
MFB012946,正常使用,临时,
MFB012948,正常使用,临时,
MFB012956,正常使用,临时,
MFB012957,正常使用,临时,
MFB012959,正常使用,临时,
MFB012965,正常使用,临时,
MFB012986,正常使用,临时,
MFB012988,正常使用,临时,
MFB012993,正常使用,临时,
MFB012997,正常使用,临时,
MFB012998,正常使用,临时,
MFB013004,正常使用,临时,
MFB013005,正常使用,临时,
MFB013006,正常使用,临时,
MFB013008,正常使用,临时,
MFB013010,正常使用,正式,
MFB013020,正常使用,临时,
MFB013021,正常使用,临时,
MFB013022,正常使用,临时,
MFB013026,正常使用,临时,
MFB013027,正常使用,临时,
MFB013030,正常使用,正式,
MFB013031,正常使用,临时,
MFB013033,正常使用,临时,
MFB013035,正常使用,正式,
MFB013040,正常使用,临时,
MFB013049,正常使用,临时,
MFB013053,正常使用,正式,
MFB013059,正常使用,正式,
MFB013061,正常使用,正式,
MFB013064,正常使用,临时,
MFB013066,正常使用,临时,
MFB013075,取消编码，请核查,禁用,
MFB013085,正常使用,临时,
MFB013086,正常使用,临时,
MFB013090,正常使用,临时,
MFB013091,正常使用,临时,
MFB013098,正常使用,临时,
MFB013099,正常使用,临时,
MFB013102,消耗，请核查,消耗,
MFB013106,正常使用,临时,
MFB013107,正常使用,临时,
MFB013110,正常使用,正式,
MFB013112,正常使用,正式,
MFB013114,正常使用,正式,
MFB013116,正常使用,临时,
MFB013119,禁用，请核查,正式,
MFB013120,禁用，请核查,消耗,
MFB013123,正常使用,临时,
MFB013125,正常使用,临时,
MFB013128,正常使用,临时,
MFB013129,正常使用,正式,
MFB013130,正常使用,临时,
MFB013137,正常使用,临时,
MFB013138,正常使用,临时,
MFB013147,正常使用,正式,
MFB013150,正常使用,正式,
MFB013157,正常使用,正式,
MFB013159,正常使用,正式,
MFB013161,正常使用,临时,
MFB013163,正常使用,临时,
MFB013175,正常使用,正式,
MFB013180,正常使用,临时,
MFB013198,正常使用,正式,
MFB013200,正常使用,正式,
MFB013202,正常使用,临时,
MFB013204,正常使用,临时,
MFB013210,正常使用,正式,
MFB013225,正常使用,临时,
MFB013226,正常使用,临时,
MFB013245,正常使用,临时,
MFB013262,正常使用,正式,
MFB013266,正常使用,临时,
MFB013285,正常使用,正式,
MFB013286,取消编码，请核查,禁用,
MFB013288,正常使用,临时,
MFB013289,正常使用,临时,
MFB013333,正常使用,正式,
MFB013365,正常使用,临时,
MFB013373,正常使用,临时,
MFB013395,正常使用,临时,
MFB013397,正常使用,临时,
MFB013412,正常使用,临时,
MFB013413,正常使用,临时,
MFB013415,正常使用,临时,
MFB013416,正常使用,临时,
MFB013431,正常使用,临时,
MFB013432,正常使用,临时,
MFB013434,正常使用,正式,
MFB013437,正常使用,临时,
MFB013441,正常使用,临时,
MFB013493,正常使用,正式,
MFB013495,正常使用,正式,
MFB013511,正常使用,临时,
MFB013512,正常使用,临时,
MFB013513,正常使用,临时,
MFB013527,正常使用,临时,
MFB013528,正常使用,正式,
MFB013532,正常使用,正式,
MFB013542,正常使用,正式,
MFB013556,消耗，请核查,消耗,
MFB013563,正常使用,临时,
MFB013584,正常使用,正式,
MFB013592,正常使用,临时,
MFB013593,正常使用,临时,
MFB013594,正常使用,临时,
MFB013595,正常使用,临时,
MFB013596,正常使用,临时,
MFB013606,正常使用,正式,
MFB013607,正常使用,正式,
MFB013617,正常使用,临时,
MFB013618,正常使用,临时,
MFB013637,正常使用,临时,
MFB013638,正常使用,临时,
MFB013644,正常使用,临时,
MFB013645,正常使用,临时,
MFB013646,正常使用,临时,
MFB013647,正常使用,临时,
MFB013648,正常使用,临时,
MFB013650,正常使用,正式,
MFB013651,正常使用,正式,
MFB013652,正常使用,正式,
MFB013653,正常使用,正式,
MFB013662,正常使用,正式,
MFB013665,正常使用,临时,
MFB013667,正常使用,临时,
MFB013668,正常使用,临时,
MFB013669,正常使用,临时,
MFB013670,正常使用,临时,
MFB013673,正常使用,正式,
MFB013674,正常使用,正式,
MFB013675,正常使用,正式,
MFB013676,正常使用,正式,
MFB013678,正常使用,正式,
MFB013679,正常使用,临时,
MFB013681,正常使用,正式,
MFB013682,正常使用,正式,
MFB013686,正常使用,临时,
MFB013687,正常使用,临时,
MFB013688,正常使用,临时,
MFB013690,正常使用,临时,
MFB013692,正常使用,临时,
MFB013697,正常使用,临时,
MFB013705,正常使用,临时,
MFB013726,正常使用,临时,
MFB013728,正常使用,正式,
MFB013729,正常使用,正式,
MFB013733,正常使用,正式,
MFB013737,正常使用,正式,
MFB013749,正常使用,正式,
MFB013750,正常使用,正式,
MFB013764,正常使用,正式,
MFB013765,正常使用,正式,
MFB013767,正常使用,正式,
MFB013768,正常使用,正式,
MFB013769,正常使用,正式,
MFB013770,正常使用,正式,
MFB013772,正常使用,正式,
MFB013773,正常使用,正式,
MFB013774,正常使用,正式,
MFB013775,正常使用,正式,
MFB013777,正常使用,正式,
MFB013778,正常使用,正式,
MFB013780,正常使用,临时,
MFB013784,正常使用,临时,
MFB013785,正常使用,临时,
MFB013787,正常使用,临时,
MFB013788,正常使用,临时,
MFB013789,正常使用,临时,
MFB013794,正常使用,正式,
MFB013795,正常使用,正式,
MFB013796,正常使用,正式,
MFB013797,正常使用,正式,
MFB013798,正常使用,正式,
MFB013799,正常使用,正式,
MFB013800,正常使用,正式,
MFB013801,正常使用,正式,
MFB013802,正常使用,正式,
MFB013803,正常使用,正式,
MFB013806,正常使用,临时,
MFB013807,正常使用,临时,
MFB013814,正常使用,正式,
MFB013816,正常使用,正式,
MFB013818,正常使用,正式,
MFB013828,正常使用,临时,
MFB013829,正常使用,正式,
MFB013831,正常使用,正式,
MFB013834,正常使用,正式,
MFB013835,正常使用,正式,
MFB013838,正常使用,正式,
MFB013839,正常使用,正式,
MFB013846,正常使用,临时,
MFB013847,正常使用,临时,
MFB013848,正常使用,临时,
MFB013849,正常使用,临时,
MFB013850,正常使用,临时,
MFB013851,正常使用,临时,
MFB013852,正常使用,临时,
MFB013858,正常使用,正式,
MFB013859,正常使用,正式,
MFB013860,正常使用,正式,
MFB013861,正常使用,临时,
MFB013862,正常使用,正式,
MFB013863,正常使用,正式,
MFB013864,正常使用,正式,
MFB013868,正常使用,临时,
MFB013870,正常使用,临时,
MFB013872,正常使用,临时,
MFB013873,正常使用,临时,
MFB013874,正常使用,临时,
MFB013900,正常使用,正式,
MFB013901,正常使用,正式,
MFB013902,正常使用,正式,
MFB013903,正常使用,正式,
MFB013904,正常使用,临时,
MFB013905,正常使用,临时,
MFB013906,正常使用,临时,
MFB013907,正常使用,临时,
MFB013914,正常使用,临时,
MFB013917,正常使用,正式,
MFB013923,正常使用,临时,
MFB013924,正常使用,临时,
MFB013925,正常使用,临时,
MFB013926,正常使用,临时,
MFB013927,正常使用,临时,
MFB013928,正常使用,临时,
MFB013929,正常使用,临时,
MFB013930,正常使用,临时,
MFB013931,正常使用,临时,
MFB013932,正常使用,临时,
MFB013933,正常使用,临时,
MFB013934,正常使用,临时,
MFB013935,正常使用,临时,
MFB013936,正常使用,临时,
MFB013937,正常使用,临时,
MFB013950,正常使用,临时,
MFB013951,正常使用,临时,
MFB013952,正常使用,临时,
MFB013953,正常使用,临时,
MFB013954,正常使用,正式,
MFB013955,正常使用,正式,
MFB013956,正常使用,正式,
MFB013957,正常使用,正式,
MFB013958,正常使用,正式,
MFB013959,正常使用,临时,
MFB013960,正常使用,临时,
MFB013974,正常使用,临时,
MFB013975,正常使用,临时,
MFB013976,正常使用,临时,
MFB013979,取消编码，请核查,禁用,
MFB013980,正常使用,临时,
MFB013981,正常使用,临时,
MFB013982,正常使用,临时,
MFB013983,正常使用,正式,
MFB013985,取消编码，请核查,禁用,
MFB013987,正常使用,临时,
MFB013988,正常使用,临时,
MFB013989,正常使用,临时,
MFB013990,正常使用,临时,
MFB013991,正常使用,临时,
MFB013993,正常使用,临时,
MFB013994,正常使用,临时,
MFB013996,取消编码，请核查,禁用,
MFB013997,正常使用,临时,
MFB013998,正常使用,临时,
MFB014002,正常使用,正式,
MFB014004,正常使用,临时,
MFB014006,正常使用,正式,
MFB014007,取消编码，请核查,禁用,
MFB014008,正常使用,临时,
MFB014009,正常使用,临时,
MFB014010,正常使用,临时,
MFB014014,正常使用,临时,
MFB014015,正常使用,临时,
MFB014016,正常使用,临时,
MFB014017,正常使用,临时,
MFB014019,正常使用,临时,
MFB014020,正常使用,临时,
MFB014021,取消编码，请核查,禁用,
MFB014022,正常使用,临时,
MFB014023,正常使用,临时,
MFB014026,正常使用,临时,
MFB014027,正常使用,临时,
MFB014029,正常使用,临时,
MFB014030,正常使用,正式,
MFB014031,正常使用,临时,
MFB014034,正常使用,临时,
MFB014035,正常使用,临时,
MFB014036,正常使用,临时,
MFB014037,正常使用,临时,
MFB014038,正常使用,临时,
MFB014040,正常使用,临时,
MFB014041,正常使用,临时,
MFB014042,正常使用,临时,
MFB014043,正常使用,临时,
MFB014044,正常使用,临时,
MFB014045,正常使用,临时,
MFB014046,正常使用,临时,
MFB014047,正常使用,临时,
MFB014048,正常使用,临时,
MFB014049,正常使用,临时,
MFB014052,正常使用,临时,
MFB014054,取消编码，请核查,禁用,
MFB014057,取消编码，请核查,禁用,
MFB014058,正常使用,临时,
MFB014060,取消编码，请核查,禁用,
MFB014062,正常使用,临时,
MFB014063,正常使用,临时,
MFB014064,正常使用,正式,
MFB014065,正常使用,临时,
MFB014067,正常使用,临时,
MFB014068,正常使用,临时,
MFB014069,取消编码，请核查,禁用,
MFB014071,正常使用,临时,
MFB014074,正常使用,临时,
MFB014075,正常使用,临时,
MFB014078,正常使用,临时,
MFB014080,正常使用,临时,
MFB014081,正常使用,临时,
MFB014082,正常使用,临时,
MFB014083,正常使用,临时,
MFB014084,正常使用,正式,
MFB014086,正常使用,临时,
MFB014088,正常使用,临时,
MFB014090,正常使用,临时,
MFB014091,正常使用,临时,
MFB014092,正常使用,临时,
MFB014095,正常使用,临时,
MFB014096,正常使用,临时,
MFB014097,正常使用,临时,
MFB014098,正常使用,正式,
MFB014099,正常使用,临时,
MFB014100,正常使用,临时,
MFB014101,正常使用,临时,
MFB014102,正常使用,临时,
MFB014103,正常使用,临时,
MFB014105,取消编码，请核查,禁用,
MFB014106,正常使用,临时,
MFB014108,正常使用,临时,
MFB014109,正常使用,临时,
MFB014110,正常使用,临时,
MFB014111,正常使用,临时,
MFB014112,正常使用,临时,
MFB014113,正常使用,临时,
MFB014116,正常使用,临时,
MFB014117,正常使用,临时,
MFB014118,正常使用,临时,
MFB014120,正常使用,临时,
MFB014121,正常使用,临时,
MFB014122,正常使用,临时,
MFB014124,正常使用,临时,
MFB014125,正常使用,临时,
MFB014126,正常使用,临时,
MFB014127,正常使用,临时,
MFB014128,正常使用,临时,
MFB014129,正常使用,临时,
MFB014130,正常使用,临时,
MFB014131,正常使用,临时,
MFB014132,正常使用,临时,
MFB014133,正常使用,临时,
MFB014134,正常使用,临时,
MFB014135,正常使用,临时,
MFB014136,正常使用,临时,
MFB014137,正常使用,临时,
MFB014138,正常使用,正式,
MFB014140,正常使用,临时,
MFB014141,正常使用,临时,
MFB014142,正常使用,临时,
MFB014143,正常使用,临时,
MFB014144,正常使用,临时,
MFB014146,正常使用,正式,
MFB014147,正常使用,正式,
MFB014148,正常使用,临时,
MFB014152,正常使用,临时,
MFB014153,正常使用,临时,
MFB014155,正常使用,临时,
MFB014156,正常使用,临时,
MFB014157,正常使用,临时,
MFB014160,正常使用,正式,
MFB014161,正常使用,临时,
MFB014164,正常使用,临时,
MFB014166,正常使用,正式,
MFB014168,正常使用,临时,
MFB014170,正常使用,临时,
MFB014171,正常使用,临时,
MFB014172,正常使用,临时,
MFB014173,禁用，请核查,禁用,
MFB014174,正常使用,临时,
MFB014175,正常使用,正式,
MFB014176,正常使用,临时,
MFB014177,正常使用,正式,
MFB014178,正常使用,临时,
MFB014179,正常使用,临时,
MFB014182,正常使用,临时,
MFB014183,正常使用,临时,
MFB014184,正常使用,临时,
MFB014185,正常使用,临时,
MFB014186,正常使用,正式,
MFB014189,正常使用,临时,
MFB014190,取消编码，请核查,禁用,
MFB014191,正常使用,临时,
MFB014192,正常使用,临时,
MFB014193,正常使用,临时,
MFB014194,正常使用,临时,
MFB014195,正常使用,临时,
MFB014196,正常使用,临时,
MFB014198,正常使用,临时,
MFB014200,正常使用,临时,
MFB014202,正常使用,临时,
MFB014204,正常使用,临时,
MFB014205,正常使用,临时,
MFB014206,正常使用,临时,
MFB014208,正常使用,临时,
MFB014210,正常使用,正式,
MFB014211,正常使用,临时,
MFB014213,正常使用,临时,
MFB014214,正常使用,临时,
MFB014215,正常使用,临时,
MFB014216,正常使用,临时,
MFB014217,正常使用,临时,
MFB014218,正常使用,临时,
MFB014219,正常使用,临时,
MFB014248,正常使用,临时,
MFB014275,正常使用,临时,
MFB014276,正常使用,临时,
MFB014277,正常使用,临时,
MFB014278,正常使用,临时,
MFB014279,正常使用,临时,
MFB014280,正常使用,正式,
MFB014281,正常使用,正式,
MFB014282,正常使用,正式,
MFB014283,正常使用,正式,
MFB014284,正常使用,正式,
MFB014287,正常使用,正式,
MFB014289,正常使用,正式,
MFB014290,正常使用,正式,
MFB014304,正常使用,临时,
MFB014305,正常使用,临时,
MFB014306,正常使用,临时,
MFB014307,正常使用,临时,
MFB014308,正常使用,临时,
MFB014309,正常使用,临时,
MFB014310,正常使用,临时,
MFB014311,正常使用,临时,
MFB014315,正常使用,正式,
MFB014316,正常使用,正式,
MFB014318,正常使用,正式,
MFB014319,正常使用,正式,
MFB014321,正常使用,正式,
MFB014323,正常使用,临时,
MFB014325,正常使用,临时,
MFB014326,正常使用,临时,
MFB014327,正常使用,临时,
MFB014329,正常使用,临时,
MFB014330,正常使用,临时,
MFB014335,正常使用,正式,
MFB014336,正常使用,临时,
MFB014337,正常使用,临时,
MFB014338,正常使用,临时,
MFB014339,正常使用,临时,
MFB014340,正常使用,正式,
MFB014341,正常使用,正式,
MFB014345,正常使用,临时,
MFB014346,正常使用,临时,
MFB014347,正常使用,临时,
MFB014348,正常使用,正式,
MFB014349,正常使用,正式,
MFB014352,正常使用,临时,
MFB014353,正常使用,正式,
MFB014354,正常使用,正式,
MFB014355,正常使用,正式,
MFB014356,正常使用,正式,
MFB014361,正常使用,临时,
MFB014362,正常使用,临时,
MFB014365,正常使用,临时,
MFB014372,正常使用,临时,
MFB014374,正常使用,正式,
MFB014385,正常使用,临时,
MFB014389,正常使用,临时,
MFB014393,正常使用,临时,
MFB014397,正常使用,临时,
MFB014398,正常使用,临时,
MFB014402,正常使用,临时,
MFB014406,正常使用,临时,
MFB014411,正常使用,临时,
MFB014417,正常使用,临时,
MFB014419,正常使用,临时,
MFB014420,正常使用,临时,
MFB014421,正常使用,临时,
MFB014427,正常使用,临时,
MFB014432,正常使用,临时,
MFB014434,正常使用,临时,
MFB014454,正常使用,临时,
MFB014456,正常使用,临时,
MFB014457,正常使用,临时,
MFB014463,取消编码，请核查,禁用,
MFB014464,取消编码，请核查,禁用,
MFB014467,正常使用,临时,
MFB014468,正常使用,临时,
MFB014469,正常使用,临时,
MFB014470,正常使用,临时,
MFB014475,正常使用,临时,
MFB014478,正常使用,临时,
MFB014479,正常使用,临时,
MFB014480,正常使用,临时,
MFB014482,正常使用,临时,
MFB014483,正常使用,临时,
MFB014484,正常使用,临时,
MFB014491,正常使用,临时,
MFB014494,正常使用,临时,
MFB014496,正常使用,临时,
MFB014498,正常使用,临时,
MFB014512,正常使用,临时,
MFB014513,正常使用,临时,
MFB014526,正常使用,临时,
MFB014527,正常使用,临时,
MFB014528,正常使用,临时,
MFB014529,正常使用,临时,
MFB014530,正常使用,临时,
MFB014532,正常使用,临时,
MFB014533,正常使用,临时,
MFB014534,正常使用,临时,
MFB014535,正常使用,临时,
MFB014547,正常使用,临时,
MFB014548,正常使用,临时,
MFB014551,正常使用,临时,
MFB014552,正常使用,临时,
MFB014562,正常使用,临时,
MFB014564,正常使用,临时,
MFB014569,正常使用,临时,
MFB014570,正常使用,临时,
MFB014573,正常使用,临时,
MFB014581,正常使用,临时,
MFB014583,正常使用,正式,
MFB014589,正常使用,临时,
MFB014596,正常使用,临时,
MFB014598,正常使用,临时,
MFB014600,正常使用,临时,
MFB014602,正常使用,临时,
MFB014603,取消编码，请核查,禁用,
MFB014605,正常使用,临时,
MFB014607,正常使用,临时,
MFB014608,正常使用,临时,
MFB014612,正常使用,临时,
MFB014613,正常使用,临时,
MFB014615,正常使用,临时,
MFB014616,取消编码，请核查,禁用,
MFB014617,正常使用,临时,
MFB014618,正常使用,临时,
MFB014619,正常使用,临时,
MFB014621,正常使用,临时,
MFB014622,正常使用,临时,
MFB014623,正常使用,临时,
MFB014624,正常使用,临时,
MFB014626,正常使用,临时,
MFB014627,正常使用,临时,
MFB014628,正常使用,临时,
MFB014629,正常使用,临时,
MFB014630,正常使用,临时,
MFB014631,正常使用,临时,
MFB014632,正常使用,临时,
MFB014633,正常使用,临时,
MFB014634,正常使用,临时,
MFB014635,正常使用,临时,
MFB014636,正常使用,临时,
MFB014638,正常使用,临时,
MFB014639,正常使用,临时,
MFB014640,正常使用,临时,
MFB014641,正常使用,临时,
MFB014643,正常使用,临时,
MFB014644,正常使用,临时,
MFB014645,正常使用,临时,
MFB014649,正常使用,临时,
MFB014650,正常使用,临时,
MFB014651,正常使用,正式,
MFB014652,正常使用,正式,
MFB014655,正常使用,临时,
MFB014657,正常使用,临时,
MFB014658,正常使用,临时,
MFB014659,正常使用,正式,
MFB014660,正常使用,正式,
MFB014661,正常使用,正式,
MFB014662,正常使用,正式,
MFB014666,正常使用,临时,
MFB014669,正常使用,临时,
MFB014670,正常使用,正式,
MFB014675,正常使用,临时,
MFB014676,正常使用,临时,
MFB014677,正常使用,临时,
MFB014678,正常使用,临时,
MFB014679,正常使用,临时,
MFB014680,正常使用,临时,
MFB014681,正常使用,临时,
MFB014682,正常使用,临时,
MFB014686,正常使用,临时,
MFB014687,正常使用,临时,
MFB014690,正常使用,临时,
MFB014691,正常使用,临时,
MFB014692,正常使用,临时,
MFB014693,正常使用,临时,
MFB014694,正常使用,正式,
MFB014695,正常使用,正式,
MFB014700,正常使用,临时,
MFB014701,正常使用,临时,
MFB014702,正常使用,临时,
MFB014703,正常使用,临时,
MFB014706,正常使用,正式,
MFB014707,正常使用,临时,
MFB014708,正常使用,正式,
MFB014709,正常使用,临时,
MFB014712,正常使用,临时,
MFB014713,正常使用,临时,
MFB014718,正常使用,临时,
MFB014719,正常使用,正式,
MFB014720,正常使用,正式,
MFB014721,正常使用,正式,
MFB014722,正常使用,正式,
MFB014723,正常使用,正式,
MFB014726,正常使用,正式,
MFB014727,正常使用,正式,
MFB014730,正常使用,临时,
MFB014731,正常使用,临时,
MFB014736,正常使用,临时,
MFB014737,正常使用,临时,
MFB014738,正常使用,临时,
MFB014748,正常使用,临时,
MFB014749,正常使用,临时,
MFB014750,正常使用,临时,
MFB014751,正常使用,临时,
MFB014752,正常使用,临时,
MFB014753,正常使用,临时,
MFB014754,正常使用,正式,
MFB014755,正常使用,正式,
MFB014756,正常使用,正式,
MFB014757,正常使用,正式,
MFB014760,正常使用,正式,
MFB014761,正常使用,正式,
MFB014762,正常使用,正式,
MFB014763,正常使用,正式,
MFB014764,正常使用,正式,
MFB014786,正常使用,临时,
MFB014787,正常使用,临时,
MFB014788,正常使用,临时,
MFB014789,正常使用,临时,
MFB014790,正常使用,临时,
MFB014791,正常使用,临时,
MFB014792,正常使用,临时,
MFB014793,正常使用,临时,
MFB014794,正常使用,临时,
MFB014795,正常使用,临时,
MFB014796,正常使用,正式,
MFB014797,正常使用,正式,
MFB014799,正常使用,正式,
MFB014800,正常使用,正式,
MFB014801,正常使用,临时,
MFB014802,正常使用,临时,
MFB014803,正常使用,临时,
MFB014804,正常使用,临时,
MFB014805,正常使用,临时,
MFB014806,正常使用,临时,
MFB014807,正常使用,临时,
MFB014808,正常使用,临时,
MFB014809,正常使用,临时,
MFB014810,正常使用,临时,
MFB014814,正常使用,正式,
MFB014815,正常使用,正式,
MFB014817,正常使用,正式,
MFB014818,正常使用,正式,
MFB014823,正常使用,正式,
MFB014824,正常使用,正式,
MFB014833,正常使用,临时,
MFB014834,正常使用,临时,
MFB014840,正常使用,临时,
MFB014841,正常使用,临时,
MFB014872,正常使用,临时,
MFB014873,正常使用,临时,
MFB014876,正常使用,正式,
MFB014877,正常使用,正式,
MFB014878,正常使用,临时,
MFB014879,正常使用,临时,
MFB014894,正常使用,临时,
MFB014895,正常使用,临时,
MFB014896,正常使用,临时,
MFB014897,正常使用,临时,
MFB014898,正常使用,临时,
MFB014899,正常使用,临时,
MFB014906,正常使用,正式,
MFB014909,正常使用,临时,
MFB014910,正常使用,临时,
MFB014911,正常使用,临时,
MFB014912,正常使用,临时,
MFB014913,正常使用,临时,
MFB014917,正常使用,临时,
MFB014918,正常使用,临时,
MFB014925,正常使用,正式,
MFB014926,正常使用,正式,
MFB014929,正常使用,正式,
MFB014930,正常使用,正式,
MFB014931,正常使用,正式,
MFB014937,正常使用,临时,
MFB014938,正常使用,临时,
MFB014939,正常使用,临时,
MFB014943,正常使用,临时,
MFB014944,正常使用,临时,
MFB014950,正常使用,正式,
MFB014954,正常使用,临时,
MFB014955,正常使用,临时,
MFB014956,正常使用,临时,
MFB014957,正常使用,临时,
MFB014962,正常使用,临时,
MFB014963,正常使用,临时,
MFB014964,正常使用,临时,
MFB014965,正常使用,临时,
MFB014966,正常使用,临时,
MFB014967,正常使用,临时,
MFB014971,正常使用,临时,
MFB014972,正常使用,临时,
MFB014973,正常使用,临时,
MFB014974,正常使用,临时,
MFB014975,正常使用,临时,
MFB014977,正常使用,临时,
MFB014978,正常使用,临时,
MFB014979,正常使用,临时,
MFB014980,正常使用,临时,
MFB015032,正常使用,临时,
MFB015033,正常使用,临时,
MFB015034,正常使用,临时,
MFB015035,正常使用,临时,
MFB015036,正常使用,临时,
MFB015041,正常使用,正式,
MFB015042,正常使用,正式,
MFB015043,正常使用,正式,
MFB015044,正常使用,正式,
MFB015053,正常使用,临时,
MFB015054,正常使用,临时,
MFB015055,正常使用,临时,
MFB015062,正常使用,临时,
MFB015063,正常使用,正式,
MFB015064,正常使用,正式,
MFB015065,正常使用,正式,
MFB015068,正常使用,正式,
MFB015069,正常使用,正式,
MFB015070,正常使用,正式,
MFB015071,正常使用,正式,
MFB015072,正常使用,正式,
MFB015073,正常使用,正式,
MFB015074,正常使用,正式,
MFB015075,正常使用,正式,
MFB015076,正常使用,临时,
MFB015077,正常使用,临时,
MFB015078,正常使用,临时,
MFB015079,正常使用,临时,
MFB015080,正常使用,临时,
MFB015082,正常使用,正式,
MFB015083,正常使用,正式,
MFB015084,正常使用,正式,
MFB015085,正常使用,正式,
MFB015092,正常使用,临时,
MFB015093,正常使用,正式,
MFB015094,正常使用,正式,
MFB015098,正常使用,正式,
MFB015099,正常使用,正式,
MFB015102,正常使用,临时,
MFB015104,正常使用,正式,
MFB015105,正常使用,正式,
MFB015106,正常使用,临时,
MFB015107,正常使用,临时,
MFB015109,正常使用,临时,
MFB015110,正常使用,临时,
MFB015134,正常使用,临时,
MFB015135,正常使用,临时,
MFB015136,正常使用,临时,
MFB015137,正常使用,临时,
MFB015144,正常使用,临时,
MFB015145,正常使用,临时,
MFB015149,正常使用,正式,
MFB015150,正常使用,正式,
MFB015154,正常使用,临时,
MFB015155,正常使用,临时,
MFB015156,正常使用,临时,
MFB015157,正常使用,临时,
MFB015158,正常使用,临时,
MFB015159,正常使用,临时,
MFB015160,正常使用,临时,
MFB015163,正常使用,临时,
MFB015164,正常使用,临时,
MFB015165,正常使用,临时,
MFB015166,正常使用,临时,
MFB015167,正常使用,临时,
MFB015168,正常使用,临时,
MFB015169,正常使用,临时,
MFB015170,正常使用,临时,
MFB015176,正常使用,临时,
MFB015177,正常使用,临时,
MFB015178,正常使用,临时,
MFB015179,正常使用,临时,
MFB015184,正常使用,正式,
MFB015185,正常使用,临时,
MFB015186,正常使用,临时,
MFB015225,正常使用,临时,
MFB015226,正常使用,临时,
MFB015227,正常使用,临时,
MFB015228,正常使用,临时,
MFB015235,正常使用,临时,
MFB015242,正常使用,临时,
MFB015243,正常使用,临时,
MFB015244,正常使用,临时,
MFB015251,正常使用,临时,
MFB030053,正常使用,临时,
MFB030067,正常使用,临时,
MFB030135,正常使用,临时,
MFB030179,正常使用,临时,
MFB030180,正常使用,正式,
MFB030287,正常使用,临时,
MFB030288,正常使用,临时,
MFB030302,正常使用,临时,
MFB030303,正常使用,临时,
MFB030318,正常使用,临时,
MFB030319,正常使用,临时,
MFB030438,正常使用,临时,
MFB030439,正常使用,临时,
MFB030473,正常使用,临时,
MFB030474,正常使用,临时,
MFB030495,正常使用,临时,
MFB030497,正常使用,临时,
MFB030620,正常使用,临时,
MFB030621,正常使用,临时,
MFB030753,正常使用,临时,
MFB030754,正常使用,临时,
MFB030776,正常使用,临时,
MFB030777,正常使用,临时,
MFB030794,正常使用,临时,
MFB030795,正常使用,临时,
MFB030825,正常使用,临时,
MFB030826,正常使用,临时,
MFB030856,正常使用,正式,
MFB030881,正常使用,临时,
MFB030882,正常使用,临时,
MFB030903,正常使用,正式,
MFB030904,正常使用,正式,
MFB030905,正常使用,正式,
MFB030943,正常使用,临时,
MFB031025,正常使用,临时,
MFB031026,正常使用,临时,
MFB031027,正常使用,临时,
MFB031041,正常使用,临时,
MFB031043,正常使用,临时,
MFB031044,正常使用,临时,
MFB031045,正常使用,临时,
MFB031046,正常使用,临时,
MFB031048,正常使用,临时,
MFB031049,正常使用,临时,
MFB031058,正常使用,临时,
MFB031059,正常使用,临时,
MFB031116,正常使用,临时,
MFB031117,正常使用,临时,
MFB031118,正常使用,临时,
MFB031119,正常使用,临时,
MFB031122,正常使用,临时,
MFB031123,正常使用,临时,
MFB031125,正常使用,临时,
MFB031173,正常使用,临时,
MFB031222,正常使用,临时,
MFB031223,正常使用,临时,
MFB031271,正常使用,临时,
MFB031275,正常使用,临时,
MFB031294,正常使用,临时,
MFB031295,正常使用,临时,
MFB031296,正常使用,临时,
MFB031305,正常使用,临时,
MFB031308,正常使用,临时,
MFB031309,正常使用,临时,
MFB031310,正常使用,临时,
MFB031311,正常使用,临时,
MFB031312,正常使用,临时,
MFB031313,正常使用,临时,
MFB031341,正常使用,正式,
MFB040088,正常使用,临时,
MFB040129,正常使用,正式,
MFB040162,正常使用,临时,
MFB040182,正常使用,正式,
MFB040183,正常使用,正式,
MFB040223,正常使用,正式,
MFB040224,正常使用,正式,
MFB040259,正常使用,临时,
MFB040355,正常使用,临时,
MFB040362,正常使用,临时,
MFB040364,正常使用,正式,
MFB040365,正常使用,正式,
MFB040391,正常使用,临时,
MFB040414,正常使用,临时,
MFB040415,正常使用,临时,
MFB040416,正常使用,临时,
MFB040417,正常使用,临时,
MFB040418,正常使用,临时,
MFB040435,正常使用,临时,
MFB040436,正常使用,临时,
MFB050006,正常使用,临时,
MFB050007,正常使用,临时,
MFB050008,正常使用,临时,
MFB050009,正常使用,临时,
MFB080005,正常使用,临时,
MFB080006,正常使用,临时,
MFB080007,正常使用,临时,
MFC010078,正常使用,临时,
MFC010079,正常使用,正式,
MFC010080,正常使用,正式,
MFC010081,正常使用,正式,
MFC010082,正常使用,正式,
MFC010117,正常使用,临时,
MFC010137,正常使用,正式,
MFC010159,正常使用,正式,
MFC030106,正常使用,正式,
MHC010045,正常使用,正式,
MHC010046,正常使用,正式,
MHC010047,正常使用,正式,
MHC010048,正常使用,正式,
MHC010050,正常使用,正式,
MHC010056,正常使用,正式,
MHC010057,正常使用,正式,
MHC010058,正常使用,正式,
MHC010059,正常使用,正式,
MHC010060,正常使用,正式,
MHC010061,正常使用,正式,
MHC010062,正常使用,正式,
MHC010069,正常使用,正式,
MHC010070,正常使用,正式,
MHC010071,正常使用,正式,
MHC010072,正常使用,正式,
MHC010073,正常使用,正式,
MHC010074,正常使用,正式,
MHC010087,正常使用,正式,
MHC010090,取消编码，请核查,禁用,
MHC010091,取消编码，请核查,禁用,
MHC010095,消耗，请核查,消耗,
MHC010096,取消编码，请核查,禁用,
MHC010103,正常使用,临时,
MHC010104,正常使用,临时,
MHC010105,正常使用,临时,
MHC010106,正常使用,临时,
MHC010107,消耗，请核查,消耗,
MHC010108,消耗，请核查,消耗,
MHC010109,消耗，请核查,消耗,
MHC010110,消耗，请核查,消耗,
MHC010111,取消编码，请核查,禁用,
MHC010115,正常使用,临时,
MHC010116,正常使用,正式,
MHC010117,正常使用,临时,
MHC010118,正常使用,正式,
MHC010119,正常使用,正式,
MHC010125,正常使用,正式,
MHC010126,正常使用,正式,
MHC010127,正常使用,正式,
MHC010128,正常使用,正式,
MHC010129,正常使用,正式,
MHC010130,正常使用,正式,
MHC010131,正常使用,正式,
MHC010132,正常使用,正式,
MHC010133,正常使用,正式,
MHC010134,正常使用,正式,
MHC010135,正常使用,正式,
MHC010136,正常使用,正式,
MHC010144,取消编码，请核查,禁用,
MHC010145,取消编码，请核查,禁用,
MHC010146,取消编码，请核查,禁用,
MHC010147,取消编码，请核查,禁用,
MHC010148,取消编码，请核查,禁用,
MHC010151,正常使用,临时,
MHC010152,正常使用,临时,
MHC010153,正常使用,正式,
MHC010154,正常使用,正式,
MHC010155,正常使用,临时,
MHC010156,正常使用,正式,
MHC010157,正常使用,正式,
MHC010158,正常使用,临时,
MHC010159,正常使用,临时,
MHC010160,正常使用,临时,
MHC010161,正常使用,正式,
MHC010162,正常使用,正式,
MHC010163,正常使用,临时,
MHC010164,正常使用,临时,
MHC010165,正常使用,临时,
MHC010166,正常使用,临时,
MHC010167,正常使用,临时,
MHC010168,正常使用,临时,
MHC010169,正常使用,临时,
MHC020014,正常使用,正式,
MHC020015,正常使用,正式,
MHC020022,正常使用,正式,
MHC020041,正常使用,临时,
MHC020043,正常使用,临时,
MHC030013,正常使用,正式,
MHC030014,正常使用,正式,
MHC030018,正常使用,正式,
MHC030019,正常使用,正式,
MHC030033,正常使用,正式,
MHC030034,正常使用,正式,
MHC030035,正常使用,正式,
MHC030036,正常使用,正式,
MHC030037,正常使用,正式,
MHC030038,取消编码，请核查,禁用,
MHC030050,正常使用,正式,
MHC030051,正常使用,正式,
MHC030052,正常使用,正式,
MHC030053,正常使用,正式,
MHC030054,正常使用,临时,
MHC030059,正常使用,正式,
MHC030066,正常使用,临时,
MHC030067,正常使用,临时,
MHC030077,正常使用,正式,
MHC030078,正常使用,正式,
MHC030079,正常使用,正式,
MHC030080,正常使用,正式,
MHC030081,正常使用,正式,
MHC030082,正常使用,正式,
MHC030083,正常使用,正式,
MHC030084,正常使用,正式,
MHC030085,正常使用,正式,
MHC030086,正常使用,正式,
MHC030087,正常使用,正式,
MHC030089,正常使用,临时,
MHC030090,正常使用,临时,
MHC030091,正常使用,临时,
MHC030122,正常使用,正式,
MHC030123,正常使用,临时,
MHC030124,正常使用,临时,
MHC030125,正常使用,正式,
MHC030126,正常使用,临时,
MHC030127,正常使用,临时,
MHC030141,禁用，请核查,禁用,
MHC030142,禁用，请核查,禁用,
MHC030143,禁用，请核查,禁用,
MHC030144,禁用，请核查,禁用,
MHC030145,禁用，请核查,禁用,
MHC030146,禁用，请核查,禁用,
MHC030147,正常使用,临时,
MHC030148,正常使用,正式,
MHC030149,正常使用,临时,
MHC030150,正常使用,正式,
MHC030151,正常使用,正式,
MHC030152,正常使用,正式,
MHC030153,正常使用,正式,
MHC030154,正常使用,正式,
MHC030155,正常使用,正式,
MHC030156,正常使用,正式,
MHC030157,正常使用,临时,
MHC030158,正常使用,正式,
MHC030186,禁用，请核查,正式,
MHC030187,正常使用,正式,
MHC030188,正常使用,正式,
MHC030190,正常使用,临时,
MHC030191,正常使用,临时,
MHC030192,正常使用,临时,
MHC030193,正常使用,临时,
MHC030194,正常使用,临时,
MHC030195,正常使用,临时,
MHC030219,正常使用,正式,
MHC030221,正常使用,正式,
MHC030222,正常使用,正式,
MHC030223,正常使用,正式,
MHC030224,正常使用,正式,
MHC030225,正常使用,正式,
MHC030226,正常使用,正式,
MHC030227,正常使用,正式,
MHC030228,正常使用,正式,
MHC030229,正常使用,正式,
MHC030230,正常使用,正式,
MHC030231,正常使用,正式,
MHC030232,正常使用,正式,
MHC030233,禁用，请核查,禁用,
MHC030234,禁用，请核查,禁用,
MHC030235,消耗，请核查,消耗,
MHC030236,消耗，请核查,消耗,
MHC030237,消耗，请核查,消耗,
MHC030238,消耗，请核查,消耗,
MHC030240,正常使用,正式,
MHC030241,正常使用,正式,
MHC030242,正常使用,正式,
MHC030243,正常使用,正式,
MHC030244,正常使用,临时,
MHC030255,正常使用,正式,
MHC030256,正常使用,临时,
MHC030257,正常使用,正式,
MHC030258,正常使用,临时,
MHC030259,正常使用,临时,
MHC030260,正常使用,临时,
MHC030261,禁用，升级为MHC030268,禁用,
MHC030262,禁用，升级为MHC030269,禁用,
MHC030263,禁用，升级为MHC030270,禁用,
MHC030264,禁用，升级为MHC030271,禁用,
MHC030265,禁用，升级为MHC030272,消耗,
MHC030266,禁用，升级为MHC030273,禁用,
MHC030267,正常使用,正式,
MHC030268,正常使用,正式,
MHC030269,正常使用,正式,
MHC030270,正常使用,正式,
MHC030271,正常使用,正式,
MHC030272,正常使用,正式,
MHC030273,正常使用,正式,
MHC030274,正常使用,正式,
MHC030275,正常使用,临时,
MHC050157,正常使用,正式,
MHC050158,正常使用,正式,
MHC050161,正常使用,正式,
MHC050162,正常使用,正式,
MHC050209,正常使用,正式,
MHC050210,正常使用,正式,
MHC050211,正常使用,正式,
MHC050212,正常使用,正式,
MHC050213,正常使用,正式,
MHC050214,正常使用,正式,
MHC050215,正常使用,正式,
MHC050216,正常使用,正式,
MHC050217,正常使用,正式,
MHC050218,正常使用,正式,
MHC050219,正常使用,正式,
MHC050220,正常使用,正式,
MHC050221,正常使用,正式,
MHC050222,正常使用,正式,
MHC050223,正常使用,正式,
MHC050224,正常使用,正式,
MHC050225,正常使用,正式,
MHC050226,正常使用,正式,
MHC050227,正常使用,正式,
MHC050228,取消编码，请核查,禁用,
MHC050229,取消编码，请核查,禁用,
MHC050230,正常使用,正式,
MHC050231,取消编码，请核查,禁用,
MHC050232,正常使用,正式,
MHC050239,正常使用,正式,
MHC050245,正常使用,正式,
MHC050246,正常使用,正式,
MHC050248,禁用，请核查,正式,
MHC050249,取消编码，请核查,禁用,
MHC050250,正常使用,正式,
MHC050251,取消编码，请核查,禁用,
MHC050253,取消编码，请核查,禁用,
MHC050254,禁用，请核查,消耗,
MHC050255,取消编码，请核查,禁用,
MHC050256,取消编码，请核查,禁用,
MHC050287,正常使用,正式,
MHC050288,正常使用,正式,
MHC050289,正常使用,正式,
MHC050290,取消编码，请核查,禁用,
MHC050291,正常使用,正式,
MHC050292,正常使用,正式,
MHC050302,正常使用,正式,
MHC050303,正常使用,正式,
MHC050304,正常使用,临时,
MHC050305,正常使用,正式,
MHC050307,正常使用,临时,
MHC050308,正常使用,临时,
MHC050309,正常使用,正式,
MHC050310,正常使用,正式,
MHC050311,正常使用,正式,
MHC050312,正常使用,正式,
MHC050313,正常使用,正式,
MHC050314,正常使用,正式,
MHC050315,正常使用,正式,
MHC050316,正常使用,正式,
MHC050317,正常使用,正式,
MHC050318,正常使用,正式,
MHC050319,正常使用,正式,
MHC050320,正常使用,正式,
MHC050321,正常使用,正式,
MHC050322,正常使用,正式,
MHC050331,正常使用,正式,
MHC050342,正常使用,正式,
MHC050343,正常使用,正式,
MHC050344,正常使用,正式,
MHC050345,正常使用,正式,
MHC050346,正常使用,正式,
MHC050347,正常使用,正式,
MHC050348,正常使用,正式,
MHC050349,正常使用,正式,
MHC050351,消耗，请核查,消耗,
MHC050353,正常使用,临时,
MHC050368,正常使用,正式,
MHC050372,正常使用,临时,
MHC050373,取消编码，请核查,禁用,
MHC050374,取消编码，请核查,禁用,
MHC050428,取消编码，请核查,禁用,
MHC050429,正常使用,正式,
MHC050430,正常使用,正式,
MHC050431,正常使用,正式,
MHC050432,正常使用,正式,
MHC050433,正常使用,正式,
MHC050434,取消编码，请核查,禁用,
MHC050435,取消编码，请核查,禁用,
MHC050436,正常使用,正式,
MHC050437,正常使用,正式,
MHC050438,取消编码，请核查,禁用,
MHC050439,正常使用,正式,
MHC050440,取消编码，请核查,禁用,
MHC050441,正常使用,正式,
MHC050442,正常使用,正式,
MHC050459,正常使用,正式,
MHC050462,正常使用,正式,
MHC050497,正常使用,正式,
MHC050498,正常使用,正式,
MHC050499,正常使用,正式,
MHC050500,正常使用,正式,
MHC050501,正常使用,正式,
MHC050514,正常使用,临时,
MHC050515,正常使用,临时,
MHC050516,正常使用,正式,
MHC050517,正常使用,临时,
MHC050518,正常使用,正式,
MHC050519,正常使用,临时,
MHC050520,正常使用,正式,
MHC050521,正常使用,临时,
MHC050522,正常使用,正式,
MHC050523,正常使用,临时,
MHC050524,正常使用,正式,
MHC050525,正常使用,临时,
MHC050527,正常使用,正式,
MHC050528,正常使用,正式,
MHC050529,正常使用,正式,
MHC050530,正常使用,正式,
MHC050531,禁用，请核查,禁用,
MHC050532,正常使用,正式,
MHC050533,正常使用,正式,
MHC050534,取消编码，请核查,禁用,
MHC050535,正常使用,正式,
MHC050536,正常使用,正式,
MHC050537,正常使用,正式,
MHC050538,正常使用,正式,
MHC050549,正常使用,正式,
MHC050550,正常使用,正式,
MHC050553,正常使用,正式,
MHC050554,正常使用,临时,
MHC050555,正常使用,临时,
MHC050556,正常使用,正式,
MHC050557,正常使用,临时,
MHC050558,正常使用,正式,
MHC050573,正常使用,正式,
MHC050575,正常使用,正式,
MHC050576,正常使用,正式,
MHC050578,正常使用,临时,
MHC050579,正常使用,临时,
MHC050580,正常使用,正式,
MHC050581,正常使用,正式,
MHC050582,正常使用,正式,
MHC050583,取消编码，请核查,禁用,
MHC050584,取消编码，请核查,禁用,
MHC050585,取消编码，请核查,禁用,
MHC050586,取消编码，请核查,禁用,
MHC050587,取消编码，请核查,禁用,
MHC050588,取消编码，请核查,禁用,
MHC050589,取消编码，请核查,禁用,
MHC050590,取消编码，请核查,禁用,
MHC050591,正常使用,临时,
MHC050592,正常使用,临时,
MHC050593,正常使用,临时,
MHC050594,正常使用,临时,
MHC050595,正常使用,临时,
MHC050596,正常使用,临时,
MHC050597,正常使用,临时,
MHC050598,正常使用,临时,
MHC050599,正常使用,临时,
MHC050600,正常使用,临时,
MHC050601,正常使用,临时,
MHC050602,正常使用,临时,
MHC050603,正常使用,临时,
MHC050604,正常使用,临时,
MHC050605,正常使用,临时,
MHC050606,正常使用,临时,
MHC050607,正常使用,临时,
MHC050608,正常使用,临时,
MHC050609,正常使用,临时,
MHC050610,正常使用,临时,
MHC050611,正常使用,临时,
MHC050612,正常使用,临时,
MHC050613,正常使用,临时,
MHC050614,正常使用,临时,
MHC050615,正常使用,临时,
MHC050616,正常使用,临时,
MHC050617,正常使用,临时,
MHC050619,正常使用,正式,
MHC050620,正常使用,正式,
MHC050621,正常使用,临时,
MHC050622,正常使用,正式,
MHC050623,正常使用,正式,
MHC050624,正常使用,正式,
MHC050633,正常使用,临时,
MHC050641,正常使用,临时,
MHC050644,正常使用,正式,
MHC050645,正常使用,正式,
MHC050649,正常使用,临时,
MHC050650,正常使用,临时,
MHC050651,正常使用,正式,
MHC050652,正常使用,正式,
MHC050653,正常使用,临时,
MHC050654,正常使用,正式,
MHC050662,正常使用,临时,
MHC050663,正常使用,临时,
MHC050664,正常使用,临时,
MHC050665,正常使用,临时,
MHC050666,正常使用,临时,
MHC050667,正常使用,临时,
MHC050668,正常使用,临时,
MHC050669,正常使用,临时,
MHC050670,正常使用,临时,
MHC050671,正常使用,临时,
MHC050672,正常使用,临时,
MHC050673,正常使用,临时,
MHC050674,正常使用,临时,
MHC050676,正常使用,临时,
MHC050677,正常使用,正式,
MHC050682,正常使用,正式,
MHC050684,正常使用,临时,
MHC050685,正常使用,临时,
MHC050687,正常使用,临时,
MHC050689,正常使用,正式,
MHC050690,正常使用,正式,
MHC050691,正常使用,临时,
MHC050692,正常使用,临时,
MHC050697,正常使用,正式,
MHC050700,正常使用,正式,
MHC050701,正常使用,临时,
MHC050702,正常使用,临时,
MHC050703,正常使用,临时,
MHC050704,正常使用,临时,
MHC050705,正常使用,临时,
MHC050706,正常使用,临时,
MHC050707,正常使用,临时,
MHC050708,正常使用,临时,
MHC050711,正常使用,正式,
MHC050712,正常使用,正式,
MHC050714,正常使用,正式,
MHC050715,正常使用,正式,
MHC050716,正常使用,正式,
MHC050717,正常使用,正式,
MHC050718,正常使用,正式,
MHC050719,正常使用,正式,
MHC050720,正常使用,正式,
MHC050721,正常使用,正式,
MHC050723,正常使用,正式,
MHC050725,正常使用,正式,
MHC050727,正常使用,临时,
MHC050728,正常使用,临时,
MHC050729,正常使用,临时,
MHC050730,正常使用,临时,
MHC050731,正常使用,临时,
MHC050732,正常使用,临时,
MHC050733,正常使用,临时,
MHC050734,正常使用,临时,
MHC050737,正常使用,正式,
MHC050738,正常使用,正式,
MHC050768,正常使用,临时,
MHC050769,正常使用,临时,
MHC050770,正常使用,临时,
MHC050771,正常使用,临时,
MHC050772,正常使用,临时,
MHC050773,正常使用,临时,
MHC050774,正常使用,临时,
MHC050775,正常使用,临时,
MHC050776,正常使用,正式,
MHC050777,正常使用,临时,
MHC050781,正常使用,临时,
MHC050782,正常使用,临时,
MHC050783,正常使用,临时,
MHC050784,正常使用,临时,
MHC050785,正常使用,临时,
MHC050786,正常使用,临时,
MHC050787,正常使用,临时,
MHC050788,正常使用,临时,
MHC050789,正常使用,临时,
MHC050790,正常使用,临时,
MHC050791,正常使用,临时,
MHC050792,正常使用,临时,
MHC050793,正常使用,临时,
MHC050794,正常使用,临时,
MHC050795,正常使用,临时,
MHC050796,正常使用,临时,
MHC050797,正常使用,临时,
MHC050798,正常使用,临时,
MHC050799,正常使用,临时,
MHC050800,正常使用,临时,
MHC050801,正常使用,临时,
MHC050802,正常使用,临时,
MHC050803,正常使用,临时,
MHC050804,正常使用,临时,
MHC050807,正常使用,正式,
MHC050808,正常使用,正式,
MHC050809,正常使用,正式,
MHC050810,正常使用,正式,
MHC050811,正常使用,正式,
MHC050812,正常使用,正式,
MHC050813,正常使用,正式,
MHC050814,正常使用,正式,
MHC050818,正常使用,正式,
MHC050820,正常使用,临时,
MHC050821,正常使用,临时,
MHC050822,正常使用,临时,
MHC050824,正常使用,临时,
MHC050825,正常使用,临时,
MHC050826,正常使用,临时,
MHC050827,正常使用,临时,
MHC050828,正常使用,临时,
MHC050829,正常使用,临时,
MHC050830,正常使用,临时,
MHC050832,正常使用,正式,
MHC050833,正常使用,正式,
MHC050837,正常使用,临时,
MHC050838,正常使用,临时,
MHC050846,正常使用,临时,
MHC060058,正常使用,正式,
MHC060059,正常使用,正式,
MHC060060,正常使用,正式,
MHC060065,正常使用,正式,
MHC060076,正常使用,正式,
MHC060077,正常使用,正式,
MHC060108,正常使用,正式,
MHC060118,正常使用,正式,
MHC060119,正常使用,正式,
MHC060121,正常使用,正式,
MHC060122,正常使用,正式,
MHC060123,正常使用,正式,
MHC060124,正常使用,正式,
MHC060125,正常使用,正式,
MHC060146,正常使用,正式,
MHC060147,正常使用,正式,
MHC060162,正常使用,临时,
MHC060166,消耗，请核查,消耗,
MHC060167,取消编码，请核查,禁用,
MHC060168,禁用，请核查,消耗,
MHC060169,禁用，请核查,禁用,
MHC060173,正常使用,正式,
MHC060174,正常使用,正式,
MHC060183,正常使用,正式,
MHC060184,正常使用,正式,
MHC060185,正常使用,临时,
MHC060205,正常使用,临时,
MHC060216,正常使用,临时,
MHC060217,正常使用,临时,
MHC060218,正常使用,临时,
MHC060219,禁用，请核查,禁用,
MHC060220,正常使用,临时,
MHC060221,正常使用,临时,
MHC060222,正常使用,临时,
MHC060223,正常使用,临时,
MHC060224,正常使用,临时,
MHC060225,正常使用,正式,
MHC060226,正常使用,临时,
MHC060227,正常使用,临时,
MHC060228,禁用，请核查,消耗,
MHC060229,禁用，请核查,禁用,
MHC060230,禁用，请核查,消耗,
MHC060231,禁用，请核查,禁用,
MHC070266,正常使用,正式,
MHC070275,正常使用,正式,
MHC070335,正常使用,正式,
MHC070339,正常使用,正式,
MHC070358,取消编码，请核查,禁用,
MHC070360,正常使用,临时,
MHC070361,正常使用,正式,
MHC070362,正常使用,临时,
MHC070363,正常使用,正式,
MHC070364,正常使用,正式,
MHC070365,正常使用,正式,
MHC070366,取消编码，请核查,禁用,
MHC070367,正常使用,临时,
MHC070368,正常使用,正式,
MHC070377,正常使用,正式,
MHC070379,正常使用,正式,
MHC070380,正常使用,正式,
MHC070381,正常使用,正式,
MHC070382,正常使用,临时,
MHC070383,取消编码，请核查,禁用,
MHC070384,正常使用,临时,
MHC070385,正常使用,临时,
MHC070400,取消编码，请核查,禁用,
MHC070401,正常使用,正式,
MHC070422,正常使用,临时,
MHC070425,正常使用,临时,
MHC070428,正常使用,临时,
MHC070486,正常使用,临时,
MHC070516,正常使用,正式,
MHC070518,正常使用,正式,
MHC070524,正常使用,正式,
MHC070537,正常使用,临时,
MHC070538,正常使用,正式,
MHC070546,正常使用,正式,
MHC070548,正常使用,正式,
MHC070554,正常使用,正式,
MHC070558,正常使用,正式,
MHC070559,正常使用,正式,
MHC070560,正常使用,正式,
MHC070561,正常使用,正式,
MHC070565,正常使用,正式,
MHC070573,正常使用,正式,
MHC070574,正常使用,正式,
MHC070575,正常使用,正式,
MHC080001,正常使用,正式,
MLL010077,消耗，请核查,消耗,
MLL010078,禁用，请核查,禁用,
MLL010079,禁用，请核查,禁用,
MLL010080,取消编码，请核查,禁用,
MLL010095,正常使用,正式,
MLL010109,正常使用,正式,
MLL010114,取消编码，请核查,禁用,
MLL010119,正常使用,正式,
MLL010120,正常使用,正式,
MLL010138,正常使用,临时,
MLL010139,禁用，请核查,消耗,
MLL010148,正常使用,正式,
MLL010149,正常使用,正式,
MLL010164,正常使用,临时,
MLL010165,正常使用,临时,
MLL010166,正常使用,临时,
MLL010167,正常使用,正式,
MLL010168,正常使用,临时,
MLL010169,正常使用,临时,
MLL010170,正常使用,临时,
MLL010171,正常使用,临时,
MLL010172,正常使用,临时,
MLL010173,正常使用,临时,
MLL010174,正常使用,临时,
MLL010175,正常使用,临时,
MLL010176,正常使用,临时,
MLL010177,正常使用,临时,
MLL010178,正常使用,临时,
MLL010191,正常使用,临时,
MLL010192,正常使用,临时,
MLL010193,正常使用,临时,
MLL010194,正常使用,临时,
MLL010195,正常使用,临时,
MLL010196,正常使用,临时,
MLL010200,禁用，请核查,禁用,
MLL010201,禁用，请核查,禁用,
MLL010202,取消编码，请核查,禁用,
MLL010204,正常使用,临时,
MLL010213,正常使用,正式,
MLL010214,正常使用,正式,
MLL010216,正常使用,临时,
MLL010219,正常使用,正式,
MLL020062,正常使用,正式,
MLL020095,正常使用,正式,
MLL020096,正常使用,正式,
MLL020112,正常使用,正式,
MLL020113,正常使用,正式,
MLL020114,正常使用,正式,
MLL020115,消耗，请核查,消耗,
MLL020132,正常使用,正式,
MLL020133,正常使用,正式,
MLL020134,正常使用,正式,
MLL020135,正常使用,正式,
MLL020150,正常使用,正式,
MLL020153,正常使用,正式,
MLL020154,正常使用,正式,
MLL020191,正常使用,正式,
MLL020205,正常使用,正式,
MLL020214,正常使用,正式,
MLL020231,正常使用,正式,
MLL020232,正常使用,正式,
MLL020233,正常使用,正式,
MLL020234,正常使用,正式,
MLL020235,正常使用,临时,
MLL020254,取消编码，请核查,禁用,
MLL020257,正常使用,正式,
MLL020258,正常使用,正式,
MLL020259,正常使用,正式,
MLL020260,正常使用,正式,
MLL020261,正常使用,临时,
MLL020262,正常使用,临时,
MLL020271,正常使用,正式,
MLL020278,正常使用,正式,
MLL020280,正常使用,正式,
MLL020282,正常使用,临时,
MLL020283,正常使用,临时,
MLL020284,正常使用,临时,
MLL020285,正常使用,临时,
MLL020286,正常使用,正式,
MLL020287,正常使用,正式,
MLL020301,正常使用,临时,
MLL020302,正常使用,正式,
MLL020303,正常使用,临时,
MLL020304,正常使用,临时,
MLL020335,正常使用,正式,
MLL020336,正常使用,正式,
MLL020344,正常使用,临时,
MLL020345,正常使用,临时,
MLL020346,正常使用,临时,
MLL020347,正常使用,临时,
MLL020348,正常使用,临时,
MLL020349,正常使用,临时,
MLL020350,正常使用,临时,
MLL020351,正常使用,临时,
MLL020354,正常使用,正式,
MLL020355,正常使用,正式,
MLL020356,正常使用,正式,
MLL020357,正常使用,临时,
MLL020358,正常使用,临时,
MLL020359,正常使用,临时,
MLL020360,正常使用,临时,
MLL020361,正常使用,临时,
MLL020363,正常使用,临时,
MLL020364,正常使用,临时,
MLL020365,正常使用,临时,
MLL020366,正常使用,临时,
MLL020367,正常使用,临时,
MLL020368,取消编码，请核查,禁用,
MLL020369,取消编码，请核查,禁用,
MLL020370,正常使用,临时,
MLL020371,正常使用,临时,
MLL020372,正常使用,临时,
MLL020373,正常使用,临时,
MLL020375,正常使用,临时,
MLL020376,正常使用,临时,
MLL020377,正常使用,临时,
MLL020378,正常使用,临时,
MLL020379,正常使用,正式,
MLL020380,正常使用,临时,
MLL020381,正常使用,临时,
MLL020382,正常使用,临时,
MLL020384,正常使用,正式,
MLL020385,正常使用,临时,
MLL020386,正常使用,临时,
MLL020387,正常使用,临时,
MLL020388,正常使用,临时,
MLL020390,正常使用,临时,
MLL020391,禁用，请核查,禁用,
MLL020392,禁用，请核查,禁用,
MLL020397,正常使用,正式,
MLL020401,正常使用,临时,
MLL020402,正常使用,临时,
MLL020403,正常使用,临时,
MLL020404,正常使用,临时,
MLL020405,正常使用,临时,
MLL020406,正常使用,临时,
MLL020407,正常使用,临时,
MLL020408,正常使用,临时,
MLL020410,正常使用,临时,
MLL020415,正常使用,临时,
MLL020416,正常使用,临时,
MLL020417,正常使用,正式,
MLL020418,正常使用,正式,
MLL020419,正常使用,正式,
MLL020420,正常使用,临时,
MLL020421,正常使用,临时,
MLL020434,正常使用,临时,
MLL020443,正常使用,临时,
MLL020444,正常使用,临时,
MLL020452,正常使用,临时,
MLL020455,正常使用,临时,
MLL020456,正常使用,临时,
MLL020457,正常使用,临时,
MLL030067,正常使用,正式,
MLL030069,正常使用,正式,
MLL030070,正常使用,临时,
MLL030074,正常使用,正式,
MLL030075,正常使用,正式,
MLL030076,正常使用,正式,
MLL030082,正常使用,正式,
MLL030084,正常使用,正式,
MLL030103,正常使用,正式,
MLL030105,正常使用,正式,
MLL030106,正常使用,正式,
MLL030112,正常使用,正式,
MLL030116,禁用，请核查,禁用,
MLL030117,正常使用,正式,
MLL030118,取消编码，请核查,禁用,
MLL030119,消耗，请核查,消耗,
MLL030141,正常使用,正式,
MLL030142,正常使用,临时,
MLL030143,正常使用,正式,
MLL030144,正常使用,正式,
MLL030147,正常使用,临时,
MLL030148,正常使用,临时,
MLL030149,正常使用,临时,
MLL030150,正常使用,正式,
MLL030155,正常使用,正式,
MLL030156,正常使用,正式,
MLL030157,正常使用,正式,
MLL030158,正常使用,正式,
MLL030169,禁用，请核查,正式,
MLL030170,禁用，请核查,正式,
MLL030171,禁用，请核查,正式,
MLL030172,取消编码，请核查,禁用,
MLL030173,正常使用,临时,
MLL030174,正常使用,临时,
MLL030175,正常使用,临时,
MLL030176,正常使用,临时,
MLL030177,取消编码，请核查,禁用,
MLL030178,取消编码，请核查,禁用,
MLL030187,正常使用,临时,
MLL030188,正常使用,临时,
MLL030189,正常使用,临时,
MLL030190,正常使用,临时,
MLL030195,正常使用,临时,
MLL030196,正常使用,临时,
MLL030197,正常使用,临时,
MLL030198,正常使用,临时,
MLL030199,正常使用,临时,
MLL030200,正常使用,临时,
MLL030201,正常使用,临时,
MLL030202,正常使用,临时,
MLL030207,正常使用,正式,
MLL030208,正常使用,正式,
MLL030209,正常使用,正式,
MLL030210,正常使用,正式,
MLL030211,正常使用,正式,
MLL030212,正常使用,正式,
MLL030213,正常使用,临时,
MLL030214,正常使用,临时,
MLL030215,正常使用,正式,
MLL030216,正常使用,正式,
MLL030217,正常使用,正式,
MLL030218,正常使用,临时,
MLL030219,正常使用,临时,
MLL030220,正常使用,临时,
MLL030221,正常使用,正式,
MLL030226,正常使用,正式,
MLL030227,正常使用,正式,
MLL030228,正常使用,正式,
MLL030229,正常使用,正式,
MLL030230,正常使用,正式,
MLL030231,正常使用,临时,
MLL030232,正常使用,临时,
MLL030233,正常使用,临时,
MLL030234,正常使用,临时,
MLL030235,正常使用,临时,
MLL030236,正常使用,临时,
MLL030237,正常使用,临时,
MLL030238,正常使用,临时,
MLL030239,正常使用,临时,
MLL030240,正常使用,临时,
MLL040038,正常使用,正式,
MLL040039,正常使用,正式,
MLL040063,正常使用,正式,
MLL040064,正常使用,正式,
MLL040065,正常使用,正式,
MLL040066,正常使用,正式,
MLL040072,正常使用,正式,
MLL040074,正常使用,正式,
MLL040097,正常使用,正式,
MLL040098,正常使用,正式,
MLL040099,正常使用,正式,
MLL040101,正常使用,正式,
MLL040110,禁用，请核查,禁用,
MLL040111,正常使用,正式,
MLL040112,禁用，请核查,禁用,
MLL040113,取消编码，请核查,禁用,
MLL040148,正常使用,正式,
MLL040149,正常使用,正式,
MLL040154,正常使用,正式,
MLL040155,正常使用,正式,
MLL040156,正常使用,正式,
MLL040157,正常使用,正式,
MLL040158,取消编码，请核查,禁用,
MLL040159,禁用，请核查,正式,
MLL040160,取消编码，请核查,禁用,
MLL040161,取消编码，请核查,禁用,
MLL040162,正常使用,临时,
MLL040163,正常使用,临时,
MLL040164,正常使用,临时,
MLL040165,正常使用,临时,
MLL040166,取消编码，请核查,禁用,
MLL040167,取消编码，请核查,禁用,
MLL040168,取消编码，请核查,禁用,
MLL040169,取消编码，请核查,禁用,
MLL040178,正常使用,临时,
MLL040179,正常使用,临时,
MLL040180,正常使用,临时,
MLL040181,正常使用,临时,
MLL040182,正常使用,临时,
MLL040183,正常使用,临时,
MLL040186,正常使用,临时,
MLL040187,正常使用,临时,
MLL040188,正常使用,临时,
MLL040189,正常使用,临时,
MLL040190,正常使用,临时,
MLL040191,正常使用,正式,
MLL040192,正常使用,正式,
MLL040193,正常使用,正式,
MLL040194,正常使用,正式,
MLL040195,正常使用,正式,
MLL050094,禁用，请核查,禁用,
MLL050095,禁用，请核查,禁用,
MLL050098,正常使用,正式,
MLL050099,正常使用,正式,
MLL050100,正常使用,正式,
MLL050102,正常使用,临时,
MLL050103,正常使用,临时,
MLL060059,正常使用,临时,
MLL060075,正常使用,临时,
MLL070001,禁用，请核查,禁用,
MLL070002,禁用，请核查,临时,
MLL070004,禁用，请核查,消耗,
MLL070005,禁用，请核查,禁用,
MLL070078,取消编码，请核查,禁用,
MLL070079,取消编码，请核查,禁用,
MLL070080,禁用，请核查,禁用,
MLL070106,正常使用,正式,
MLL070107,正常使用,正式,
MLL070110,正常使用,临时,
MLL070113,正常使用,正式,
MLL070115,禁用，请核查,禁用,
MLL070116,正常使用,正式,
MLL070117,正常使用,正式,
MLL070119,正常使用,正式,
MLL070140,正常使用,正式,
MLL070141,正常使用,正式,
MLL070144,正常使用,正式,
MLL070145,正常使用,正式,
MLL070156,正常使用,正式,
MLL070157,正常使用,正式,
MLL070159,正常使用,正式,
MLL070178,正常使用,临时,
MLL070179,正常使用,临时,
MLL070180,正常使用,临时,
MLL070183,正常使用,临时,
MLL070184,正常使用,临时,
MLL070185,正常使用,临时,
MLL070186,正常使用,临时,
MLL070187,正常使用,临时,
MLL070188,正常使用,临时,
MLL070189,正常使用,临时,
MLL070190,正常使用,临时,
MLL070197,正常使用,临时,
MLL070198,正常使用,正式,
MLL080095,取消编码，请核查,禁用,
MLL080097,取消编码，请核查,禁用,
MLL080104,正常使用,正式,
MLL080133,正常使用,正式,
MLL080134,正常使用,正式,
MLL080135,正常使用,正式,
MLL080136,正常使用,正式,
MLL080141,正常使用,临时,
MLL080142,正常使用,正式,
MLL080143,正常使用,正式,
MLL080144,正常使用,临时,
MLL080145,正常使用,正式,
MLL080146,正常使用,正式,
MLL080147,正常使用,正式,
MLL080148,正常使用,正式,
MLL080197,取消编码，请核查,禁用,
MLL080199,取消编码，请核查,禁用,
MLL080202,正常使用,临时,
MLL080204,取消编码，请核查,禁用,
MLL080227,正常使用,临时,
MLL080228,正常使用,临时,
MLL080229,正常使用,正式,
MLL080230,正常使用,临时,
MLL080231,正常使用,临时,
MLL080232,正常使用,临时,
MLL080233,正常使用,临时,
MLL080234,正常使用,临时,
MLL080235,正常使用,临时,
MLL080236,正常使用,正式,
MLL080237,正常使用,临时,
MLL080238,正常使用,临时,
MLL080239,正常使用,临时,
MLL080240,正常使用,临时,
MLL080241,正常使用,临时,
MLL080242,正常使用,临时,
MLL080243,正常使用,临时,
MLL080244,正常使用,临时,
MLL080245,正常使用,临时,
MLL080246,正常使用,临时,
MLL080247,正常使用,临时,
MLL080248,正常使用,临时,
MLL080249,正常使用,临时,
MLL080250,正常使用,临时,
MLL080251,正常使用,临时,
MLL080252,正常使用,临时,
MLL080253,正常使用,临时,
MLL080254,正常使用,临时,
MLL080255,正常使用,临时,
MLL080256,正常使用,临时,
MLL080257,正常使用,临时,
MLL080258,正常使用,临时,
MLL080259,正常使用,临时,
MLL080260,正常使用,临时,
MLL080261,正常使用,临时,
MLL080262,正常使用,临时,
MLL080263,正常使用,临时,
MLL080270,正常使用,正式,
MLL080271,正常使用,临时,
MLL080272,正常使用,正式,
MLL080309,正常使用,临时,
MLL080310,正常使用,临时,
MLL080311,正常使用,临时,
MLL090037,消耗，请核查,消耗,
MLL090053,消耗，请核查,消耗,
MLL090055,正常使用,正式,
MLL090057,正常使用,正式,
MLL090075,正常使用,正式,
MLL090079,消耗，请核查,消耗,
MLL090082,正常使用,正式,
MLL090089,正常使用,临时,
MLL090090,正常使用,正式,
MLL090091,正常使用,正式,
MLL090092,正常使用,临时,
MLL090096,正常使用,正式,
MLL090111,正常使用,正式,
MLL090112,正常使用,正式,
MLL090113,正常使用,正式,
MLL090116,取消编码，请核查,禁用,
MLL090118,正常使用,正式,
MLL090129,正常使用,正式,
MLL090130,正常使用,正式,
MLL090131,正常使用,正式,
MLL090135,正常使用,临时,
MLL090136,正常使用,临时,
MLL090137,正常使用,临时,
MLL090143,正常使用,正式,
MLL090144,正常使用,正式,
MLL090145,正常使用,临时,
MLL090159,正常使用,临时,
MLL090160,正常使用,临时,
MLL090161,正常使用,临时,
MLL090162,正常使用,临时,
MLL090163,正常使用,临时,
MLL090164,正常使用,临时,
MLL090165,正常使用,临时,
MLL090166,正常使用,临时,
MLL090167,正常使用,临时,
MLL090168,正常使用,临时,
MLL090169,正常使用,临时,
MLL090170,正常使用,临时,
MLL090177,禁用，请核查,禁用,
MLL090178,取消编码，请核查,禁用,
MLL090179,禁用，请核查,消耗,
MLL090180,禁用，请核查,消耗,
MLL090187,取消编码，请核查,禁用,
MLL090188,正常使用,正式,
MLL090189,正常使用,临时,
MLL090190,正常使用,正式,
MLL090191,正常使用,临时,
MLL090192,正常使用,临时,
MLL090194,正常使用,正式,
MLL090195,正常使用,正式,
MLL090196,正常使用,正式,
MLL090197,正常使用,正式,
MLL090198,正常使用,正式,
MLL090199,正常使用,正式,
MLL090200,取消编码，请核查,禁用,
MLL090201,正常使用,正式,
MLL090202,正常使用,临时,
MLL090203,正常使用,临时,
MLL090204,正常使用,临时,
MLL090205,正常使用,临时,
MLL090206,正常使用,临时,
MLL090208,正常使用,临时,
MLL090209,正常使用,临时,
MLL090210,正常使用,临时,
MLL090211,正常使用,临时,
MLL090212,正常使用,正式,
MLL090213,正常使用,临时,
MLL090214,正常使用,正式,
MLL090215,正常使用,正式,
MLL090216,正常使用,正式,
MLL090217,正常使用,正式,
MLL090218,正常使用,临时,
MLL090219,正常使用,正式,
MLL090232,正常使用,临时,
MLL090240,正常使用,临时,
MLL090241,正常使用,临时,
MLL090242,正常使用,临时,
MLL090243,正常使用,临时,
MLL090244,正常使用,临时,
MLS010231,正常使用,正式,
MLS010232,正常使用,正式,
MLS010270,正常使用,正式,
MLS010271,正常使用,临时,
MLS010306,正常使用,临时,
MLS010311,正常使用,正式,
MLS010339,正常使用,正式,
MLS010362,正常使用,正式,
MLS010385,正常使用,正式,
MLS010402,正常使用,正式,
MLS010417,正常使用,临时,
MLS010426,正常使用,临时,
MLS010430,正常使用,正式,
MLS010431,取消编码，请核查,禁用,
MLS010435,正常使用,临时,
MLS010436,正常使用,正式,
MLS010438,正常使用,正式,
MLS010446,正常使用,正式,
MLS010448,正常使用,正式,
MLS010449,正常使用,正式,
MLS010450,正常使用,正式,
MLS010455,正常使用,正式,
MLS010474,正常使用,临时,
MLS010477,禁用，请核查,临时,
MLS010478,正常使用,正式,
MLS010484,正常使用,正式,
MLS010519,正常使用,临时,
MLS010520,正常使用,临时,
MLS010527,正常使用,临时,
MLS010536,正常使用,临时,
MLS010538,禁用，请核查,临时,
MLS010540,正常使用,临时,
MLS010541,正常使用,正式,
MLS010542,正常使用,正式,
MLS010544,正常使用,临时,
MLS010545,正常使用,临时,
MLS010546,正常使用,临时,
MLS010547,正常使用,临时,
MLS010551,正常使用,临时,
MLS010552,正常使用,临时,
MLS010553,正常使用,正式,
MLS010555,正常使用,正式,
MLS010561,正常使用,正式,
MLS010566,禁用，请核查,正式,
MLS010567,正常使用,临时,
MLS010583,正常使用,正式,
MLS010584,正常使用,临时,
MLS010589,正常使用,临时,
MLS010598,正常使用,正式,
MLS010599,正常使用,临时,
MLS010600,正常使用,正式,
MLS010610,正常使用,临时,
MLS010623,正常使用,临时,
MLS010624,正常使用,正式,
MLS010625,正常使用,正式,
MLS010626,正常使用,正式,
MLS010627,正常使用,正式,
MLS010632,正常使用,正式,
MLS010633,正常使用,正式,
MLS010634,正常使用,临时,
MLS010636,正常使用,正式,
MLS010644,正常使用,临时,
MLS010645,正常使用,临时,
MLS010646,正常使用,临时,
MLS010647,正常使用,临时,
MLS010648,正常使用,临时,
MLS010649,正常使用,临时,
MLS010652,正常使用,临时,
MLS010657,正常使用,临时,
MLS010658,正常使用,临时,
MLS010659,正常使用,临时,
MLS010696,正常使用,正式,
MLS010704,正常使用,临时,
MLS010711,正常使用,临时,
MLS010785,正常使用,临时,
MLS010789,正常使用,临时,
MLS010790,正常使用,临时,
MLS010791,正常使用,临时,
MLS010800,正常使用,临时,
MLS010805,正常使用,临时,
MLS020028,正常使用,正式,
MLS020076,正常使用,正式,
MLS020105,正常使用,临时,
MLS020114,正常使用,正式,
MLS020118,正常使用,正式,
MLS020127,正常使用,临时,
MLS020134,正常使用,临时,
MLS020135,正常使用,临时,
MLS020136,正常使用,临时,
MLS020137,正常使用,临时,
MLS020170,正常使用,临时,
MLS020237,正常使用,临时,
MLS020239,正常使用,正式,
MLS020245,正常使用,临时,
MLS020251,正常使用,正式,
MLS020260,正常使用,正式,
MLS020273,正常使用,正式,
MLS020278,正常使用,正式,
MLS020279,正常使用,临时,
MLS020288,正常使用,正式,
MLS020289,正常使用,正式,
MLS020291,正常使用,临时,
MLS020300,正常使用,正式,
MLS020301,正常使用,正式,
MLS020306,正常使用,正式,
MLS020325,正常使用,正式,
MLS020347,正常使用,正式,
MLS020349,正常使用,正式,
MLS030231,取消编码，请核查,禁用,
MLS030250,正常使用,正式,
MLS030251,正常使用,正式,
MLS030252,正常使用,正式,
MLS030254,正常使用,正式,
MLS030257,正常使用,正式,
MLS030258,正常使用,正式,
MLS030265,正常使用,正式,
MLS030266,正常使用,正式,
MLS030267,正常使用,正式,
MLS030269,正常使用,正式,
MLS030270,正常使用,正式,
MLS030271,正常使用,正式,
MLS030272,取消编码，请核查,禁用,
MLS030276,正常使用,正式,
MLS030277,正常使用,正式,
MLS030278,正常使用,正式,
MLS030279,正常使用,正式,
MLS030280,正常使用,正式,
MLS030281,正常使用,正式,
MLS030282,正常使用,临时,
MLS030284,取消编码，请核查,禁用,
MLS030290,正常使用,正式,
MLS030293,取消编码，请核查,禁用,
MLS030294,取消编码，请核查,禁用,
MLS030295,取消编码，请核查,禁用,
MLS030296,取消编码，请核查,禁用,
MLS030305,正常使用,临时,
MLS030306,取消编码，请核查,禁用,
MLS030313,正常使用,正式,
MLS030314,正常使用,临时,
MLS030315,禁用，请核查,禁用,
MLS030341,正常使用,正式,
MLS030344,正常使用,正式,
MLS030345,正常使用,正式,
MLS030348,取消编码，请核查,禁用,
MLS030355,正常使用,正式,
MLS030356,正常使用,正式,
MLS030357,正常使用,正式,
MLS030359,正常使用,正式,
MLS030361,正常使用,正式,
MLS030362,正常使用,正式,
MLS030363,正常使用,正式,
MLS030364,正常使用,正式,
MLS030365,正常使用,正式,
MLS030366,正常使用,临时,
MLS030373,正常使用,正式,
MLS030374,正常使用,正式,
MLS030375,正常使用,临时,
MLS030388,正常使用,正式,
MLS030389,正常使用,正式,
MLS030403,正常使用,正式,
MLS030406,取消编码，请核查,禁用,
MLS030407,取消编码，请核查,禁用,
MLS030408,正常使用,正式,
MLS030430,正常使用,正式,
MLS030433,正常使用,临时,
MLS030436,正常使用,正式,
MLS030440,取消编码，请核查,禁用,
MLS030441,取消编码，请核查,禁用,
MLS030442,取消编码，请核查,禁用,
MLS030446,取消编码，请核查,禁用,
MLS030447,取消编码，请核查,禁用,
MLS030448,正常使用,临时,
MLS030449,正常使用,临时,
MLS030450,取消编码，请核查,禁用,
MLS030452,取消编码，请核查,禁用,
MLS030453,取消编码，请核查,禁用,
MLS030454,正常使用,正式,
MLS030455,正常使用,正式,
MLS030456,正常使用,正式,
MLS030457,正常使用,正式,
MLS030458,正常使用,正式,
MLS030459,正常使用,正式,
MLS030461,正常使用,正式,
MLS030469,正常使用,正式,
MLS030470,正常使用,正式,
MLS030475,正常使用,正式,
MLS030476,正常使用,正式,
MLS030477,正常使用,临时,
MLS030478,正常使用,正式,
MLS030482,正常使用,正式,
MLS030483,正常使用,正式,
MLS030488,正常使用,正式,
MLS030489,正常使用,正式,
MLS030490,正常使用,正式,
MLS030491,正常使用,正式,
MLS030492,正常使用,正式,
MLS030493,正常使用,临时,
MLS030494,取消编码，请核查,禁用,
MLS030496,正常使用,正式,
MLS030510,正常使用,正式,
MLS030511,正常使用,正式,
MLS030512,正常使用,正式,
MLS030513,取消编码，请核查,禁用,
MLS030514,正常使用,正式,
MLS030515,正常使用,正式,
MLS030516,正常使用,正式,
MLS030517,正常使用,正式,
MLS030518,正常使用,正式,
MLS030519,正常使用,正式,
MLS030524,正常使用,正式,
MLS030525,正常使用,正式,
MLS030526,正常使用,正式,
MLS030527,正常使用,正式,
MLS030529,正常使用,正式,
MLS030530,取消编码，请核查,禁用,
MLS030531,取消编码，请核查,禁用,
MLS030532,正常使用,正式,
MLS030533,正常使用,正式,
MLS030534,正常使用,正式,
MLS030535,正常使用,正式,
MLS030536,取消编码，请核查,禁用,
MLS030550,正常使用,正式,
MLS030567,正常使用,正式,
MLS030569,正常使用,正式,
MLS030570,正常使用,正式,
MLS030571,正常使用,正式,
MLS030574,正常使用,正式,
MLS030577,正常使用,正式,
MLS030608,正常使用,正式,
MLS030609,正常使用,正式,
MLS030610,取消编码，请核查,禁用,
MLS030611,取消编码，请核查,禁用,
MLS030614,正常使用,正式,
MLS030618,正常使用,正式,
MLS030619,正常使用,正式,
MLS030630,正常使用,正式,
MLS030631,正常使用,正式,
MLS030644,正常使用,临时,
MLS030645,取消编码，请核查,禁用,
MLS030668,正常使用,正式,
MLS030669,正常使用,正式,
MLS030670,正常使用,正式,
MLS030671,正常使用,正式,
MLS030672,正常使用,正式,
MLS030676,正常使用,正式,
MLS030677,正常使用,正式,
MLS030678,正常使用,正式,
MLS030681,正常使用,正式,
MLS030685,取消编码，请核查,禁用,
MLS030686,正常使用,正式,
MLS030687,正常使用,正式,
MLS030690,正常使用,正式,
MLS030718,正常使用,正式,
MLS030720,正常使用,正式,
MLS030735,正常使用,临时,
MLS030736,正常使用,临时,
MLS030737,正常使用,临时,
MLS030738,正常使用,临时,
MLS030739,取消编码，请核查,禁用,
MLS030743,正常使用,正式,
MLS030750,正常使用,正式,
MLS030751,正常使用,正式,
MLS030752,正常使用,正式,
MLS030753,正常使用,正式,
MLS030754,正常使用,正式,
MLS030755,正常使用,正式,
MLS030756,正常使用,正式,
MLS030757,正常使用,正式,
MLS030758,正常使用,正式,
MLS030759,正常使用,正式,
MLS030763,禁用，请核查,消耗,
MLS030764,正常使用,正式,
MLS030765,正常使用,正式,
MLS030772,正常使用,正式,
MLS030775,正常使用,正式,
MLS030776,正常使用,临时,
MLS030777,正常使用,临时,
MLS030778,取消编码，请核查,禁用,
MLS030788,正常使用,正式,
MLS030815,正常使用,临时,
MLS030816,正常使用,临时,
MLS030870,正常使用,临时,
MLS030871,正常使用,正式,
MLS030872,取消编码，请核查,禁用,
MLS030873,取消编码，请核查,禁用,
MLS030874,正常使用,临时,
MLS030875,正常使用,正式,
MLS030876,消耗，请核查,消耗,
MLS030877,取消编码，请核查,禁用,
MLS030878,消耗，请核查,消耗,
MLS030879,取消编码，请核查,禁用,
MLS030880,取消编码，请核查,禁用,
MLS030881,正常使用,临时,
MLS030882,正常使用,正式,
MLS030898,正常使用,临时,
MLS030899,取消编码，请核查,禁用,
MLS030900,取消编码，请核查,禁用,
MLS030901,正常使用,正式,
MLS030902,正常使用,临时,
MLS030903,正常使用,临时,
MLS030904,正常使用,临时,
MLS030905,取消编码，请核查,禁用,
MLS030906,取消编码，请核查,禁用,
MLS030907,正常使用,临时,
MLS030908,取消编码，请核查,禁用,
MLS030909,正常使用,临时,
MLS030910,取消编码，请核查,禁用,
MLS030911,正常使用,临时,
MLS030912,正常使用,临时,
MLS030913,正常使用,临时,
MLS030914,正常使用,临时,
MLS030915,正常使用,临时,
MLS030916,正常使用,临时,
MLS030917,正常使用,临时,
MLS030918,取消编码，请核查,禁用,
MLS030919,取消编码，请核查,禁用,
MLS030920,取消编码，请核查,禁用,
MLS030921,正常使用,临时,
MLS030922,正常使用,临时,
MLS030923,正常使用,临时,
MLS030924,正常使用,临时,
MLS030925,正常使用,临时,
MLS030926,正常使用,临时,
MLS030927,正常使用,临时,
MLS030928,正常使用,临时,
MLS030929,正常使用,临时,
MLS030930,正常使用,临时,
MLS030931,正常使用,临时,
MLS030932,正常使用,临时,
MLS030933,正常使用,临时,
MLS030934,正常使用,临时,
MLS030935,正常使用,临时,
MLS030936,正常使用,临时,
MLS030937,正常使用,临时,
MLS030938,正常使用,临时,
MLS030939,正常使用,临时,
MLS030940,正常使用,临时,
MLS030941,正常使用,临时,
MLS030942,正常使用,临时,
MLS030943,正常使用,临时,
MLS030944,正常使用,正式,
MLS030945,正常使用,临时,
MLS030946,正常使用,临时,
MLS030947,正常使用,临时,
MLS030948,正常使用,临时,
MLS030949,正常使用,临时,
MLS030950,正常使用,临时,
MLS030951,正常使用,临时,
MLS030952,正常使用,正式,
MLS030953,正常使用,正式,
MLS030959,正常使用,正式,
MLS030960,正常使用,正式,
MLS030961,正常使用,正式,
MLS030962,正常使用,正式,
MLS030963,正常使用,正式,
MLS030964,正常使用,正式,
MLS030965,正常使用,正式,
MLS030966,正常使用,正式,
MLS030967,正常使用,正式,
MLS030968,正常使用,正式,
MLS030969,正常使用,正式,
MLS030970,正常使用,正式,
MLS030971,正常使用,正式,
MLS030972,正常使用,正式,
MLS030973,正常使用,正式,
MLS030974,正常使用,正式,
MLS030975,正常使用,正式,
MLS030976,正常使用,正式,
MLS030977,正常使用,正式,
MLS030981,正常使用,正式,
MLS030987,正常使用,正式,
MLS030995,正常使用,临时,
MLS030999,取消编码，请核查,禁用,
MLS031000,取消编码，请核查,禁用,
MLS031004,取消编码，请核查,禁用,
MLS031005,取消编码，请核查,禁用,
MLS031010,正常使用,临时,
MLS031024,正常使用,临时,
MLS031025,正常使用,正式,
MLS031026,正常使用,临时,
MLS031027,正常使用,临时,
MLS031028,正常使用,临时,
MLS031029,正常使用,临时,
MLS031030,正常使用,临时,
MLS031031,正常使用,临时,
MLS031032,正常使用,正式,
MLS031033,正常使用,临时,
MLS031034,正常使用,临时,
MLS031035,正常使用,正式,
MLS031036,正常使用,临时,
MLS031037,取消编码，请核查,禁用,
MLS031038,正常使用,临时,
MLS031040,正常使用,正式,
MLS031046,取消编码，请核查,禁用,
MLS031053,正常使用,正式,
MLS031054,正常使用,临时,
MLS031055,正常使用,临时,
MLS031056,正常使用,正式,
MLS031059,取消编码，请核查,禁用,
MLS031061,取消编码，请核查,禁用,
MLS031067,取消编码，请核查,禁用,
MLS031068,取消编码，请核查,禁用,
MLS031069,正常使用,正式,
MLS031070,正常使用,正式,
MLS031088,正常使用,正式,
MLS031089,正常使用,临时,
MLS031090,正常使用,临时,
MLS031091,正常使用,临时,
MLS031092,正常使用,临时,
MLS031093,正常使用,临时,
MLS031111,正常使用,临时,
MLS031112,正常使用,临时,
MLS031113,正常使用,临时,
MLS031114,正常使用,正式,
MLS031117,正常使用,临时,
MLS031118,正常使用,临时,
MLS031119,取消编码，请核查,禁用,
MLS031120,取消编码，请核查,禁用,
MLS031121,取消编码，请核查,禁用,
MLS031122,取消编码，请核查,禁用,
MLS031123,取消编码，请核查,禁用,
MLS031125,取消编码，请核查,禁用,
MLS031126,正常使用,正式,
MLS031127,正常使用,正式,
MLS031128,正常使用,正式,
MLS031131,取消编码，请核查,禁用,
MLS031132,正常使用,临时,
MLS031133,正常使用,正式,
MLS031134,正常使用,临时,
MLS031135,取消编码，请核查,禁用,
MLS031136,正常使用,正式,
MLS031137,正常使用,临时,
MLS031138,正常使用,临时,
MLS031139,正常使用,临时,
MLS031140,正常使用,临时,
MLS031141,正常使用,临时,
MLS031142,正常使用,临时,
MLS031143,取消编码，请核查,禁用,
MLS031144,取消编码，请核查,禁用,
MLS031149,正常使用,临时,
MLS031150,正常使用,临时,
MLS031151,正常使用,临时,
MLS031152,正常使用,临时,
MLS031156,正常使用,正式,
MLS031157,正常使用,正式,
MLS031158,取消编码，请核查,禁用,
MLS031167,正常使用,正式,
MLS031168,正常使用,正式,
MLS031169,禁用，请核查,消耗,
MLS031170,禁用，请核查,消耗,
MLS031172,正常使用,正式,
MLS031173,正常使用,临时,
MLS031174,正常使用,正式,
MLS031176,正常使用,临时,
MLS031177,正常使用,正式,
MLS031178,正常使用,临时,
MLS031179,正常使用,临时,
MLS031180,正常使用,正式,
MLS031194,正常使用,正式,
MLS031195,正常使用,正式,
MLS031198,取消编码，请核查,禁用,
MLS031200,取消编码，请核查,禁用,
MLS031201,禁用，请核查,消耗,
MLS031202,正常使用,正式,
MLS031205,取消编码，请核查,禁用,
MLS031206,取消编码，请核查,禁用,
MLS031218,取消编码，请核查,禁用,
MLS031219,取消编码，请核查,禁用,
MLS031220,取消编码，请核查,禁用,
MLS031221,正常使用,正式,
MLS031222,正常使用,临时,
MLS031225,正常使用,临时,
MLS031226,正常使用,临时,
MLS031227,正常使用,临时,
MLS031228,正常使用,正式,
MLS031229,正常使用,正式,
MLS031230,取消编码，请核查,禁用,
MLS031231,取消编码，请核查,禁用,
MLS031232,正常使用,正式,
MLS031233,正常使用,正式,
MLS031234,取消编码，请核查,禁用,
MLS031235,取消编码，请核查,禁用,
MLS031236,取消编码，请核查,禁用,
MLS031245,取消编码，请核查,禁用,
MLS031246,禁用，请核查,消耗,
MLS031247,取消编码，请核查,禁用,
MLS031249,取消编码，请核查,禁用,
MLS031250,取消编码，请核查,禁用,
MLS031251,取消编码，请核查,禁用,
MLS031252,取消编码，请核查,禁用,
MLS031258,正常使用,临时,
MLS031259,正常使用,临时,
MLS031265,正常使用,临时,
MLS031266,取消编码，请核查,禁用,
MLS031267,取消编码，请核查,禁用,
MLS031268,取消编码，请核查,禁用,
MLS031269,取消编码，请核查,禁用,
MLS031280,正常使用,临时,
MLS031281,正常使用,临时,
MLS031283,正常使用,正式,
MLS031284,正常使用,正式,
MLS031285,正常使用,正式,
MLS031289,取消编码，请核查,禁用,
MLS031290,取消编码，请核查,禁用,
MLS031291,取消编码，请核查,禁用,
MLS031292,取消编码，请核查,禁用,
MLS031293,取消编码，请核查,禁用,
MLS031294,取消编码，请核查,禁用,
MLS031295,取消编码，请核查,禁用,
MLS031296,取消编码，请核查,禁用,
MLS031297,取消编码，请核查,禁用,
MLS031300,正常使用,临时,
MLS031301,正常使用,临时,
MLS031305,正常使用,临时,
MLS031306,正常使用,临时,
MLS031307,正常使用,临时,
MLS031308,正常使用,临时,
MLS031309,正常使用,临时,
MLS031310,正常使用,临时,
MLS031311,正常使用,临时,
MLS031314,取消编码，请核查,禁用,
MLS031315,正常使用,正式,
MLS031316,正常使用,正式,
MLS031320,正常使用,正式,
MLS031321,正常使用,正式,
MLS031322,正常使用,正式,
MLS031323,正常使用,正式,
MLS031324,正常使用,临时,
MLS031325,取消编码，请核查,禁用,
MLS031326,取消编码，请核查,禁用,
MLS031327,正常使用,临时,
MLS031328,正常使用,临时,
MLS031329,正常使用,正式,
MLS031330,正常使用,正式,
MLS031382,正常使用,正式,
MLS031383,取消编码，请核查,禁用,
MLS031384,取消编码，请核查,禁用,
MLS031385,正常使用,临时,
MLS031386,正常使用,临时,
MLS031387,正常使用,临时,
MLS031390,正常使用,临时,
MLS031391,正常使用,正式,
MLS031392,正常使用,正式,
MLS031402,正常使用,临时,
MLS031425,取消编码，请核查,禁用,
MLS031433,正常使用,临时,
MLS031434,正常使用,临时,
MLS031435,正常使用,临时,
MLS031461,取消编码，请核查,禁用,
MLS031462,取消编码，请核查,禁用,
MLS031463,取消编码，请核查,禁用,
MLS031464,取消编码，请核查,禁用,
MLS031478,取消编码，请核查,禁用,
MLS031479,正常使用,临时,
MLS031519,取消编码，请核查,禁用,
MLS031520,取消编码，请核查,禁用,
MLS031527,正常使用,临时,
MLS031528,正常使用,临时,
MLS031529,取消编码，请核查,禁用,
MLS031530,正常使用,临时,
MLS031531,正常使用,临时,
MLS031532,取消编码，请核查,禁用,
MLS031533,取消编码，请核查,禁用,
MLS031534,取消编码，请核查,禁用,
MLS031536,正常使用,临时,
MLS031546,正常使用,正式,
MLS031547,取消编码，请核查,禁用,
MLS031549,取消编码，请核查,禁用,
MLS031550,取消编码，请核查,禁用,
MLS031551,取消编码，请核查,禁用,
MLS031552,正常使用,临时,
MLS031553,正常使用,正式,
MLS031555,取消编码，请核查,禁用,
MLS031556,取消编码，请核查,禁用,
MLS031557,正常使用,正式,
MLS031558,正常使用,正式,
MLS031568,禁用，请核查,消耗,
MLS031575,正常使用,临时,
MLS031576,正常使用,临时,
MLS031577,正常使用,临时,
MLS031589,正常使用,临时,
MLS031608,正常使用,正式,
MLS031636,正常使用,正式,
MLS031640,正常使用,正式,
MLS031641,正常使用,正式,
MLS031642,正常使用,正式,
MLS031643,正常使用,正式,
MLS031647,正常使用,临时,
MLS031648,正常使用,临时,
MLS031649,正常使用,临时,
MLS031650,正常使用,正式,
MLS031651,正常使用,正式,
MLS031652,正常使用,正式,
MLS031653,正常使用,正式,
MLS031654,正常使用,正式,
MLS031667,正常使用,正式,
MLS031668,取消编码，请核查,禁用,
MLS031669,取消编码，请核查,禁用,
MLS031670,取消编码，请核查,禁用,
MLS031671,取消编码，请核查,禁用,
MLS031672,正常使用,临时,
MLS031673,正常使用,正式,
MLS031695,正常使用,临时,
MLS031710,正常使用,正式,
MLS031719,取消编码，请核查,禁用,
MLS031720,正常使用,正式,
MLS031726,正常使用,临时,
MLS031727,正常使用,临时,
MLS031728,正常使用,临时,
MLS031729,正常使用,临时,
MLS031730,正常使用,临时,
MLS031731,正常使用,正式,
MLS031732,正常使用,正式,
MLS031733,正常使用,正式,
MLS031734,正常使用,正式,
MLS031735,正常使用,正式,
MLS031736,正常使用,临时,
MLS031737,正常使用,临时,
MLS031738,正常使用,临时,
MLS031739,正常使用,临时,
MLS031740,正常使用,临时,
MLS031741,正常使用,临时,
MLS031742,正常使用,临时,
MLS031743,正常使用,临时,
MLS031744,正常使用,临时,
MLS031745,正常使用,临时,
MLS031746,正常使用,临时,
MLS031747,正常使用,临时,
MLS031748,正常使用,临时,
MLS031749,正常使用,临时,
MLS031750,正常使用,临时,
MLS031751,正常使用,临时,
MLS031753,正常使用,正式,
MLS031755,正常使用,临时,
MLS031756,正常使用,临时,
MLS031757,正常使用,临时,
MLS031758,正常使用,临时,
MLS031763,正常使用,临时,
MLS031764,正常使用,临时,
MLS031782,正常使用,临时,
MLS031794,正常使用,正式,
MLS031795,正常使用,正式,
MLS031800,正常使用,正式,
MLS031801,正常使用,正式,
MLS031813,取消编码，请核查,禁用,
MLS031814,取消编码，请核查,禁用,
MLS031815,取消编码，请核查,禁用,
MLS031816,取消编码，请核查,禁用,
MLS031817,取消编码，请核查,禁用,
MLS031818,取消编码，请核查,禁用,
MLS031819,取消编码，请核查,禁用,
MLS031820,取消编码，请核查,禁用,
MLS031821,取消编码，请核查,禁用,
MLS031822,取消编码，请核查,禁用,
MLS031823,取消编码，请核查,禁用,
MLS031824,取消编码，请核查,禁用,
MLS031825,取消编码，请核查,禁用,
MLS031826,取消编码，请核查,禁用,
MLS031827,取消编码，请核查,禁用,
MLS031828,取消编码，请核查,禁用,
MLS031829,取消编码，请核查,禁用,
MLS031830,取消编码，请核查,禁用,
MLS031831,取消编码，请核查,禁用,
MLS031832,取消编码，请核查,禁用,
MLS031833,取消编码，请核查,禁用,
MLS031834,取消编码，请核查,禁用,
MLS031835,取消编码，请核查,禁用,
MLS031836,取消编码，请核查,禁用,
MLS031837,取消编码，请核查,禁用,
MLS031840,正常使用,正式,
MLS031849,正常使用,正式,
MLS031850,正常使用,正式,
MLS031866,正常使用,正式,
MLS031867,正常使用,正式,
MLS031871,正常使用,正式,
MLS031872,正常使用,正式,
MLS031873,正常使用,正式,
MLS031875,正常使用,正式,
MLS031876,取消编码，请核查,禁用,
MLS031877,取消编码，请核查,禁用,
MLS031878,取消编码，请核查,禁用,
MLS031879,正常使用,正式,
MLS031886,正常使用,正式,
MLS031887,正常使用,正式,
MLS031888,正常使用,正式,
MLS031889,正常使用,正式,
MLS031890,正常使用,正式,
MLS031893,正常使用,正式,
MLS031900,正常使用,正式,
MLS031901,取消编码，请核查,禁用,
MLS031902,正常使用,正式,
MLS031914,正常使用,正式,
MLS031915,正常使用,正式,
MLS031941,取消编码，请核查,禁用,
MLS031942,取消编码，请核查,禁用,
MLS031943,取消编码，请核查,禁用,
MLS031944,取消编码，请核查,禁用,
MLS031945,取消编码，请核查,禁用,
MLS031946,取消编码，请核查,禁用,
MLS031947,取消编码，请核查,禁用,
MLS031948,取消编码，请核查,禁用,
MLS031949,取消编码，请核查,禁用,
MLS031950,取消编码，请核查,禁用,
MLS031951,取消编码，请核查,禁用,
MLS031952,取消编码，请核查,禁用,
MLS031953,取消编码，请核查,禁用,
MLS031954,取消编码，请核查,禁用,
MLS031955,取消编码，请核查,禁用,
MLS031956,取消编码，请核查,禁用,
MLS031957,取消编码，请核查,禁用,
MLS031958,取消编码，请核查,禁用,
MLS031959,取消编码，请核查,禁用,
MLS031960,取消编码，请核查,禁用,
MLS031961,正常使用,正式,
MLS031962,取消编码，请核查,禁用,
MLS031963,取消编码，请核查,禁用,
MLS031964,取消编码，请核查,禁用,
MLS031965,正常使用,正式,
MLS031966,正常使用,正式,
MLS031967,取消编码，请核查,禁用,
MLS031968,取消编码，请核查,禁用,
MLS031969,取消编码，请核查,禁用,
MLS031970,取消编码，请核查,禁用,
MLS031975,正常使用,临时,
MLS031976,正常使用,临时,
MLS031994,正常使用,正式,
MLS031995,正常使用,临时,
MLS032013,正常使用,正式,
MLS032015,正常使用,临时,
MLS032016,正常使用,临时,
MLS032017,正常使用,临时,
MLS032018,正常使用,临时,
MLS032019,正常使用,临时,
MLS032020,正常使用,正式,
MLS032021,正常使用,临时,
MLS032022,正常使用,临时,
MLS032023,正常使用,临时,
MLS032024,正常使用,临时,
MLS032025,正常使用,正式,
MLS032026,正常使用,临时,
MLS032027,正常使用,临时,
MLS032028,正常使用,临时,
MLS032029,正常使用,正式,
MLS032030,正常使用,正式,
MLS032031,正常使用,临时,
MLS032032,正常使用,临时,
MLS032033,正常使用,正式,
MLS032034,正常使用,正式,
MLS032035,正常使用,正式,
MLS032036,正常使用,临时,
MLS032038,正常使用,正式,
MLS032039,正常使用,正式,
MLS032043,取消编码，请核查,禁用,
MLS032044,取消编码，请核查,禁用,
MLS032045,正常使用,正式,
MLS032046,正常使用,正式,
MLS032047,正常使用,正式,
MLS032048,正常使用,正式,
MLS032052,正常使用,正式,
MLS032053,正常使用,正式,
MLS032054,正常使用,正式,
MLS032056,正常使用,正式,
MLS032057,正常使用,正式,
MLS032058,正常使用,正式,
MLS032059,正常使用,正式,
MLS032060,正常使用,正式,
MLS032061,正常使用,正式,
MLS032062,正常使用,正式,
MLS032063,正常使用,正式,
MLS032064,正常使用,正式,
MLS032065,正常使用,正式,
MLS032066,正常使用,正式,
MLS032067,正常使用,正式,
MLS032068,正常使用,正式,
MLS032069,正常使用,正式,
MLS032071,正常使用,正式,
MLS032072,正常使用,正式,
MLS032073,正常使用,正式,
MLS032074,正常使用,正式,
MLS032075,正常使用,正式,
MLS032076,正常使用,正式,
MLS032077,正常使用,正式,
MLS032078,正常使用,正式,
MLS032079,正常使用,正式,
MLS032103,正常使用,正式,
MLS032123,正常使用,临时,
MLS032141,正常使用,临时,
MLS032142,正常使用,正式,
MLS032143,正常使用,正式,
MLS032154,正常使用,临时,
MLS032157,取消编码，请核查,禁用,
MLS032158,取消编码，请核查,禁用,
MLS032159,取消编码，请核查,禁用,
MLS032160,取消编码，请核查,禁用,
MLS032161,取消编码，请核查,禁用,
MLS032162,取消编码，请核查,禁用,
MLS032163,取消编码，请核查,禁用,
MLS032164,取消编码，请核查,禁用,
MLS032165,取消编码，请核查,禁用,
MLS032166,取消编码，请核查,禁用,
MLS032167,取消编码，请核查,禁用,
MLS032177,取消编码，请核查,禁用,
MLS032178,取消编码，请核查,禁用,
MLS032179,取消编码，请核查,禁用,
MLS032180,取消编码，请核查,禁用,
MLS032181,取消编码，请核查,禁用,
MLS032182,取消编码，请核查,禁用,
MLS032183,取消编码，请核查,禁用,
MLS032184,取消编码，请核查,禁用,
MLS032185,取消编码，请核查,禁用,
MLS032187,正常使用,正式,
MLS032188,正常使用,正式,
MLS032192,正常使用,临时,
MLS032204,正常使用,正式,
MLS032205,正常使用,临时,
MLS032224,正常使用,临时,
MLS032225,正常使用,临时,
MLS032234,正常使用,临时,
MLS032240,正常使用,临时,
MLS032254,正常使用,正式,
MLS032278,正常使用,正式,
MLS032279,正常使用,正式,
MLS032280,正常使用,正式,
MLS032281,正常使用,正式,
MLS032282,正常使用,正式,
MLS032283,正常使用,正式,
MLS032284,正常使用,正式,
MLS032285,正常使用,正式,
MLS032286,正常使用,正式,
MLS032287,正常使用,正式,
MLS032288,正常使用,正式,
MLS032289,正常使用,临时,
MLS032297,正常使用,正式,
MLS032299,正常使用,正式,
MLS032301,正常使用,正式,
MLS032303,正常使用,正式,
MLS032305,正常使用,正式,
MLS032306,正常使用,正式,
MLS032340,正常使用,临时,
MLS032341,正常使用,临时,
MLS032342,正常使用,正式,
MLS032343,正常使用,正式,
MLS032344,正常使用,正式,
MLS032345,正常使用,正式,
MLS032346,正常使用,临时,
MLS032348,正常使用,临时,
MLS032358,取消编码，请核查,禁用,
MLS032359,正常使用,临时,
MLS032361,正常使用,临时,
MLS032364,正常使用,临时,
MLS032365,正常使用,临时,
MLS032366,正常使用,临时,
MLS032367,正常使用,临时,
MLS032368,正常使用,临时,
MLS032369,正常使用,临时,
MLS032370,正常使用,临时,
MLS032371,正常使用,临时,
MLS032372,正常使用,临时,
MLS032373,正常使用,临时,
MLS032374,正常使用,临时,
MLS032375,正常使用,临时,
MLS032376,正常使用,临时,
MLS032377,正常使用,临时,
MLS032378,正常使用,临时,
MLS032379,正常使用,临时,
MLS032380,正常使用,临时,
MLS032381,正常使用,临时,
MLS032382,正常使用,临时,
MLS032383,正常使用,临时,
MLS032384,正常使用,临时,
MLS032385,正常使用,临时,
MLS032386,正常使用,临时,
MLS032387,正常使用,临时,
MLS032388,正常使用,临时,
MLS032389,正常使用,临时,
MLS032390,正常使用,临时,
MLS032391,正常使用,临时,
MLS032392,正常使用,临时,
MLS032393,正常使用,临时,
MLS032394,正常使用,临时,
MLS032395,正常使用,临时,
MLS032396,正常使用,临时,
MLS032397,正常使用,临时,
MLS032398,正常使用,临时,
MLS032399,正常使用,临时,
MLS032402,正常使用,正式,
MLS032403,正常使用,正式,
MLS032406,正常使用,临时,
MLS032407,正常使用,正式,
MLS032409,正常使用,临时,
MLS032418,正常使用,正式,
MLS032419,正常使用,正式,
MLS032424,正常使用,正式,
MLS032425,正常使用,正式,
MLS032430,正常使用,正式,
MLS032431,正常使用,正式,
MLS032437,正常使用,正式,
MLS032518,正常使用,正式,
MLS032557,正常使用,正式,
MLS032559,正常使用,正式,
MLS032563,正常使用,正式,
MLS032564,正常使用,临时,
MLS032613,正常使用,正式,
MLS032636,正常使用,正式,
MLS032638,正常使用,正式,
MLS032640,正常使用,正式,
MLS032701,禁用，请核查,临时,
MLS032803,正常使用,正式,
MLS032804,正常使用,正式,
MLS032847,正常使用,临时,
MLS032848,正常使用,正式,
MLS032879,正常使用,临时,
MLS032880,正常使用,临时,
MLS032881,正常使用,临时,
MLS032882,正常使用,临时,
MLS032886,正常使用,正式,
MLS040035,正常使用,正式,
MLS040036,正常使用,正式,
MLS040037,正常使用,正式,
MLS040039,正常使用,正式,
MLS040044,正常使用,正式,
MLS040047,正常使用,正式,
MLS040056,正常使用,正式,
MLS040060,正常使用,正式,
MLS040078,正常使用,正式,
MLS040079,正常使用,正式,
MLS040081,正常使用,正式,
MLS040083,正常使用,正式,
MLS040084,正常使用,正式,
MLS040090,正常使用,临时,
MLS040116,正常使用,正式,
MLS040136,正常使用,正式,
MLS040137,正常使用,正式,
MLS040139,正常使用,临时,
MLS040140,正常使用,临时,
MLS040158,正常使用,正式,
MLS050009,正常使用,正式,
MLS050010,正常使用,正式,
MQT060043,正常使用,正式,
MQT060044,正常使用,正式,
MSL010059,正常使用,正式,
MSL020101,正常使用,正式,
MSL020102,正常使用,正式,
MSL020109,正常使用,正式,
MSL020110,正常使用,正式,
MSL020113,正常使用,临时,
MSL020115,正常使用,临时,
MSL020116,取消编码，请核查,禁用,
MSL020128,禁用，请核查,禁用,
MSL020130,取消编码，请核查,禁用,
MSL020131,正常使用,正式,
MSL020133,正常使用,正式,
MSL020137,正常使用,临时,
MSL020138,正常使用,临时,
MSL020139,正常使用,正式,
MSL020140,正常使用,临时,
MSL020143,正常使用,正式,
MSL020147,正常使用,临时,
MSL020161,禁用，请核查,禁用,
MSL020167,正常使用,临时,
MSL020170,正常使用,临时,
MSL020171,正常使用,临时,
MSL020172,正常使用,临时,
MSL020173,正常使用,临时,
MSL020174,正常使用,临时,
MSL020176,正常使用,临时,
MSL020190,正常使用,正式,
MSL030124,正常使用,正式,
MSL040060,正常使用,正式,
MSL040082,正常使用,正式,
MSL040088,正常使用,正式,
MSL040089,正常使用,临时,
MSL040092,正常使用,正式,
MSL040093,正常使用,正式,
MSL040097,取消编码，请核查,禁用,
MSL040099,正常使用,正式,
MSL040100,正常使用,正式,
MSL040103,正常使用,正式,
MSL040104,正常使用,正式,
MSL040110,禁用，请核查,禁用,
MSL040111,正常使用,临时,
MSL040113,正常使用,正式,
MSL040117,正常使用,正式,
MSL040120,正常使用,临时,
MSL040121,正常使用,临时,
MSL040122,正常使用,临时,
MSL040123,正常使用,正式,
MSL040125,正常使用,正式,
MSL040134,正常使用,临时,
MWJ010098,正常使用,正式,
MWJ010102,正常使用,正式,
MWJ010103,正常使用,正式,
MWJ010107,正常使用,正式,
MWJ010108,正常使用,正式,
MWJ010110,正常使用,正式,
MWJ010112,正常使用,正式,
MWJ010113,正常使用,正式,
MWJ010114,正常使用,正式,
MWJ010120,正常使用,正式,
MWJ010124,正常使用,正式,
MWJ010138,正常使用,正式,
MWJ010139,正常使用,正式,
MWJ010141,正常使用,正式,
MWJ010142,正常使用,正式,
MWJ010150,正常使用,正式,
MWJ010154,正常使用,临时,
MWJ010172,正常使用,正式,
MWJ010176,正常使用,正式,
MWJ010182,正常使用,正式,
MWJ010183,正常使用,正式,
MWJ010184,升级替换为MWJ010663,临时,
MWJ010185,升级替换为MWJ010664,正式,
MWJ010188,正常使用,临时,
MWJ010189,正常使用,临时,
MWJ010190,正常使用,正式,
MWJ010191,正常使用,正式,
MWJ010205,正常使用,正式,
MWJ010206,正常使用,正式,
MWJ010207,正常使用,正式,
MWJ010208,禁用，请核查,正式,
MWJ010209,取消编码，请核查,禁用,
MWJ010210,消耗，请核查,消耗,
MWJ010232,正常使用,正式,
MWJ010233,正常使用,正式,
MWJ010244,正常使用,正式,
MWJ010245,正常使用,临时,
MWJ010249,取消编码，请核查,禁用,
MWJ010250,禁用，请核查,禁用,
MWJ010264,正常使用,正式,
MWJ010265,正常使用,正式,
MWJ010266,正常使用,正式,
MWJ010268,禁用，请核查,禁用,
MWJ010269,取消编码，请核查,禁用,
MWJ010278,正常使用,正式,
MWJ010295,正常使用,临时,
MWJ010296,正常使用,正式,
MWJ010299,正常使用,临时,
MWJ010300,正常使用,临时,
MWJ010301,正常使用,临时,
MWJ010302,正常使用,临时,
MWJ010303,正常使用,临时,
MWJ010304,正常使用,临时,
MWJ010305,正常使用,临时,
MWJ010306,正常使用,临时,
MWJ010307,正常使用,临时,
MWJ010308,正常使用,临时,
MWJ010309,正常使用,临时,
MWJ010310,正常使用,临时,
MWJ010311,正常使用,临时,
MWJ010312,正常使用,临时,
MWJ010313,正常使用,临时,
MWJ010314,正常使用,临时,
MWJ010315,正常使用,临时,
MWJ010332,正常使用,临时,
MWJ010333,正常使用,临时,
MWJ010334,正常使用,临时,
MWJ010335,正常使用,正式,
MWJ010336,正常使用,正式,
MWJ010337,正常使用,正式,
MWJ010338,正常使用,临时,
MWJ010341,正常使用,临时,
MWJ010342,正常使用,临时,
MWJ010343,正常使用,临时,
MWJ010344,消耗，请核查,消耗,
MWJ010345,取消编码，请核查,禁用,
MWJ010346,正常使用,正式,
MWJ010347,正常使用,正式,
MWJ010348,正常使用,正式,
MWJ010349,正常使用,正式,
MWJ010350,正常使用,正式,
MWJ010351,正常使用,正式,
MWJ010352,禁用，请核查,消耗,
MWJ010353,禁用，请核查,消耗,
MWJ010354,该铰链仅开孔,消耗,
MWJ010358,正常使用,临时,
MWJ010359,正常使用,临时,
MWJ010363,正常使用,正式,
MWJ010378,正常使用,正式,
MWJ010379,正常使用,临时,
MWJ010380,正常使用,正式,
MWJ010381,正常使用,正式,
MWJ010382,正常使用,正式,
MWJ010383,正常使用,正式,
MWJ010384,正常使用,正式,
MWJ010385,正常使用,正式,
MWJ010386,正常使用,正式,
MWJ010387,正常使用,临时,
MWJ010388,取消编码，请核查,禁用,
MWJ010389,禁用，请核查,禁用,
MWJ010390,取消编码，请核查,禁用,
MWJ010391,禁用，请核查,正式,
MWJ010392,禁用，请核查,正式,
MWJ010393,正常使用,正式,
MWJ010394,正常使用,正式,
MWJ010395,消耗，请核查,消耗,
MWJ010396,禁用，请核查,正式,
MWJ010397,正常使用,正式,
MWJ010398,正常使用,正式,
MWJ010399,正常使用,正式,
MWJ010400,取消编码，请核查,禁用,
MWJ010402,正常使用,正式,
MWJ010411,正常使用,正式,
MWJ010412,正常使用,临时,
MWJ010413,正常使用,临时,
MWJ010414,正常使用,正式,
MWJ010415,正常使用,正式,
MWJ010416,正常使用,正式,
MWJ010417,正常使用,正式,
MWJ010423,正常使用,正式,
MWJ010424,正常使用,正式,
MWJ010430,正常使用,正式,
MWJ010431,正常使用,正式,
MWJ010433,正常使用,正式,
MWJ010445,正常使用,正式,
MWJ010446,正常使用,临时,
MWJ010447,正常使用,临时,
MWJ010448,正常使用,临时,
MWJ010449,正常使用,临时,
MWJ010452,正常使用,临时,
MWJ010453,正常使用,临时,
MWJ010454,正常使用,临时,
MWJ010455,正常使用,正式,
MWJ010456,正常使用,临时,
MWJ010461,正常使用,正式,
MWJ010462,正常使用,正式,
MWJ010463,正常使用,正式,
MWJ010464,正常使用,正式,
MWJ010465,正常使用,正式,
MWJ010466,正常使用,正式,
MWJ010467,正常使用,正式,
MWJ010468,正常使用,正式,
MWJ010469,正常使用,正式,
MWJ010470,正常使用,正式,
MWJ010471,正常使用,正式,
MWJ010472,正常使用,正式,
MWJ010473,正常使用,正式,
MWJ010474,正常使用,正式,
MWJ010475,正常使用,正式,
MWJ010476,正常使用,正式,
MWJ010477,正常使用,正式,
MWJ010478,正常使用,正式,
MWJ010479,正常使用,正式,
MWJ010484,正常使用,正式,
MWJ010485,正常使用,正式,
MWJ010486,正常使用,正式,
MWJ010487,正常使用,正式,
MWJ010514,正常使用,正式,
MWJ010515,正常使用,正式,
MWJ010519,正常使用,正式,
MWJ010525,正常使用,正式,
MWJ010528,正常使用,正式,
MWJ010529,正常使用,正式,
MWJ010530,正常使用,临时,
MWJ010531,正常使用,临时,
MWJ010532,正常使用,临时,
MWJ010533,正常使用,临时,
MWJ010534,正常使用,临时,
MWJ010535,正常使用,临时,
MWJ010536,正常使用,临时,
MWJ010554,正常使用,正式,
MWJ010556,正常使用,临时,
MWJ010557,正常使用,临时,
MWJ010558,正常使用,临时,
MWJ010559,正常使用,临时,
MWJ010560,正常使用,临时,
MWJ010562,正常使用,临时,
MWJ010563,正常使用,临时,
MWJ010564,正常使用,临时,
MWJ010565,正常使用,临时,
MWJ010566,正常使用,临时,
MWJ010567,正常使用,临时,
MWJ010568,正常使用,临时,
MWJ010569,正常使用,临时,
MWJ010570,正常使用,临时,
MWJ010571,正常使用,临时,
MWJ010572,正常使用,临时,
MWJ010573,正常使用,临时,
MWJ010574,正常使用,临时,
MWJ010575,正常使用,临时,
MWJ010576,正常使用,临时,
MWJ010577,正常使用,临时,
MWJ010578,正常使用,临时,
MWJ010579,正常使用,正式,
MWJ010580,正常使用,正式,
MWJ010581,正常使用,正式,
MWJ010590,正常使用,临时,
MWJ010591,正常使用,临时,
MWJ010592,正常使用,临时,
MWJ010593,正常使用,临时,
MWJ010594,正常使用,临时,
MWJ010595,正常使用,临时,
MWJ010601,正常使用,临时,
MWJ010602,正常使用,临时,
MWJ010620,正常使用,正式,
MWJ010621,正常使用,正式,
MWJ010622,正常使用,正式,
MWJ010623,正常使用,正式,
MWJ010624,正常使用,正式,
MWJ010625,正常使用,正式,
MWJ010626,正常使用,正式,
MWJ010627,正常使用,临时,
MWJ010628,正常使用,临时,
MWJ010629,正常使用,临时,
MWJ010641,正常使用,临时,
MWJ010644,正常使用,临时,
MWJ010658,正常使用,正式,
MWJ010659,正常使用,正式,
MWJ010660,正常使用,正式,
MWJ010661,正常使用,正式,
MWJ010662,正常使用,临时,
MWJ010663,正常使用,临时,
MWJ010664,正常使用,临时,
MWJ010665,禁用，升级为MWJ010677,消耗,
MWJ010666,禁用，升级为MWJ010678,消耗,
MWJ010667,禁用，升级为MWJ010679,禁用,
MWJ020025,正常使用,正式,
MWJ020026,正常使用,正式,
MWJ020027,正常使用,正式,
MWJ020028,正常使用,正式,
MWJ020029,正常使用,正式,
MWJ020030,正常使用,正式,
MWJ020031,正常使用,正式,
MWJ020033,正常使用,正式,
MWJ020034,正常使用,正式,
MWJ020041,正常使用,正式,
MWJ020042,正常使用,正式,
MWJ020043,正常使用,正式,
MWJ020044,正常使用,正式,
MWJ020045,正常使用,正式,
MWJ020046,正常使用,正式,
MWJ020047,正常使用,正式,
MWJ020048,正常使用,正式,
MWJ020066,正常使用,正式,
MWJ020067,正常使用,正式,
MWJ020070,正常使用,临时,
MWJ020071,正常使用,临时,
MWJ020072,正常使用,临时,
MWJ020073,正常使用,临时,
MWJ020074,正常使用,临时,
MWJ020075,正常使用,临时,
MWJ030056,正常使用,正式,
MWJ030066,正常使用,正式,
MWJ030070,正常使用,正式,
MWJ030074,正常使用,正式,
MWJ030075,正常使用,正式,
MWJ030076,正常使用,正式,
MWJ030079,正常使用,正式,
MWJ030080,正常使用,正式,
MWJ030087,正常使用,正式,
MWJ030088,正常使用,正式,
MWJ030099,正常使用,临时,
MWJ030130,正常使用,正式,
MWJ030131,正常使用,临时,
MWJ030135,正常使用,正式,
MWJ030180,正常使用,正式,
MWJ030181,正常使用,正式,
MWJ030182,正常使用,正式,
MWJ030183,正常使用,正式,
MWJ030184,正常使用,正式,
MWJ030185,正常使用,正式,
MWJ030186,正常使用,正式,
MWJ030195,正常使用,正式,
MWJ030206,正常使用,临时,
MWJ040170,正常使用,正式,
MWJ040176,正常使用,正式,
MWJ040179,下市不再使用,临时,
MWJ040185,正常使用,临时,
MWJ040189,正常使用,正式,
MWJ040193,降本升级为MXC040346,正式,
MWJ040194,降本升级为MXC040345,正式,
MWJ040195,降本升级为MXC040347,正式,
MWJ040196,降本升级为MXC040348,正式,
MWJ040202,正常使用,正式,
MWJ040211,正常使用,正式,
MWJ040212,正常使用,正式,
MWJ040217,正常使用,正式,
MWJ040223,禁用，请核查,正式,
MWJ040224,禁用，请核查,消耗,
MWJ040226,禁用，请核查,消耗,
MWJ040230,降本升级为MXC040341,临时,
MWJ040232,正常使用,正式,
MWJ040234,消耗，请核查,消耗,
MWJ040248,正常使用,正式,
MWJ040250,正常使用,正式,
MWJ040251,正常使用,正式,
MWJ040257,正常使用,正式,
MWJ040259,正常使用,正式,
MWJ040291,正常使用,正式,
MWJ040296,正常使用,正式,
MWJ040299,禁用，请核查,消耗,
MWJ040300,禁用，请核查,正式,
MWJ040302,禁用，请核查,消耗,
MWJ040303,禁用，请核查,消耗,
MWJ040304,正常使用,正式,
MWJ040311,正常使用,正式,
MWJ040313,正常使用,正式,
MWJ040315,正常使用,正式,
MWJ040316,正常使用,正式,
MWJ040325,正常使用,正式,
MWJ040326,正常使用,正式,
MWJ040330,正常使用,正式,
MWJ040358,正常使用,正式,
MWJ040359,正常使用,正式,
MWJ040368,正常使用,正式,
MWJ040369,正常使用,正式,
MWJ040370,正常使用,正式,
MWJ040380,禁用，请核查,禁用,
MWJ040383,正常使用,正式,
MWJ040384,正常使用,正式,
MWJ040387,正常使用,临时,
MWJ040393,正常使用,正式,
MWJ040401,正常使用,正式,
MWJ040402,取消编码，请核查,禁用,
MWJ040417,正常使用,正式,
MWJ040419,正常使用,正式,
MWJ040422,正常使用,正式,
MWJ040423,正常使用,正式,
MWJ040427,正常使用,正式,
MWJ040428,正常使用,正式,
MWJ040429,正常使用,正式,
MWJ040430,正常使用,正式,
MWJ040434,正常使用,正式,
MWJ040437,禁用，请核查,正式,
MWJ040443,正常使用,正式,
MWJ040451,正常使用,正式,
MWJ040456,降本升级为MXC040343,禁用,
MWJ040457,降本升级为MXC040344,临时,
MWJ040458,降本升级为MXC040342,正式,
MWJ040465,正常使用,正式,
MWJ040485,正常使用,正式,
MWJ040486,正常使用,正式,
MWJ040494,禁用，请核查,禁用,
MWJ040495,禁用，请核查,禁用,
MWJ040509,正常使用,正式,
MWJ040532,正常使用,正式,
MWJ040545,正常使用,临时,
MWJ040548,正常使用,正式,
MWJ040580,正常使用,正式,
MWJ040594,正常使用,正式,
MWJ040615,正常使用,正式,
MWJ040616,正常使用,临时,
MWJ040617,正常使用,正式,
MWJ040618,正常使用,正式,
MWJ040622,正常使用,正式,
MWJ040623,正常使用,正式,
MWJ040624,正常使用,临时,
MWJ040625,正常使用,临时,
MWJ040626,正常使用,正式,
MWJ040627,正常使用,临时,
MWJ040628,正常使用,正式,
MWJ040629,正常使用,正式,
MWJ040630,正常使用,临时,
MWJ040633,禁用，请核查,正式,
MWJ040634,取消编码，请核查,禁用,
MWJ040635,禁用，请核查,正式,
MWJ040636,禁用，请核查,消耗,
MWJ040641,正常使用,正式,
MWJ040644,正常使用,正式,
MWJ040645,正常使用,正式,
MWJ040646,正常使用,正式,
MWJ040664,正常使用,正式,
MWJ040666,正常使用,正式,
MWJ040667,正常使用,正式,
MWJ040672,正常使用,正式,
MWJ040676,正常使用,正式,
MWJ040677,正常使用,正式,
MWJ040684,正常使用,临时,
MWJ040686,正常使用,正式,
MWJ040687,正常使用,正式,
MWJ040688,禁用，请核查,消耗,
MWJ040689,正常使用,正式,
MWJ040699,正常使用,临时,
MWJ040700,消耗，请核查,消耗,
MWJ040701,取消编码，请核查,禁用,
MWJ040702,消耗，请核查,消耗,
MWJ040703,正常使用,临时,
MWJ040717,正常使用,正式,
MWJ040718,正常使用,正式,
MWJ040719,正常使用,正式,
MWJ040721,正常使用,正式,
MWJ040725,正常使用,正式,
MWJ040728,禁用，请核查,正式,
MWJ040729,禁用，请核查,正式,
MWJ040743,正常使用,正式,
MWJ040745,正常使用,正式,
MWJ040752,正常使用,正式,
MWJ040772,正常使用,正式,
MWJ040773,正常使用,正式,
MWJ040779,正常使用,临时,
MWJ040789,正常使用,正式,
MWJ040803,正常使用,正式,
MWJ040809,正常使用,正式,
MWJ040811,正常使用,正式,
MWJ040832,正常使用,临时,
MWJ040833,正常使用,临时,
MWJ040834,正常使用,临时,
MWJ040835,正常使用,正式,
MWJ040844,正常使用,临时,
MWJ040845,正常使用,临时,
MWJ040846,正常使用,临时,
MWJ040847,正常使用,正式,
MWJ040850,正常使用,临时,
MWJ040851,正常使用,临时,
MWJ040918,正常使用,正式,
MWJ040919,正常使用,临时,
MWJ040920,正常使用,临时,
MWJ040921,正常使用,临时,
MWJ040922,正常使用,临时,
MWJ040928,正常使用,临时,
MWJ040929,正常使用,正式,
MWJ040930,正常使用,正式,
MWJ040932,正常使用,临时,
MWJ041017,正常使用,临时,
MWJ041019,正常使用,临时,
MWJ041063,正常使用,正式,
MWJ041074,正常使用,正式,
MWJ041076,正常使用,正式,
MWJ041082,正常使用,正式,
MWJ041083,正常使用,正式,
MWJ041105,正常使用,正式,
MWJ041108,正常使用,正式,
MWJ041110,正常使用,正式,
MWJ041121,正常使用,正式,
MWJ041122,正常使用,正式,
MWJ041123,正常使用,正式,
MWJ041155,正常使用,临时,
MWJ041159,正常使用,临时,
MWJ041160,正常使用,临时,
MWJ041161,正常使用,正式,
MWJ041170,正常使用,正式,
MWJ041180,正常使用,临时,
MWJ041189,正常使用,正式,
MWJ041190,正常使用,临时,
MWJ041193,正常使用,临时,
MWJ041194,取消编码，请核查,禁用,
MWJ041195,正常使用,临时,
MWJ041196,取消编码，请核查,禁用,
MWJ041197,正常使用,正式,
MWJ041198,正常使用,正式,
MWJ041199,正常使用,正式,
MWJ041200,正常使用,正式,
MWJ041201,正常使用,正式,
MWJ041202,正常使用,正式,
MWJ041203,正常使用,正式,
MWJ041204,正常使用,正式,
MWJ041205,正常使用,正式,
MWJ041206,正常使用,正式,
MWJ041207,正常使用,正式,
MWJ041208,正常使用,正式,
MWJ041209,正常使用,正式,
MWJ041210,正常使用,正式,
MWJ041211,正常使用,正式,
MWJ041212,正常使用,正式,
MWJ041213,取消编码，请核查,禁用,
MWJ041214,正常使用,正式,
MWJ041215,正常使用,正式,
MWJ041217,正常使用,正式,
MWJ041234,正常使用,正式,
MWJ041237,正常使用,正式,
MWJ041245,正常使用,正式,
MWJ041248,正常使用,正式,
MWJ041263,正常使用,正式,
MWJ041266,正常使用,正式,
MWJ041267,正常使用,正式,
MWJ041268,升级替换为MWJ010662,正式,
MWJ041280,正常使用,正式,
MWJ041281,正常使用,正式,
MWJ041290,正常使用,正式,
MWJ041292,正常使用,正式,
MWJ041303,正常使用,正式,
MWJ041329,正常使用,正式,
MWJ041331,正常使用,正式,
MWJ041341,正常使用,临时,
MWJ041348,正常使用,临时,
MWJ041352,正常使用,正式,
MWJ041354,正常使用,临时,
MWJ041355,正常使用,正式,
MWJ041356,正常使用,正式,
MWJ041358,正常使用,正式,
MWJ041359,正常使用,正式,
MWJ041360,正常使用,正式,
MWJ041361,正常使用,正式,
MWJ041362,正常使用,正式,
MWJ041363,正常使用,正式,
MWJ041366,正常使用,正式,
MWJ041367,正常使用,正式,
MWJ041368,正常使用,正式,
MWJ041369,正常使用,正式,
MWJ041370,正常使用,正式,
MWJ041371,正常使用,正式,
MWJ041372,正常使用,正式,
MWJ041376,正常使用,正式,
MWJ041377,正常使用,正式,
MWJ041389,正常使用,正式,
MWJ041393,正常使用,临时,
MWJ041395,正常使用,正式,
MWJ041396,正常使用,正式,
MWJ041397,正常使用,正式,
MWJ041398,正常使用,正式,
MWJ041399,正常使用,正式,
MWJ041400,正常使用,正式,
MWJ041401,正常使用,正式,
MWJ041402,正常使用,正式,
MWJ041405,正常使用,正式,
MWJ041406,正常使用,临时,
MWJ041408,正常使用,临时,
MWJ041413,正常使用,正式,
MWJ041422,正常使用,正式,
MWJ041423,正常使用,正式,
MWJ041431,正常使用,临时,
MWJ041432,正常使用,临时,
MWJ041433,正常使用,临时,
MWJ041435,正常使用,正式,
MWJ041436,正常使用,临时,
MWJ041448,禁用，请核查,禁用,
MWJ041449,正常使用,正式,
MWJ041450,正常使用,正式,
MWJ041453,正常使用,正式,
MWJ041456,禁用，请核查,正式,
MWJ041457,取消编码，请核查,禁用,
MWJ041460,正常使用,正式,
MWJ041461,正常使用,临时,
MWJ041462,正常使用,临时,
MWJ041470,正常使用,正式,
MWJ041471,正常使用,正式,
MWJ041483,正常使用,正式,
MWJ041488,正常使用,正式,
MWJ041532,正常使用,正式,
MWJ041576,正常使用,正式,
MWJ041591,正常使用,正式,
MWJ041592,正常使用,临时,
MWJ041593,正常使用,临时,
MWJ041594,正常使用,临时,
MWJ041595,正常使用,临时,
MWJ041596,正常使用,临时,
MWJ041597,正常使用,正式,
MWJ041598,正常使用,临时,
MWJ041599,正常使用,正式,
MWJ041600,取消编码，请核查,禁用,
MWJ041601,正常使用,正式,
MWJ041603,正常使用,正式,
MWJ041616,正常使用,正式,
MWJ041628,正常使用,临时,
MWJ041634,正常使用,临时,
MWJ041635,正常使用,临时,
MWJ041636,正常使用,临时,
MWJ041637,正常使用,临时,
MWJ041638,正常使用,临时,
MWJ041639,正常使用,临时,
MWJ041640,正常使用,临时,
MWJ041641,正常使用,正式,
MWJ041643,正常使用,临时,
MWJ041644,正常使用,正式,
MWJ041646,正常使用,正式,
MWJ041651,正常使用,正式,
MWJ041652,正常使用,临时,
MWJ041656,正常使用,临时,
MWJ041665,正常使用,正式,
MWJ041667,正常使用,正式,
MWJ041678,正常使用,正式,
MWJ041683,正常使用,正式,
MWJ041688,正常使用,临时,
MWJ041689,正常使用,临时,
MWJ041692,正常使用,临时,
MWJ041716,正常使用,正式,
MWJ041717,正常使用,正式,
MWJ041718,正常使用,正式,
MWJ041719,正常使用,正式,
MWJ041720,正常使用,正式,
MWJ041721,正常使用,正式,
MWJ041722,正常使用,正式,
MWJ041723,正常使用,正式,
MWJ041724,正常使用,正式,
MWJ041725,正常使用,正式,
MWJ041726,正常使用,正式,
MWJ041727,正常使用,正式,
MWJ041728,正常使用,正式,
MWJ041729,正常使用,正式,
MWJ041730,正常使用,正式,
MWJ041731,正常使用,正式,
MWJ041732,正常使用,正式,
MWJ041733,正常使用,正式,
MWJ041734,正常使用,正式,
MWJ041736,正常使用,正式,
MWJ041737,正常使用,正式,
MWJ041738,正常使用,正式,
MWJ041739,正常使用,正式,
MWJ041740,正常使用,正式,
MWJ041741,正常使用,正式,
MWJ041750,正常使用,正式,
MWJ041762,正常使用,正式,
MWJ041766,正常使用,临时,
MWJ041786,正常使用,正式,
MWJ041788,正常使用,临时,
MWJ041790,正常使用,临时,
MWJ041791,正常使用,正式,
MWJ041799,正常使用,临时,
MWJ041800,正常使用,临时,
MWJ041801,正常使用,临时,
MWJ041822,正常使用,正式,
MWJ041823,正常使用,正式,
MWJ041824,正常使用,正式,
MWJ041825,正常使用,正式,
MWJ041828,正常使用,正式,
MWJ041829,正常使用,正式,
MWJ041841,正常使用,临时,
MWJ041844,正常使用,临时,
MWJ041845,正常使用,临时,
MWJ041846,正常使用,临时,
MWJ041847,正常使用,临时,
MWJ041849,正常使用,正式,
MWJ041850,正常使用,临时,
MWJ041851,正常使用,临时,
MWJ041852,正常使用,临时,
MWJ041895,正常使用,正式,
MWJ041896,正常使用,正式,
MWJ041903,正常使用,临时,
MWJ041904,正常使用,临时,
MWJ041905,正常使用,临时,
MWJ041906,正常使用,临时,
MWJ041907,正常使用,临时,
MWJ041908,替换为MWJ040401,消耗,
MWJ041909,正常使用,正式,
MWJ041918,正常使用,临时,
MWJ041919,正常使用,临时,
MWJ041923,正常使用,正式,
MWJ041940,正常使用,临时,
MWJ041941,正常使用,临时,
MWJ041942,正常使用,临时,
MWJ041943,正常使用,临时,
MWJ041959,正常使用,临时,
MWJ042005,正常使用,正式,
MWJ042007,正常使用,正式,
MWJ042008,正常使用,临时,
MWJ042009,正常使用,临时,
MWJ042010,正常使用,临时,
MWJ042011,正常使用,正式,
MWJ042012,正常使用,临时,
MWJ042013,正常使用,临时,
MWJ042014,正常使用,临时,
MWJ042026,正常使用,临时,
MWJ042027,正常使用,临时,
MWJ042028,正常使用,临时,
MWJ042029,正常使用,临时,
MWJ042030,正常使用,临时,
MWJ042031,正常使用,临时,
MWJ042032,正常使用,临时,
MWJ042033,正常使用,临时,
MWJ042035,正常使用,临时,
MWJ042053,正常使用,正式,
MWJ042054,正常使用,临时,
MWJ042055,正常使用,正式,
MWJ042056,正常使用,正式,
MWJ042057,正常使用,正式,
MWJ042062,正常使用,正式,
MWJ042064,正常使用,正式,
MWJ042070,消耗，请核查,消耗,
MWJ042071,正常使用,正式,
MWJ042152,正常使用,正式,
MWJ042159,正常使用,临时,
MWJ042176,正常使用,正式,
MWJ042228,正常使用,临时,
MWJ042235,正常使用,临时,
MWJ042236,正常使用,临时,
MWJ042237,正常使用,临时,
MWJ042258,正常使用,临时,
MWJ042291,正常使用,临时,
MWJ042292,正常使用,临时,
MWJ042308,正常使用,临时,
MWJ042318,正常使用,正式,
MWJ042319,正常使用,临时,
MWJ042324,正常使用,正式,
MWJ042325,正常使用,正式,
MWJ042326,正常使用,正式,
MWJ042327,正常使用,正式,
MWJ042357,正常使用,正式,
MWJ050101,取消编码，请核查,禁用,
MWJ050104,取消编码，请核查,禁用,
MWJ050105,正常使用,正式,
MWJ050107,正常使用,正式,
MWJ050136,正常使用,正式,
MWJ050145,正常使用,正式,
MWJ050153,正常使用,正式,
MWJ050154,正常使用,正式,
MWJ050156,消耗，请核查,消耗,
MWJ050188,正常使用,正式,
MWJ060140,正常使用,正式,
MWJ060155,正常使用,正式,
MWJ060162,正常使用,正式,
MWJ060172,正常使用,正式,
MWJ060179,正常使用,临时,
MWJ060188,正常使用,正式,
MWJ060191,正常使用,正式,
MWJ060198,正常使用,正式,
MWJ060213,正常使用,正式,
MWJ060214,正常使用,正式,
MWJ060217,正常使用,临时,
MWJ060219,正常使用,正式,
MWJ060235,正常使用,正式,
MWJ060253,正常使用,临时,
MWJ060254,正常使用,临时,
MWJ060257,正常使用,正式,
MWJ060258,正常使用,正式,
MWJ060275,正常使用,正式,
MWJ060276,正常使用,正式,
MWJ060288,正常使用,正式,
MWJ060293,正常使用,正式,
MWJ060294,正常使用,正式,
MWJ060316,正常使用,正式,
MWJ060327,正常使用,正式,
MWJ060337,正常使用,正式,
MWJ060343,正常使用,正式,
MWJ060347,正常使用,正式,
MWJ060349,正常使用,正式,
MWJ060350,正常使用,正式,
MWJ060352,正常使用,正式,
MWJ060353,正常使用,正式,
MWJ060369,正常使用,临时,
MWJ060370,正常使用,临时,
MWJ060421,正常使用,临时,
MWJ060422,正常使用,临时,
MWJ060423,正常使用,正式,
MWJ060424,正常使用,正式,
MWJ060425,正常使用,正式,
MWJ060426,正常使用,正式,
MWJ060427,正常使用,临时,
MWJ060428,正常使用,临时,
MWJ060429,正常使用,临时,
MWJ060430,正常使用,临时,
MWJ060459,正常使用,临时,
MWJ060471,正常使用,临时,
MWJ070275,正常使用,正式,
MWJ070277,正常使用,正式,
MWJ070278,正常使用,正式,
MWJ070293,正常使用,临时,
MWJ070315,正常使用,临时,
MWJ070374,正常使用,临时,
MWJ070410,正常使用,正式,
MWJ070436,正常使用,正式,
MWJ070437,正常使用,正式,
MWJ070438,正常使用,正式,
MWJ070445,正常使用,正式,
MWJ070456,正常使用,正式,
MWJ070474,正常使用,正式,
MWJ070487,正常使用,临时,
MWJ070490,正常使用,临时,
MWJ070491,正常使用,临时,
MWJ070492,正常使用,临时,
MWJ070493,正常使用,临时,
MWJ070494,正常使用,临时,
MWJ070495,正常使用,临时,
MWJ070496,正常使用,临时,
MWJ070497,正常使用,临时,
MWJ070498,正常使用,临时,
MWJ070499,正常使用,临时,
MWJ070500,正常使用,临时,
MWJ070501,正常使用,临时,
MWJ070502,正常使用,临时,
MWJ070503,正常使用,临时,
MWJ070504,正常使用,临时,
MWJ070505,正常使用,临时,
MWJ070506,正常使用,临时,
MWJ070507,正常使用,正式,
MWJ070508,正常使用,临时,
MWJ070509,正常使用,临时,
MWJ070510,正常使用,临时,
MWJ070511,正常使用,临时,
MWJ070512,正常使用,临时,
MWJ070513,正常使用,临时,
MWJ070514,正常使用,临时,
MWJ070515,正常使用,临时,
MWJ070516,正常使用,临时,
MWJ070517,正常使用,临时,
MWJ070518,正常使用,临时,
MWJ070519,正常使用,临时,
MWJ070520,正常使用,临时,
MWJ070521,正常使用,临时,
MWJ070522,正常使用,临时,
MWJ070523,正常使用,临时,
MWJ070524,正常使用,临时,
MWJ070525,正常使用,临时,
MWJ070526,正常使用,临时,
MWJ070527,正常使用,临时,
MWJ070528,正常使用,临时,
MWJ070529,正常使用,临时,
MWJ070530,正常使用,临时,
MWJ070531,正常使用,临时,
MWJ070532,正常使用,临时,
MWJ070533,正常使用,临时,
MWJ070534,正常使用,临时,
MWJ070537,正常使用,临时,
MWJ070538,正常使用,临时,
MWJ070546,正常使用,正式,
MWJ070557,正常使用,正式,
MWJ070559,正常使用,正式,
MWJ070571,正常使用,临时,
MWJ070575,正常使用,正式,
MWJ070578,正常使用,临时,
MWJ070582,正常使用,正式,
MWJ070592,正常使用,正式,
MWJ070594,正常使用,临时,
MWJ070596,正常使用,正式,
MWJ070597,正常使用,正式,
MWJ070601,正常使用,正式,
MWJ070615,正常使用,正式,
MWJ070619,正常使用,正式,
MWJ070620,正常使用,正式,
MWJ070621,正常使用,正式,
MWJ070633,正常使用,临时,
MWJ070634,正常使用,临时,
MWJ070635,正常使用,临时,
MWJ070637,正常使用,正式,
MWJ070638,正常使用,正式,
MWJ070646,正常使用,临时,
MWJ070655,正常使用,正式,
MWJ070660,正常使用,正式,
MWJ070663,正常使用,临时,
MWJ070664,正常使用,临时,
MWJ070674,正常使用,正式,
MWJ070676,正常使用,正式,
MWJ070677,正常使用,正式,
MWJ070687,正常使用,临时,
MWJ070688,正常使用,临时,
MWJ070706,正常使用,临时,
MWJ070708,正常使用,正式,
MWJ070726,正常使用,临时,
MWJ070736,正常使用,正式,
MWJ070784,正常使用,临时,
MWJ070785,正常使用,临时,
MWJ070786,正常使用,临时,
MWJ070787,正常使用,临时,
MWJ070788,正常使用,临时,
MWJ070805,正常使用,正式,
MWJ070818,正常使用,临时,
MWJ070852,正常使用,正式,
MWJ070853,正常使用,正式,
MWJ070862,正常使用,正式,
MWJ070863,正常使用,正式,
MWJ070875,正常使用,正式,
MWJ070880,正常使用,正式,
MWJ070890,正常使用,正式,
MWJ070891,正常使用,正式,
MWJ070892,正常使用,正式,
MWJ070893,正常使用,正式,
MWJ070895,正常使用,正式,
MWJ070898,正常使用,正式,
MWJ070900,正常使用,临时,
MWJ070925,正常使用,正式,
MWJ070926,正常使用,正式,
MWJ070928,正常使用,正式,
MWJ070931,正常使用,临时,
MWJ070968,正常使用,正式,
MWJ070969,正常使用,正式,
MWJ070974,正常使用,正式,
MWJ070982,正常使用,正式,
MWJ070984,正常使用,临时,
MWJ070985,正常使用,临时,
MWJ070987,正常使用,临时,
MWJ070988,正常使用,临时,
MWJ070990,正常使用,临时,
MWJ070991,正常使用,临时,
MWJ070992,正常使用,临时,
MWJ070993,正常使用,正式,
MWJ070994,正常使用,临时,
MWJ070995,正常使用,临时,
MWJ070996,正常使用,临时,
MWJ070997,正常使用,临时,
MWJ071001,正常使用,临时,
MWJ071004,正常使用,临时,
MWJ071013,正常使用,临时,
MWJ071016,正常使用,临时,
MWJ071022,正常使用,临时,
MWJ071026,正常使用,正式,
MWJ071027,正常使用,正式,
MWJ071036,正常使用,正式,
MWJ071037,正常使用,正式,
MWJ071038,正常使用,正式,
MWJ071039,正常使用,正式,
MWJ071040,正常使用,正式,
MWJ071041,正常使用,正式,
MWJ071042,正常使用,正式,
MWJ071043,正常使用,正式,
MWJ071044,正常使用,正式,
MWJ071048,正常使用,临时,
MWJ071049,正常使用,临时,
MWJ071050,正常使用,临时,
MWJ080008,正常使用,临时,
MWJ090044,正常使用,临时,
MWJ090045,正常使用,临时,
MWJ090046,取消编码，请核查,禁用,
MWJ090047,取消编码，请核查,禁用,
MWJ090049,正常使用,正式,
MWJ090063,正常使用,临时,
MWJ090064,正常使用,临时,
MWJ090123,正常使用,临时,
MWJ090124,正常使用,临时,
MWJ090125,正常使用,临时,
MWJ090148,正常使用,临时,
MWJ090149,正常使用,临时,
MWJ090164,正常使用,正式,
MWJ090165,正常使用,正式,
MWJ090173,取消编码，请核查,禁用,
MWJ090178,正常使用,临时,
MWJ090179,正常使用,临时,
MWJ090180,正常使用,临时,
MWJ090181,正常使用,临时,
MWJ090182,正常使用,临时,
MWJ090183,正常使用,临时,
MWJ090184,正常使用,临时,
MWJ090185,正常使用,临时,
MWJ090186,正常使用,临时,
MWJ090187,正常使用,临时,
MWJ090188,正常使用,临时,
MWJ090189,正常使用,临时,
MWJ090190,正常使用,临时,
MWJ090191,正常使用,临时,
MWJ090195,正常使用,临时,
MWJ090196,正常使用,临时,
MWJ090197,正常使用,临时,
MWJ090198,正常使用,临时,
MWJ090199,正常使用,临时,
MWJ090200,正常使用,临时,
MWJ090201,正常使用,临时,
MWJ090202,正常使用,临时,
MWJ090203,正常使用,临时,
MWJ090204,正常使用,临时,
MWJ090205,正常使用,临时,
MWJ090206,正常使用,临时,
MWJ090207,正常使用,临时,
MWJ090208,正常使用,临时,
MWJ090209,正常使用,临时,
MWJ090210,正常使用,临时,
MWJ090218,正常使用,临时,
MWJ090219,正常使用,临时,
MWJ090220,正常使用,临时,
MWJ090221,正常使用,临时,
MWJ090222,正常使用,临时,
MWJ090223,正常使用,临时,
MWJ090236,正常使用,临时,
MWJ090237,正常使用,临时,
MWJ090249,正常使用,正式,
MWJ090250,正常使用,正式,
MWJ090251,正常使用,正式,
MWJ090252,正常使用,正式,
MWJ090253,正常使用,正式,
MWJ090254,正常使用,正式,
MWJ090255,正常使用,正式,
MWJ090256,正常使用,正式,
MWJ090257,正常使用,正式,
MWJ090258,正常使用,正式,
MWJ090259,正常使用,正式,
MWJ090260,正常使用,正式,
MWJ090261,正常使用,正式,
MWJ090262,正常使用,正式,
MWJ090263,正常使用,正式,
MWJ120023,正常使用,临时,
MWJ120024,正常使用,临时,
MWJ120025,正常使用,临时,
MWJ120026,正常使用,临时,
MWJ120063,正常使用,正式,
MWJ120216,正常使用,正式,
MWJ120237,正常使用,正式,
MWJ120238,正常使用,正式,
MWJ130023,正常使用,正式,
MWJ130024,正常使用,正式,
MWJ130025,正常使用,正式,
MWJ130026,正常使用,正式,
MWJ130027,正常使用,临时,
MWJ130028,正常使用,临时,
MWJ130029,正常使用,临时,
MWJ130030,正常使用,临时,
MWJ130031,消耗，请核查,消耗,
MWJ130032,消耗，请核查,消耗,
MWJ130033,消耗，请核查,消耗,
MWJ130034,消耗，请核查,消耗,
MWJ130042,正常使用,临时,
MWJ130043,正常使用,临时,
MWJ130044,正常使用,临时,
MWJ130045,正常使用,临时,
MWJ130047,正常使用,临时,
MWJ130048,正常使用,临时,
MWJ130049,正常使用,正式,
MWJ130050,正常使用,临时,
MWJ140016,正常使用,正式,
MWJ140022,正常使用,正式,
MWX020064,正常使用,正式,
MWX020067,正常使用,正式,
MWX020071,正常使用,正式,
MWX020102,正常使用,正式,
MWX020122,正常使用,临时,
MWX020142,正常使用,正式,
MWX020164,正常使用,正式,
MWX020183,正常使用,正式,
MWX020234,正常使用,正式,
MWX020235,正常使用,临时,
MWX020239,正常使用,正式,
MWX020243,正常使用,临时,
MWX020256,正常使用,正式,
MWX020293,正常使用,正式,
MWX020303,正常使用,正式,
MWX030088,正常使用,正式,
MWX030143,正常使用,正式,
MWX030149,正常使用,临时,
MWX030154,正常使用,正式,
MWX030167,正常使用,正式,
MWX030168,正常使用,正式,
MWX030170,正常使用,正式,
MWX030180,正常使用,正式,
MWX030211,正常使用,正式,
MWX030262,正常使用,正式,
MWX030263,正常使用,正式,
MWX030275,正常使用,临时,
MWX030286,正常使用,临时,
MWX030321,正常使用,临时,
MWX030324,正常使用,正式,
MWX030325,正常使用,正式,
MWX030326,正常使用,临时,
MWX030328,正常使用,正式,
MWX030334,正常使用,正式,
MWX030337,正常使用,临时,
MWX030346,正常使用,临时,
MWX030368,正常使用,正式,
MWX030398,正常使用,临时,
MWX030402,正常使用,正式,
MWX030405,正常使用,正式,
MWX030408,正常使用,正式,
MWX030417,正常使用,临时,
MWX030418,正常使用,临时,
MWX030419,正常使用,临时,
MWX030420,正常使用,临时,
MWX030421,正常使用,临时,
MWX030438,正常使用,临时,
MWX030441,正常使用,临时,
MWX030444,正常使用,临时,
MWX030445,正常使用,临时,
MWX030446,正常使用,临时,
MWX030449,正常使用,临时,
MWX030450,正常使用,临时,
MWX030455,正常使用,正式,
MWX030458,正常使用,正式,
MWX030459,正常使用,正式,
MWX030460,正常使用,正式,
MWX030461,正常使用,正式,
MWX030462,正常使用,临时,
MWX030465,正常使用,临时,
MWX030467,正常使用,正式,
MWX040049,正常使用,临时,
MWX070133,正常使用,正式,
MWX070135,正常使用,临时,
MWX120020,正常使用,临时,
MWX120111,正常使用,临时,
MWX120160,取消编码，请核查,禁用,
MWX120161,取消编码，请核查,禁用,
MWX120189,取消编码，请核查,禁用,
MWX120220,正常使用,临时,
MWX120222,正常使用,正式,
MWX120252,正常使用,正式,
MWX120271,正常使用,正式,
MWX120423,正常使用,临时,
MWX120424,正常使用,临时,
MWX120425,正常使用,临时,
MWX120426,正常使用,临时,
MWX120427,正常使用,临时,
MWX120428,正常使用,临时,
MWX120429,正常使用,临时,
MWX120430,正常使用,临时,
MWX120431,正常使用,临时,
MWX120432,正常使用,临时,
MWX120433,正常使用,临时,
MWX120434,正常使用,临时,
MWX120435,正常使用,临时,
MWX120436,正常使用,临时,
MWX120437,正常使用,临时,
MWX120438,正常使用,临时,
MWX120439,正常使用,临时,
MWX120440,正常使用,临时,
MWX120441,正常使用,临时,
MWX120442,正常使用,临时,
MWX120443,正常使用,临时,
MWX120444,正常使用,临时,
MWX120445,正常使用,临时,
MWX120446,正常使用,临时,
MWX120447,正常使用,临时,
MWX120448,正常使用,临时,
MWX120449,正常使用,临时,
MWX120450,正常使用,临时,
MWX120451,正常使用,临时,
MWX120452,正常使用,临时,
MWX120453,正常使用,临时,
MWX120454,正常使用,临时,
MWX120455,正常使用,临时,
MWX120456,正常使用,临时,
MWX120457,正常使用,临时,
MWX120458,正常使用,临时,
MWX120459,正常使用,临时,
MWX120460,正常使用,临时,
MWX120461,正常使用,临时,
MWX120462,正常使用,临时,
MWX120463,正常使用,临时,
MWX120464,正常使用,临时,
MWX120465,正常使用,临时,
MWX120466,正常使用,临时,
MWX120467,正常使用,临时,
MWX120468,正常使用,临时,
MWX120469,正常使用,临时,
MWX120470,正常使用,临时,
MWX120471,正常使用,临时,
MWX120472,正常使用,临时,
MWX120473,正常使用,临时,
MWX120474,正常使用,临时,
MWX120475,正常使用,临时,
MWX120476,正常使用,临时,
MWX120477,正常使用,临时,
MWX120478,正常使用,临时,
MWX120479,正常使用,临时,
MWX120480,正常使用,临时,
MWX120481,正常使用,临时,
MWX120482,正常使用,临时,
MWX120483,正常使用,临时,
MWX120484,正常使用,临时,
MWX120485,正常使用,临时,
MWX120486,正常使用,临时,
MWX120487,正常使用,临时,
MWX120488,正常使用,临时,
MWX120489,正常使用,临时,
MWX120490,正常使用,临时,
MWX120491,正常使用,临时,
MWX120492,正常使用,临时,
MWX120493,正常使用,临时,
MWX120494,正常使用,临时,
MWX120495,正常使用,临时,
MWX120496,正常使用,临时,
MWX120497,正常使用,临时,
MWX120498,正常使用,临时,
MWX120499,正常使用,临时,
MWX120500,正常使用,临时,
MWX120501,正常使用,临时,
MWX120502,正常使用,临时,
MWX120503,正常使用,临时,
MWX120504,正常使用,临时,
MWX120505,正常使用,临时,
MWX120506,正常使用,临时,
MWX120507,正常使用,临时,
MWX120508,正常使用,临时,
MWX120509,正常使用,临时,
MWX120539,正常使用,正式,
MWX120540,正常使用,正式,
MWX120541,正常使用,正式,
MWX120542,正常使用,正式,
MWX120543,正常使用,正式,
MWX120544,正常使用,正式,
MWX120545,正常使用,正式,
MWX120546,正常使用,正式,
MWX120547,正常使用,正式,
MWX120548,正常使用,正式,
MWX120549,正常使用,正式,
MWX120550,正常使用,正式,
MWX120551,正常使用,正式,
MWX120552,正常使用,正式,
MWX120553,正常使用,正式,
MWX120554,正常使用,正式,
MWX120555,正常使用,正式,
MWX120556,正常使用,正式,
MWX120557,正常使用,正式,
MWX120558,正常使用,正式,
MWX120559,正常使用,正式,
MWX120560,正常使用,正式,
MWX120561,正常使用,正式,
MWX120562,正常使用,正式,
MWX120563,正常使用,正式,
MWX120564,正常使用,正式,
MWX120565,正常使用,正式,
MWX120569,正常使用,正式,
MWX120570,正常使用,正式,
MWX120571,正常使用,正式,
MWX120572,正常使用,正式,
MWX120573,正常使用,正式,
MWX120574,正常使用,正式,
MWX120575,正常使用,正式,
MWX120576,正常使用,正式,
MWX120577,正常使用,正式,
MWX120578,正常使用,正式,
MWX120579,正常使用,正式,
MWX120580,正常使用,正式,
MWX120581,正常使用,正式,
MWX120582,正常使用,正式,
MWX120583,正常使用,正式,
MWX120584,正常使用,正式,
MWX120585,正常使用,正式,
MWX120586,正常使用,正式,
MWX120587,正常使用,正式,
MWX120588,正常使用,正式,
MWX120589,正常使用,正式,
MWX120590,正常使用,正式,
MWX120591,正常使用,正式,
MWX120592,正常使用,正式,
MWX120593,正常使用,正式,
MWX120594,正常使用,正式,
MWX120595,正常使用,正式,
MWX120596,正常使用,正式,
MWX120597,正常使用,正式,
MWX120598,正常使用,正式,
MWX120599,正常使用,正式,
MWX120601,正常使用,正式,
MWX120602,正常使用,正式,
MWX120603,正常使用,正式,
MWX120604,正常使用,正式,
MWX120605,正常使用,正式,
MWX120606,正常使用,正式,
MWX120607,正常使用,正式,
MWX120608,正常使用,正式,
MWX120609,正常使用,正式,
MWX120610,正常使用,正式,
MWX120611,正常使用,正式,
MWX120612,正常使用,正式,
MWX120613,正常使用,正式,
MWX120614,正常使用,正式,
MWX120615,正常使用,正式,
MWX120616,正常使用,正式,
MWX120617,正常使用,正式,
MWX120618,正常使用,正式,
MWX120619,正常使用,正式,
MWX120620,正常使用,正式,
MWX120621,正常使用,正式,
MWX120622,正常使用,正式,
MWX120623,正常使用,正式,
MWX120624,正常使用,正式,
MWX120625,正常使用,正式,
MWX120626,正常使用,正式,
MWX120627,正常使用,正式,
MWX120628,正常使用,正式,
MWX120629,正常使用,正式,
MWX120646,正常使用,正式,
MWX120647,正常使用,正式,
MWX120648,正常使用,正式,
MWX120649,正常使用,正式,
MWX140028,正常使用,正式,
MWX160090,正常使用,临时,
MWX180011,正常使用,正式,
MWX180102,正常使用,正式,
MWX180192,正常使用,正式,
MWX180234,正常使用,正式,
MWX180236,正常使用,正式,
MWX180239,正常使用,正式,
MWX180259,正常使用,正式,
MWX180260,正常使用,正式,
MWX180261,正常使用,正式,
MWX180276,正常使用,正式,
MWX180277,正常使用,正式,
MWX180297,正常使用,正式,
MWX180376,正常使用,正式,
MWX180439,正常使用,临时,
MWX180440,正常使用,临时,
MWX180448,正常使用,正式,
MWX180449,正常使用,正式,
MWX180462,正常使用,正式,
MWX180545,正常使用,临时,
MWX180562,正常使用,临时,
MWX180721,正常使用,正式,
MWX180762,正常使用,正式,
MWX180785,正常使用,正式,
MWX181079,正常使用,正式,
MWX181149,正常使用,正式,
MWX181150,正常使用,正式,
MWX181152,正常使用,正式,
MWX181190,正常使用,临时,
MWX181289,正常使用,正式,
MWX181290,正常使用,正式,
MWX181291,正常使用,正式,
MWX181292,正常使用,正式,
MWX181293,正常使用,正式,
MWX181294,正常使用,正式,
MWX181295,正常使用,正式,
MWX181296,正常使用,正式,
MWX181297,正常使用,正式,
MWX181298,正常使用,正式,
MWX181299,正常使用,正式,
MWX181300,正常使用,正式,
MWX181351,正常使用,正式,
MWX181355,正常使用,正式,
MWX181356,正常使用,正式,
MWX181357,正常使用,正式,
MWX181361,正常使用,临时,
MWX181365,正常使用,临时,
MWX181446,正常使用,正式,
MWX181447,正常使用,正式,
MWX181448,正常使用,正式,
MWX181454,正常使用,临时,
MWX181455,正常使用,临时,
MWX181456,正常使用,临时,
MWX190089,正常使用,正式,
MWX190091,正常使用,临时,
MWX190092,正常使用,正式,
MWX190093,正常使用,临时,
MWX190094,正常使用,正式,
MWX190095,正常使用,临时,
MWX190096,正常使用,正式,
MWX190097,正常使用,正式,
MWX190103,正常使用,正式,
MWX190107,正常使用,临时,
MWX190112,正常使用,正式,
MWX190113,正常使用,临时,
MWX190119,正常使用,正式,
MWX190120,正常使用,正式,
MWX190122,正常使用,临时,
MWX190140,正常使用,正式,
MWX190144,禁用，请核查,禁用,
MWX190146,正常使用,临时,
MWX190148,正常使用,临时,
MWX190151,正常使用,临时,
MWX190153,正常使用,临时,
MWX190154,正常使用,临时,
MWX190157,正常使用,正式,
MWX190160,正常使用,正式,
MWX190171,正常使用,正式,
MWX190205,正常使用,临时,
MWX190208,正常使用,临时,
MWX190211,正常使用,正式,
MWX190212,正常使用,正式,
MWX190217,正常使用,临时,
MWX190220,正常使用,临时,
MWX190221,正常使用,临时,
MWX190222,正常使用,临时,
MWX190265,正常使用,临时,
MWX190282,正常使用,正式,
MWX190283,正常使用,正式,
MWX190295,正常使用,临时,
MWX190297,正常使用,临时,
MWX190304,正常使用,正式,
MWX190315,正常使用,临时,
MWX190316,正常使用,临时,
MWX190317,正常使用,临时,
MWX190318,正常使用,临时,
MWX190319,正常使用,临时,
MWX190320,正常使用,临时,
MWX190321,正常使用,临时,
MWX190324,正常使用,临时,
MWX190325,正常使用,临时,
MWX190333,正常使用,临时,
MWX190335,正常使用,临时,
MWX190336,正常使用,临时,
MWX190339,正常使用,正式,
MWX190340,正常使用,正式,
MWX190341,正常使用,临时,
MWX190342,正常使用,临时,
MWX190350,正常使用,临时,
MWX190351,正常使用,临时,
MWX190352,正常使用,临时,
MWX190355,正常使用,正式,
MWX190362,正常使用,临时,
MWX190366,正常使用,正式,
MWX190367,正常使用,正式,
MWX200041,正常使用,正式,
MWX200076,正常使用,正式,
MWX200179,正常使用,临时,
MWX200185,正常使用,临时,
MWX200194,正常使用,临时,
MWX200202,正常使用,临时,
MWX200204,正常使用,临时,
MWX200207,正常使用,临时,
MWX200208,取消编码，请核查,禁用,
MWX200209,正常使用,正式,
MWX200212,取消编码，请核查,禁用,
MWX200218,正常使用,临时,
MWX200219,正常使用,正式,
MWX200220,正常使用,正式,
MWX200222,正常使用,正式,
MWX200223,正常使用,正式,
MWX200224,正常使用,正式,
MWX200225,正常使用,正式,
MWX200227,正常使用,临时,
MWX200229,正常使用,临时,
MWX200230,正常使用,临时,
MWX200231,正常使用,正式,
MWX200232,正常使用,正式,
MWX200234,正常使用,正式,
MWX200235,正常使用,正式,
MWX200237,正常使用,正式,
MWX200238,正常使用,临时,
MWX200240,正常使用,临时,
MWX200241,正常使用,临时,
MWX200242,正常使用,临时,
MWX200243,正常使用,临时,
MWX200244,正常使用,临时,
MWX200245,正常使用,正式,
MWX200246,正常使用,临时,
MWX200254,正常使用,临时,
MWX200255,正常使用,临时,
MWX200258,正常使用,正式,
MWX200261,正常使用,临时,
MWX200262,正常使用,临时,
MWX200283,正常使用,正式,
MWX200289,正常使用,临时,
MWX200292,正常使用,临时,
MWX200293,正常使用,临时,
MWX200295,正常使用,临时,
MWX200296,正常使用,临时,
MWX200298,正常使用,临时,
MWX200299,正常使用,临时,
MWX200304,正常使用,临时,
MWX200313,正常使用,临时,
MWX200317,正常使用,正式,
MWX200318,正常使用,正式,
MWX200323,正常使用,临时,
MWX200325,正常使用,正式,
MWX200326,正常使用,正式,
MWX200327,正常使用,正式,
MWX200328,正常使用,正式,
MWX200360,正常使用,临时,
MWX200373,正常使用,临时,
MWX200374,正常使用,正式,
MWX200380,正常使用,正式,
MWX200387,正常使用,临时,
MWX200388,正常使用,临时,
MWX200397,正常使用,正式,
MWX200398,正常使用,正式,
MWX200399,正常使用,正式,
MWX200401,正常使用,临时,
MWX200402,正常使用,临时,
MWX200403,正常使用,临时,
MWX200405,正常使用,临时,
MWX200413,正常使用,临时,
MWX200416,正常使用,临时,
MWX200417,正常使用,临时,
MWX200418,正常使用,临时,
MWX200419,正常使用,临时,
MWX200430,正常使用,临时,
MWX200435,正常使用,临时,
MWX200438,正常使用,临时,
MWX200439,正常使用,临时,
MWX200440,正常使用,临时,
MWX200442,正常使用,临时,
MWX200443,正常使用,临时,
MWX210003,取消编码，请核查,禁用,
MWX210035,正常使用,正式,
MWX210118,正常使用,正式,
MWX210151,正常使用,正式,
MWX210152,正常使用,正式,
MWX210161,正常使用,临时,
MWX210162,正常使用,正式,
MWX210166,正常使用,正式,
MWX210167,正常使用,正式,
MWX210180,正常使用,正式,
MWX210192,正常使用,临时,
MWX210203,正常使用,临时,
MWX210222,正常使用,正式,
MWX210232,正常使用,临时,
MWX210233,取消编码，请核查,禁用,
MWX210235,取消编码，请核查,禁用,
MWX210236,取消编码，请核查,禁用,
MWX210237,正常使用,正式,
MWX210238,正常使用,正式,
MWX210239,正常使用,临时,
MWX210249,正常使用,临时,
MWX210250,正常使用,正式,
MWX210254,取消编码，请核查,禁用,
MWX210260,正常使用,临时,
MWX210263,正常使用,正式,
MWX210267,正常使用,正式,
MWX210271,取消编码，请核查,禁用,
MWX210276,正常使用,临时,
MWX210283,正常使用,正式,
MWX210286,正常使用,正式,
MWX210292,正常使用,临时,
MWX210297,正常使用,正式,
MWX210298,正常使用,正式,
MWX210300,正常使用,正式,
MWX210303,正常使用,正式,
MWX210304,正常使用,正式,
MWX210305,正常使用,正式,
MWX210309,正常使用,临时,
MWX210310,正常使用,临时,
MWX210311,正常使用,临时,
MWX210315,正常使用,正式,
MWX210324,正常使用,临时,
MWX210327,取消编码，请核查,禁用,
MWX210337,正常使用,临时,
MWX210340,正常使用,临时,
MWX210349,正常使用,正式,
MWX210353,取消编码，请核查,禁用,
MWX210357,正常使用,正式,
MWX210359,取消编码，请核查,禁用,
MWX210362,正常使用,正式,
MWX210376,取消编码，请核查,禁用,
MWX210386,正常使用,正式,
MWX210389,正常使用,正式,
MWX210390,正常使用,临时,
MWX210393,取消编码，请核查,禁用,
MWX210394,取消编码，请核查,禁用,
MWX210395,正常使用,临时,
MWX210399,正常使用,临时,
MWX210400,正常使用,临时,
MWX210402,正常使用,临时,
MWX210404,取消编码，请核查,禁用,
MWX210405,正常使用,临时,
MWX210409,取消编码，请核查,禁用,
MWX210411,正常使用,临时,
MWX210412,取消编码，请核查,禁用,
MWX210416,正常使用,临时,
MWX210419,正常使用,临时,
MWX210423,正常使用,正式,
MWX210428,禁用，请核查,临时,
MWX210429,正常使用,正式,
MWX210430,正常使用,临时,
MWX210432,正常使用,临时,
MWX210434,正常使用,临时,
MWX210436,正常使用,临时,
MWX210437,正常使用,临时,
MWX210439,正常使用,临时,
MWX210441,正常使用,临时,
MWX210443,正常使用,临时,
MWX210446,正常使用,临时,
MWX210448,正常使用,临时,
MWX210452,正常使用,临时,
MWX210454,正常使用,正式,
MWX210455,正常使用,正式,
MWX210456,正常使用,正式,
MWX210457,正常使用,临时,
MWX210461,正常使用,临时,
MWX210462,正常使用,临时,
MWX210463,正常使用,临时,
MWX210464,正常使用,正式,
MWX210465,正常使用,正式,
MWX210466,正常使用,正式,
MWX210467,正常使用,正式,
MWX210468,正常使用,正式,
MWX210470,正常使用,正式,
MWX210471,正常使用,正式,
MWX210472,正常使用,临时,
MWX210473,正常使用,临时,
MWX210474,正常使用,临时,
MWX210475,正常使用,临时,
MWX210477,正常使用,临时,
MWX210478,正常使用,临时,
MWX210479,正常使用,临时,
MWX210481,正常使用,正式,
MWX210484,正常使用,临时,
MWX210485,正常使用,正式,
MWX210486,正常使用,临时,
MWX210487,正常使用,正式,
MWX210488,正常使用,临时,
MWX210489,正常使用,临时,
MWX210490,正常使用,临时,
MWX210491,正常使用,临时,
MWX210492,正常使用,临时,
MWX210493,正常使用,临时,
MWX210494,正常使用,临时,
MWX210495,正常使用,正式,
MWX210496,正常使用,临时,
MWX210497,正常使用,临时,
MWX210498,正常使用,临时,
MWX210499,正常使用,临时,
MWX210500,正常使用,临时,
MWX210501,正常使用,临时,
MWX210502,正常使用,临时,
MWX210503,正常使用,临时,
MWX210504,正常使用,临时,
MWX210505,正常使用,临时,
MWX210506,正常使用,临时,
MWX210507,正常使用,临时,
MWX210508,正常使用,临时,
MWX210509,正常使用,临时,
MWX210510,正常使用,临时,
MWX210511,正常使用,临时,
MWX210512,正常使用,临时,
MWX210513,正常使用,临时,
MWX210514,正常使用,临时,
MWX210515,正常使用,临时,
MWX210516,正常使用,临时,
MWX210517,正常使用,临时,
MWX210518,正常使用,临时,
MWX210519,正常使用,临时,
MWX210520,正常使用,临时,
MWX210521,正常使用,临时,
MWX210522,正常使用,临时,
MWX210523,正常使用,临时,
MWX210524,正常使用,临时,
MWX210525,正常使用,临时,
MWX210526,正常使用,临时,
MWX210527,正常使用,临时,
MWX210528,正常使用,临时,
MWX210529,正常使用,正式,
MWX210532,正常使用,临时,
MWX210533,正常使用,临时,
MWX210534,正常使用,临时,
MWX210535,正常使用,临时,
MWX210536,正常使用,临时,
MWX210537,正常使用,临时,
MWX210538,取消编码，请核查,禁用,
MWX210539,取消编码，请核查,禁用,
MWX210540,正常使用,临时,
MWX210541,正常使用,临时,
MWX210542,正常使用,临时,
MWX210543,正常使用,临时,
MWX210544,正常使用,临时,
MWX210545,正常使用,临时,
MWX210547,正常使用,临时,
MWX210548,正常使用,临时,
MWX210549,正常使用,临时,
MWX210552,正常使用,正式,
MWX210554,正常使用,临时,
MWX210555,正常使用,临时,
MWX210556,正常使用,正式,
MWX210557,正常使用,临时,
MWX210558,正常使用,临时,
MWX210559,正常使用,临时,
MWX210560,正常使用,正式,
MWX210561,正常使用,正式,
MWX210562,正常使用,临时,
MWX210566,正常使用,正式,
MWX210567,正常使用,临时,
MWX210569,正常使用,临时,
MWX210570,正常使用,正式,
MWX210571,正常使用,临时,
MWX210581,正常使用,临时,
MWX210582,正常使用,临时,
MWX210584,正常使用,临时,
MWX210585,正常使用,临时,
MWX210591,正常使用,临时,
MWX210594,正常使用,正式,
MWX210595,正常使用,正式,
MWX210601,正常使用,正式,
MWX210602,正常使用,临时,
MWX210603,正常使用,临时,
MWX210604,正常使用,正式,
MWX210605,正常使用,正式,
MWX210606,正常使用,临时,
MWX210607,正常使用,临时,
MWX210609,正常使用,临时,
MWX210610,正常使用,临时,
MWX210611,正常使用,临时,
MWX210612,正常使用,临时,
MWX210613,正常使用,临时,
MWX210616,正常使用,临时,
MWX210617,正常使用,临时,
MWX210618,正常使用,正式,
MWX210619,正常使用,正式,
MWX210620,正常使用,临时,
MWX210621,正常使用,临时,
MWX210622,正常使用,临时,
MWX210623,正常使用,正式,
MWX210625,正常使用,正式,
MWX210627,正常使用,临时,
MWX210628,正常使用,临时,
MWX210629,正常使用,临时,
MWX210630,正常使用,正式,
MWX210631,正常使用,正式,
MWX210634,正常使用,正式,
MWX210635,正常使用,正式,
MWX210636,正常使用,正式,
MWX210637,正常使用,正式,
MWX210638,正常使用,正式,
MWX210640,正常使用,正式,
MWX210641,正常使用,正式,
MWX210642,正常使用,正式,
MWX210643,正常使用,正式,
MWX210645,正常使用,正式,
MWX210646,正常使用,临时,
MWX210647,正常使用,临时,
MWX210648,正常使用,临时,
MWX210649,正常使用,正式,
MWX210650,正常使用,临时,
MWX210651,正常使用,临时,
MWX210652,正常使用,临时,
MWX210653,正常使用,临时,
MWX210656,正常使用,临时,
MWX210657,正常使用,临时,
MWX210658,正常使用,临时,
MWX210659,正常使用,临时,
MWX210660,正常使用,临时,
MWX210661,正常使用,正式,
MWX210662,正常使用,临时,
MWX210663,正常使用,临时,
MWX210665,正常使用,正式,
MWX210666,正常使用,正式,
MWX210667,正常使用,临时,
MWX210668,正常使用,临时,
MWX210669,正常使用,临时,
MWX210670,正常使用,临时,
MWX210671,正常使用,临时,
MWX210672,正常使用,临时,
MWX210673,正常使用,正式,
MWX210674,正常使用,临时,
MWX210675,正常使用,临时,
MWX210676,正常使用,正式,
MWX210677,正常使用,正式,
MWX210678,正常使用,正式,
MWX210679,正常使用,临时,
MWX210680,正常使用,临时,
MWX210681,正常使用,临时,
MWX210682,取消编码，请核查,禁用,
MWX210683,取消编码，请核查,禁用,
MWX210684,取消编码，请核查,禁用,
MWX210685,正常使用,临时,
MWX210686,正常使用,临时,
MWX210687,正常使用,临时,
MWX210688,正常使用,临时,
MWX210689,正常使用,临时,
MWX210690,正常使用,临时,
MWX210691,正常使用,临时,
MWX210692,正常使用,临时,
MWX210693,正常使用,临时,
MWX210694,正常使用,临时,
MWX210695,正常使用,临时,
MWX210696,正常使用,临时,
MWX210697,正常使用,临时,
MWX210698,正常使用,临时,
MWX210699,正常使用,临时,
MWX210700,正常使用,临时,
MWX210701,正常使用,正式,
MWX210702,正常使用,正式,
MWX210703,正常使用,临时,
MWX210704,正常使用,临时,
MWX210705,正常使用,临时,
MWX210706,正常使用,正式,
MWX210707,正常使用,正式,
MWX210708,正常使用,正式,
MWX210709,正常使用,正式,
MWX210710,正常使用,临时,
MWX210722,正常使用,正式,
MWX210764,正常使用,正式,
MWX210801,正常使用,正式,
MWX210807,正常使用,临时,
MWX210808,正常使用,临时,
MWX210825,正常使用,临时,
MWX210838,正常使用,正式,
MWX210839,正常使用,正式,
MWX210842,正常使用,临时,
MWX210844,正常使用,临时,
MWX210846,正常使用,临时,
MWX210852,正常使用,临时,
MWX210855,正常使用,临时,
MWX210857,正常使用,临时,
MWX210858,正常使用,临时,
MWX210859,正常使用,临时,
MWX210865,正常使用,临时,
MWX220261,正常使用,临时,
MWX220262,正常使用,正式,
MWX220291,正常使用,正式,
MWX220293,正常使用,正式,
MWX220294,正常使用,正式,
MWX220319,取消编码，请核查,禁用,
MWX220320,取消编码，请核查,禁用,
MWX220363,正常使用,正式,
MWX220364,正常使用,正式,
MWX220365,正常使用,正式,
MWX220366,正常使用,正式,
MWX220367,正常使用,临时,
MWX220368,正常使用,临时,
MWX220369,正常使用,临时,
MWX220380,正常使用,正式,
MWX220382,正常使用,正式,
MWX220429,正常使用,临时,
MWX220451,正常使用,临时,
MWX220452,正常使用,临时,
MWX220464,正常使用,临时,
MWX220465,正常使用,临时,
MWX220466,正常使用,临时,
MWX220467,正常使用,临时,
MWX220479,正常使用,正式,
MWX220482,正常使用,正式,
MWX220486,正常使用,正式,
MWX220487,正常使用,正式,
MWX220488,正常使用,正式,
MWX220489,正常使用,正式,
MWX220490,正常使用,正式,
MWX220492,正常使用,临时,
MWX220493,正常使用,临时,
MWX220494,正常使用,正式,
MWX220496,正常使用,临时,
MWX220497,正常使用,临时,
MWX220498,正常使用,临时,
MWX220499,正常使用,临时,
MWX220500,正常使用,正式,
MWX220501,正常使用,正式,
MWX220502,正常使用,临时,
MWX220503,正常使用,正式,
MWX220504,正常使用,正式,
MWX220505,正常使用,临时,
MWX220506,正常使用,临时,
MWX220507,正常使用,临时,
MWX220508,正常使用,临时,
MWX220509,正常使用,正式,
MWX220511,正常使用,正式,
MWX220513,正常使用,正式,
MWX220516,正常使用,正式,
MWX220517,正常使用,正式,
MWX220519,正常使用,正式,
MWX220538,正常使用,正式,
MWX220546,正常使用,临时,
MWX220548,正常使用,正式,
MWX220553,正常使用,正式,
MWX220554,正常使用,临时,
MWX220555,正常使用,临时,
MWX220556,正常使用,临时,
MWX220557,正常使用,临时,
MWX220558,正常使用,正式,
MWX220560,正常使用,正式,
MWX220561,正常使用,正式,
MWX220565,正常使用,正式,
MWX220573,正常使用,临时,
MWX220574,正常使用,临时,
MWX220575,正常使用,临时,
MWX220576,正常使用,临时,
MWX220577,正常使用,正式,
MWX220578,正常使用,正式,
MWX220580,正常使用,正式,
MWX220581,正常使用,正式,
MWX220589,正常使用,正式,
MWX220590,正常使用,正式,
MWX220591,正常使用,正式,
MWX220592,正常使用,临时,
MWX220595,正常使用,正式,
MWX220596,正常使用,正式,
MWX220597,正常使用,正式,
MWX220598,正常使用,正式,
MWX220599,正常使用,临时,
MWX220600,正常使用,正式,
MWX220601,正常使用,正式,
MWX220602,正常使用,正式,
MWX220603,正常使用,临时,
MWX220604,正常使用,正式,
MWX220605,正常使用,临时,
MWX220606,正常使用,正式,
MWX220607,正常使用,正式,
MWX220610,正常使用,正式,
MWX220612,正常使用,正式,
MWX220613,正常使用,正式,
MWX220614,正常使用,正式,
MWX220615,正常使用,临时,
MWX220616,正常使用,正式,
MWX220617,正常使用,正式,
MWX220622,正常使用,临时,
MWX220628,正常使用,正式,
MWX220631,正常使用,正式,
MWX220651,正常使用,正式,
MWX220652,正常使用,临时,
MWX220653,正常使用,临时,
MWX220663,正常使用,临时,
MWX220664,正常使用,正式,
MWX220670,正常使用,临时,
MWX220673,正常使用,临时,
MWX220674,正常使用,临时,
MWX220675,正常使用,临时,
MWX220680,正常使用,临时,
MWX220682,正常使用,临时,
MWX220684,正常使用,临时,
MWX220685,正常使用,临时,
MWX220686,正常使用,临时,
MWX220689,正常使用,临时,
MWX220690,正常使用,临时,
MWX220691,正常使用,临时,
MWX220692,正常使用,临时,
MWX220694,正常使用,临时,
MWX220695,正常使用,临时,
MWX220705,正常使用,临时,
MWX220706,正常使用,临时,
MWX220707,正常使用,正式,
MWX220708,正常使用,正式,
MWX220724,正常使用,正式,
MWX220750,正常使用,临时,
MWX220751,正常使用,临时,
MWX220781,正常使用,正式,
MWX220782,正常使用,正式,
MWX220815,正常使用,正式,
MWX220832,正常使用,正式,
MWX220861,正常使用,临时,
MWX220862,正常使用,临时,
MWX220863,正常使用,临时,
MWX220960,正常使用,临时,
MWX220961,正常使用,临时,
MWX220962,正常使用,正式,
MWX220963,正常使用,正式,
MWX220964,正常使用,正式,
MWX220965,正常使用,正式,
MWX220968,正常使用,正式,
MWX220972,正常使用,正式,
MWX220982,正常使用,临时,
MWX220983,正常使用,临时,
MWX220984,正常使用,临时,
MWX220985,正常使用,临时,
MWX220987,正常使用,正式,
MWX220988,正常使用,正式,
MWX221002,正常使用,临时,
MWX221003,正常使用,临时,
MWX221004,正常使用,临时,
MWX221005,正常使用,临时,
MWX221006,正常使用,临时,
MWX221007,正常使用,临时,
MWX221008,正常使用,正式,
MWX221009,正常使用,正式,
MWX221010,正常使用,正式,
MWX221011,正常使用,正式,
MWX221032,正常使用,临时,
MWX221033,正常使用,临时,
MWX221034,正常使用,临时,
MWX221035,正常使用,临时,
MWX221036,正常使用,临时,
MWX221037,正常使用,临时,
MWX221038,正常使用,临时,
MWX221039,正常使用,临时,
MWX221043,正常使用,正式,
MWX221044,正常使用,正式,
MWX221052,正常使用,临时,
MWX221053,正常使用,正式,
MWX221054,正常使用,正式,
MWX221055,正常使用,正式,
MWX221057,正常使用,临时,
MWX221058,正常使用,临时,
MWX221090,正常使用,临时,
MWX221097,正常使用,临时,
MWX221100,正常使用,临时,
MWX221103,正常使用,临时,
MWX221105,正常使用,正式,
MWX221107,正常使用,正式,
MWX221114,正常使用,正式,
MWX221115,正常使用,正式,
MWX221116,正常使用,临时,
MWX221117,正常使用,正式,
MWX221118,正常使用,正式,
MWX221131,正常使用,正式,
MWX221132,正常使用,正式,
MWX221134,正常使用,临时,
MWX221135,正常使用,临时,
MWX221136,正常使用,临时,
MWX221137,正常使用,临时,
MWX221138,正常使用,临时,
MWX221139,正常使用,临时,
MWX221145,正常使用,临时,
MWX221166,正常使用,正式,
MWX221176,正常使用,临时,
MWX221177,正常使用,临时,
MWX221192,正常使用,临时,
MWX221193,正常使用,临时,
MWX221196,正常使用,临时,
MWX221197,正常使用,临时,
MWX221221,正常使用,正式,
MWX221232,正常使用,正式,
MWX221237,正常使用,正式,
MWX221240,正常使用,正式,
MWX221248,正常使用,临时,
MWX221255,正常使用,临时,
MWX221257,正常使用,正式,
MWX221258,正常使用,正式,
MWX221260,正常使用,正式,
MWX221261,正常使用,正式,
MWX221262,正常使用,正式,
MWX221263,正常使用,正式,
MWX221264,正常使用,正式,
MWX221270,正常使用,正式,
MWX221273,正常使用,临时,
MWX221274,正常使用,临时,
MWX221275,正常使用,临时,
MWX221276,正常使用,正式,
MWX221277,正常使用,正式,
MWX221281,正常使用,正式,
MWX221282,正常使用,正式,
MWX221285,正常使用,临时,
MWX221294,正常使用,临时,
MWX221295,正常使用,临时,
MWX221321,正常使用,正式,
MWX221322,正常使用,正式,
MWX221323,正常使用,正式,
MWX221324,正常使用,正式,
MWX221325,正常使用,正式,
MWX221327,正常使用,临时,
MWX221328,正常使用,临时,
MWX221329,正常使用,临时,
MWX221330,正常使用,临时,
MWX221339,正常使用,临时,
MWX221340,正常使用,临时,
MWX221346,正常使用,临时,
MWX221347,正常使用,临时,
MWX221348,正常使用,临时,
MWX221349,正常使用,临时,
MWX221393,正常使用,临时,
MWX221394,正常使用,临时,
MWX221408,正常使用,临时,
MWX221409,正常使用,临时,
MWX221433,正常使用,临时,
MWX221434,正常使用,临时,
MWX221435,正常使用,临时,
MWX221436,正常使用,临时,
MWX221437,正常使用,临时,
MWX221485,正常使用,临时,
MWX221486,正常使用,临时,
MWX221504,正常使用,正式,
MWX221505,正常使用,正式,
MWX221506,正常使用,正式,
MWX221511,正常使用,正式,
MWX221512,正常使用,正式,
MWX221513,正常使用,正式,
MWX221525,正常使用,正式,
MWX221526,正常使用,正式,
MWX221527,正常使用,正式,
MWX221528,正常使用,正式,
MWX221543,正常使用,正式,
MWX221544,正常使用,正式,
MWX221559,正常使用,正式,
MWX221560,正常使用,正式,
MWX221569,正常使用,正式,
MWX221575,正常使用,正式,
MWX221577,正常使用,正式,
MWX221581,正常使用,正式,
MWX221582,正常使用,正式,
MWX221594,正常使用,正式,
MWX221595,正常使用,正式,
MWX221596,正常使用,正式,
MWX221598,正常使用,正式,
MWX221600,正常使用,正式,
MWX221602,正常使用,正式,
MWX221636,正常使用,临时,
MWX221646,正常使用,临时,
MWX221647,正常使用,临时,
MWX221648,正常使用,临时,
MWX221649,正常使用,临时,
MWX221671,正常使用,临时,
MWX221676,正常使用,临时,
MWX221677,正常使用,临时,
MWX221678,正常使用,临时,
MWX221679,正常使用,临时,
MWX221680,正常使用,临时,
MWX221681,正常使用,临时,
MWX221683,正常使用,临时,
MWX221691,正常使用,临时,
MWX221692,正常使用,临时,
MWX221693,正常使用,临时,
MWX221704,正常使用,正式,
MWX221705,正常使用,正式,
MWX221706,正常使用,正式,
MWX221707,正常使用,正式,
MWX221708,正常使用,正式,
MWX221709,正常使用,正式,
MWX221710,正常使用,正式,
MWX221711,正常使用,正式,
MWX221712,正常使用,正式,
MWX221719,正常使用,正式,
MWX221720,正常使用,正式,
MWX221721,正常使用,正式,
MWX221722,正常使用,正式,
MWX221725,正常使用,正式,
MWX221738,正常使用,正式,
MWX221740,正常使用,正式,
MWX221748,正常使用,临时,
MWX221749,正常使用,临时,
MWX221750,正常使用,临时,
MWX221751,正常使用,临时,
MWX221752,正常使用,临时,
MWX221753,正常使用,临时,
MWX221754,正常使用,临时,
MWX221755,正常使用,临时,
MWX221756,正常使用,临时,
MWX221757,正常使用,临时,
MWX221758,正常使用,临时,
MWX221759,正常使用,临时,
MWX221760,正常使用,临时,
MWX221762,正常使用,正式,
MWX221763,正常使用,正式,
MWX221764,正常使用,临时,
MWX221765,正常使用,正式,
MWX221766,正常使用,临时,
MWX221767,正常使用,临时,
MWX221768,正常使用,临时,
MWX221777,正常使用,临时,
MWX221778,正常使用,临时,
MWX221779,正常使用,临时,
MWX221780,正常使用,临时,
MWX221781,正常使用,临时,
MWX221794,正常使用,正式,
MWX221795,正常使用,正式,
MWX221796,正常使用,正式,
MWX221797,正常使用,正式,
MWX221798,正常使用,正式,
MWX221799,正常使用,正式,
MWX221800,正常使用,正式,
MWX221805,正常使用,临时,
MWX221806,正常使用,临时,
MWX221807,正常使用,临时,
MWX221811,正常使用,正式,
MWX240002,正常使用,正式,
MWX240003,正常使用,临时,
MWX240007,正常使用,正式,
MWX240026,取消编码，请核查,禁用,
MWX240030,正常使用,正式,
MWX240035,取消编码，请核查,禁用,
MWX240067,正常使用,临时,
MWX240077,正常使用,临时,
MWX240082,取消编码，请核查,禁用,
MWX240086,正常使用,正式,
MWX240087,取消编码，请核查,禁用,
MWX240088,正常使用,临时,
MWX240089,正常使用,临时,
MWX240091,正常使用,临时,
MWX240095,取消编码，请核查,禁用,
MWX240097,取消编码，请核查,禁用,
MWX240098,正常使用,正式,
MWX240099,正常使用,正式,
MWX240106,正常使用,正式,
MWX250018,取消编码，请核查,禁用,
MWX250031,正常使用,正式,
MWX250053,正常使用,正式,
MWX250054,正常使用,临时,
MWX250058,正常使用,正式,
MWX250067,正常使用,正式,
MWX250068,正常使用,正式,
MWX250071,正常使用,正式,
MWX250072,取消编码，请核查,禁用,
MWX250090,正常使用,正式,
MWX250104,正常使用,正式,
MWX250105,正常使用,正式,
MWX250111,正常使用,正式,
MWX250112,正常使用,正式,
MWX250118,正常使用,正式,
MWX250119,取消编码，请核查,禁用,
MWX250121,正常使用,正式,
MWX250124,正常使用,正式,
MWX250134,正常使用,正式,
MWX250135,取消编码，请核查,禁用,
MWX250140,正常使用,临时,
MWX250151,正常使用,正式,
MWX250162,正常使用,临时,
MWX250163,取消编码，请核查,禁用,
MWX250164,正常使用,正式,
MWX250172,取消编码，请核查,禁用,
MWX250180,正常使用,正式,
MWX250181,正常使用,正式,
MWX250184,正常使用,正式,
MWX250186,取消编码，请核查,禁用,
MWX250188,正常使用,正式,
MWX250196,正常使用,正式,
MWX250198,正常使用,正式,
MWX250201,正常使用,正式,
MWX250208,正常使用,正式,
MWX250209,取消编码，请核查,禁用,
MWX250210,正常使用,正式,
MWX250212,取消编码，请核查,禁用,
MWX250215,正常使用,正式,
MWX250216,正常使用,正式,
MWX250217,正常使用,正式,
MWX250219,正常使用,临时,
MWX250224,正常使用,正式,
MWX250229,取消编码，请核查,禁用,
MWX250231,取消编码，请核查,禁用,
MWX250233,正常使用,正式,
MWX250234,正常使用,正式,
MWX250235,正常使用,正式,
MWX250236,正常使用,正式,
MWX250238,正常使用,正式,
MWX250239,正常使用,正式,
MWX250240,正常使用,正式,
MWX250241,正常使用,正式,
MWX250242,正常使用,正式,
MWX250243,正常使用,正式,
MWX250244,正常使用,正式,
MWX250245,正常使用,临时,
MWX250250,取消编码，请核查,禁用,
MWX250252,取消编码，请核查,禁用,
MWX250253,正常使用,正式,
MWX250255,正常使用,正式,
MWX250256,正常使用,正式,
MWX250258,正常使用,正式,
MWX250259,正常使用,正式,
MWX250260,正常使用,正式,
MWX250261,正常使用,正式,
MWX250263,正常使用,临时,
MWX250264,正常使用,临时,
MWX250267,正常使用,正式,
MWX250269,正常使用,正式,
MWX250271,取消编码，请核查,禁用,
MWX250273,正常使用,正式,
MWX250275,取消编码，请核查,禁用,
MWX250276,取消编码，请核查,禁用,
MWX250278,取消编码，请核查,禁用,
MWX250281,取消编码，请核查,禁用,
MWX250283,取消编码，请核查,禁用,
MWX250284,正常使用,正式,
MWX250285,正常使用,正式,
MWX250286,正常使用,正式,
MWX250287,正常使用,正式,
MWX250288,正常使用,正式,
MWX250289,正常使用,正式,
MWX250290,正常使用,正式,
MWX250292,正常使用,临时,
MWX250293,取消编码，请核查,禁用,
MWX250294,正常使用,正式,
MWX250300,正常使用,正式,
MWX250301,正常使用,正式,
MWX250303,取消编码，请核查,禁用,
MWX250304,取消编码，请核查,禁用,
MWX250305,取消编码，请核查,禁用,
MWX250306,正常使用,正式,
MWX250307,取消编码，请核查,禁用,
MWX250309,正常使用,正式,
MWX250310,取消编码，请核查,禁用,
MWX250311,取消编码，请核查,禁用,
MWX250312,正常使用,正式,
MWX250313,正常使用,正式,
MWX250314,取消编码，请核查,禁用,
MWX250317,正常使用,临时,
MWX250318,正常使用,临时,
MWX250319,正常使用,临时,
MWX250320,正常使用,正式,
MWX250321,取消编码，请核查,禁用,
MWX250322,正常使用,正式,
MWX250323,正常使用,临时,
MWX250324,正常使用,临时,
MWX250325,正常使用,临时,
MWX250326,正常使用,正式,
MWX250327,正常使用,正式,
MWX250328,正常使用,正式,
MWX250329,正常使用,正式,
MWX250330,正常使用,正式,
MWX250333,正常使用,临时,
MWX250334,正常使用,正式,
MWX250335,正常使用,正式,
MWX250336,正常使用,临时,
MWX250337,正常使用,临时,
MWX250339,正常使用,临时,
MWX250340,正常使用,临时,
MWX250341,正常使用,正式,
MWX250342,正常使用,正式,
MWX250343,正常使用,正式,
MWX250344,正常使用,正式,
MWX250345,正常使用,正式,
MWX250346,正常使用,正式,
MWX260003,正常使用,正式,
MWX260005,正常使用,正式,
MWX270005,正常使用,正式,
MWX270006,正常使用,正式,
MWX270007,正常使用,正式,
MWX270008,正常使用,正式,
MWX270009,正常使用,正式,
MWX270010,正常使用,正式,
MWX270011,正常使用,临时,
MWX270012,正常使用,正式,
MWX270014,正常使用,临时,
MWX270028,取消编码，请核查,禁用,
MWX270032,正常使用,正式,
MWX270033,正常使用,正式,
MWX270035,正常使用,临时,
MWX270036,正常使用,临时,
MWX270039,正常使用,临时,
MWX270040,取消编码，请核查,禁用,
MWX270041,取消编码，请核查,禁用,
MWX270043,正常使用,临时,
MWX270045,正常使用,正式,
MWX270051,正常使用,临时,
MWX270053,正常使用,正式,
MWX270054,正常使用,正式,
MWX270055,正常使用,临时,
MWX270057,正常使用,临时,
MWX270058,取消编码，请核查,禁用,
MWX270059,正常使用,临时,
MWX270063,正常使用,临时,
MWX270065,取消编码，请核查,禁用,
MWX270068,取消编码，请核查,禁用,
MWX270069,正常使用,正式,
MWX270070,正常使用,临时,
MWX270071,正常使用,正式,
MWX270072,正常使用,正式,
MWX270074,取消编码，请核查,禁用,
MWX270075,取消编码，请核查,禁用,
MWX270080,正常使用,正式,
MWX270081,正常使用,临时,
MWX270083,正常使用,临时,
MWX270084,正常使用,正式,
MWX270086,正常使用,正式,
MWX270087,取消编码，请核查,禁用,
MWX270089,正常使用,正式,
MWX270090,正常使用,正式,
MWX270106,正常使用,临时,
MWX270107,正常使用,临时,
MWX270108,正常使用,临时,
MWX270109,正常使用,临时,
MWX270111,正常使用,临时,
MWX270115,正常使用,临时,
MWX270116,取消编码，请核查,禁用,
MWX270118,取消编码，请核查,禁用,
MWX270119,正常使用,正式,
MWX270120,正常使用,临时,
MWX270131,正常使用,临时,
MWX270136,正常使用,临时,
MWX270141,正常使用,正式,
MWX270142,正常使用,正式,
MWX270143,正常使用,正式,
MWX270147,正常使用,临时,
MWX270148,正常使用,临时,
MWX270149,正常使用,临时,
MWX270150,正常使用,正式,
MWX270155,正常使用,正式,
MWX270156,正常使用,正式,
MWX270159,正常使用,临时,
MWX270161,取消编码，请核查,禁用,
MWX270162,正常使用,正式,
MWX270163,正常使用,临时,
MWX270165,正常使用,正式,
MWX270168,正常使用,临时,
MWX270169,正常使用,临时,
MWX270170,取消编码，请核查,禁用,
MWX270171,正常使用,临时,
MWX270172,正常使用,临时,
MWX270180,正常使用,正式,
MWX270184,正常使用,临时,
MWX270185,正常使用,临时,
MWX270186,正常使用,正式,
MWX270187,正常使用,临时,
MWX270188,取消编码，请核查,禁用,
MWX270189,正常使用,临时,
MWX270190,正常使用,临时,
MWX270191,正常使用,临时,
MWX270196,取消编码，请核查,禁用,
MWX270197,取消编码，请核查,禁用,
MWX270198,正常使用,正式,
MWX270199,正常使用,正式,
MWX270206,正常使用,临时,
MWX270207,正常使用,正式,
MWX270208,正常使用,临时,
MWX270209,正常使用,临时,
MWX270212,取消编码，请核查,禁用,
MWX270217,正常使用,正式,
MWX270218,正常使用,正式,
MWX270219,正常使用,正式,
MWX270220,正常使用,正式,
MWX270221,正常使用,正式,
MWX270222,正常使用,正式,
MWX270223,正常使用,正式,
MWX270224,正常使用,正式,
MWX270226,取消编码，请核查,禁用,
MWX270232,正常使用,正式,
MWX270237,正常使用,正式,
MWX270239,正常使用,临时,
MWX270243,正常使用,临时,
MWX270246,正常使用,临时,
MWX270251,取消编码，请核查,禁用,
MWX270252,正常使用,临时,
MWX270253,正常使用,临时,
MWX270254,取消编码，请核查,禁用,
MWX270255,正常使用,临时,
MWX270256,正常使用,临时,
MWX270257,正常使用,正式,
MWX270267,正常使用,正式,
MWX270268,正常使用,正式,
MWX270269,正常使用,正式,
MWX270270,正常使用,临时,
MWX270280,正常使用,临时,
MWX270281,正常使用,正式,
MWX290010,正常使用,临时,
MWX290033,正常使用,临时,
MWX330002,正常使用,临时,
MWX330007,正常使用,临时,
MWX330008,正常使用,临时,
MWX330009,正常使用,临时,
MWX330010,取消编码，请核查,禁用,
MWX330011,取消编码，请核查,禁用,
MWX330026,取消编码，请核查,禁用,
MWX330027,取消编码，请核查,禁用,
MWX330029,正常使用,临时,
MWX330034,取消编码，请核查,禁用,
MWX330035,正常使用,正式,
MWX330036,正常使用,正式,
MWX330037,正常使用,正式,
MWX330038,正常使用,正式,
MWX330043,正常使用,正式,
MWX330044,正常使用,正式,
MWX330045,正常使用,正式,
MWX330058,取消编码，请核查,禁用,
MWX330061,取消编码，请核查,禁用,
MWX330062,正常使用,临时,
MWX330063,正常使用,临时,
MWX330064,正常使用,正式,
MWX330066,正常使用,临时,
MWX330067,正常使用,临时,
MWX330074,正常使用,正式,
MWX330079,正常使用,正式,
MWX330080,取消编码，请核查,禁用,
MWX330081,取消编码，请核查,禁用,
MWX330082,取消编码，请核查,禁用,
MWX330090,取消编码，请核查,禁用,
MWX330091,正常使用,正式,
MWX330092,取消编码，请核查,禁用,
MWX330093,正常使用,正式,
MWX330094,正常使用,正式,
MWX330095,正常使用,正式,
MWX330096,正常使用,正式,
MWX330099,正常使用,正式,
MWX330100,正常使用,正式,
MWX330101,正常使用,正式,
MWX330102,正常使用,正式,
MWX330103,正常使用,正式,
MWX330104,正常使用,正式,
MWX330107,正常使用,临时,
MWX330108,正常使用,临时,
MWX330126,正常使用,正式,
MWX330127,正常使用,临时,
MWX330128,正常使用,临时,
MWX330133,正常使用,临时,
MWX330143,正常使用,临时,
MWX330148,正常使用,正式,
MWX330149,正常使用,正式,
MWX330150,正常使用,正式,
MWX330154,正常使用,临时,
MWX330157,取消编码，请核查,禁用,
MWX330160,正常使用,临时,
MWX330161,正常使用,临时,
MWX330170,正常使用,正式,
MWX330171,正常使用,正式,
MWX330172,正常使用,正式,
MWX330174,正常使用,正式,
MWX330175,正常使用,正式,
MWX330176,正常使用,正式,
MWX330180,正常使用,正式,
MWX330181,正常使用,临时,
MWX330182,正常使用,临时,
MWX330189,正常使用,正式,
MWX330191,正常使用,正式,
MWX330192,正常使用,正式,
MWX330193,正常使用,正式,
MWX330195,正常使用,正式,
MWX330199,正常使用,正式,
MWX330201,正常使用,临时,
MWX330203,正常使用,临时,
MWX330204,正常使用,正式,
MWX330205,正常使用,正式,
MWX330211,正常使用,临时,
MWX330212,正常使用,正式,
MWX330215,正常使用,正式,
MWX330220,正常使用,临时,
MWX330227,正常使用,临时,
MWX330228,正常使用,正式,
MWX330229,正常使用,正式,
MWX330240,正常使用,正式,
MWX330241,正常使用,正式,
MWX330242,正常使用,正式,
MWX330243,正常使用,正式,
MWX330251,正常使用,临时,
MWX330256,正常使用,正式,
MWX330306,正常使用,正式,
MWX330308,正常使用,正式,
MWX330334,正常使用,正式,
MWX330335,正常使用,正式,
MWX330336,正常使用,正式,
MWX330340,正常使用,临时,
MWX330357,正常使用,正式,
MWX340003,取消编码，请核查,禁用,
MWX340004,取消编码，请核查,禁用,
MWX350001,正常使用,正式,
MWX350002,正常使用,正式,
MWX350033,正常使用,临时,
MWX350034,正常使用,临时,
MWX360001,正常使用,临时,
MWX360002,正常使用,正式,
MWX360005,取消编码，请核查,禁用,
MWX360009,正常使用,正式,
MWX360014,正常使用,正式,
MWX400073,正常使用,正式,
MWX400114,正常使用,临时,
MWX400342,正常使用,正式,
MWX410028,正常使用,正式,
MWX410042,正常使用,临时,
MWX410043,正常使用,临时,
MWX410093,正常使用,正式,
MWX410099,正常使用,临时,
MXC010073,正常使用,临时,
MXC020038,正常使用,临时,
MXC020040,正常使用,临时,
MXC020042,正常使用,临时,
MXC020047,正常使用,临时,
MXC020048,正常使用,临时,
MXC020049,正常使用,临时,
MXC030030,正常使用,正式,
MXC030031,正常使用,正式,
MXC030035,正常使用,正式,
MXC030040,禁用，请核查,消耗,
MXC030042,正常使用,正式,
MXC030043,正常使用,正式,
MXC030044,正常使用,正式,
MXC030047,正常使用,正式,
MXC030053,禁用，请核查,正式,
MXC030054,禁用，请核查,正式,
MXC030059,正常使用,临时,
MXC030060,禁用，请核查,正式,
MXC030062,禁用，请核查,消耗,
MXC030079,正常使用,正式,
MXC030080,正常使用,临时,
MXC030081,正常使用,正式,
MXC030082,正常使用,临时,
MXC030083,正常使用,正式,
MXC030085,正常使用,正式,
MXC030089,禁用，请核查,正式,
MXC030095,正常使用,正式,
MXC030113,正常使用,正式,
MXC030116,正常使用,正式,
MXC030122,正常使用,正式,
MXC030123,正常使用,正式,
MXC030126,正常使用,临时,
MXC030130,正常使用,正式,
MXC030136,禁用，请核查,正式,
MXC030140,正常使用,正式,
MXC030147,正常使用,正式,
MXC030157,正常使用,临时,
MXC030158,正常使用,正式,
MXC030161,正常使用,临时,
MXC030173,正常使用,正式,
MXC030180,正常使用,正式,
MXC030181,正常使用,正式,
MXC030195,正常使用,临时,
MXC030197,正常使用,临时,
MXC030202,正常使用,正式,
MXC030208,正常使用,临时,
MXC030209,正常使用,临时,
MXC030210,正常使用,正式,
MXC030211,正常使用,正式,
MXC030232,正常使用,正式,
MXC030238,正常使用,临时,
MXC030239,正常使用,临时,
MXC030240,正常使用,正式,
MXC030244,正常使用,临时,
MXC030245,正常使用,正式,
MXC030246,正常使用,正式,
MXC030247,正常使用,正式,
MXC030250,正常使用,正式,
MXC030251,正常使用,正式,
MXC030254,正常使用,临时,
MXC030260,正常使用,临时,
MXC030261,正常使用,临时,
MXC030265,正常使用,正式,
MXC030266,正常使用,临时,
MXC030269,正常使用,正式,
MXC030270,正常使用,正式,
MXC030271,正常使用,正式,
MXC030276,正常使用,正式,
MXC030279,正常使用,临时,
MXC030280,正常使用,临时,
MXC030293,正常使用,临时,
MXC030298,正常使用,正式,
MXC040050,正常使用,正式,
MXC040051,正常使用,正式,
MXC040052,正常使用,正式,
MXC040058,正常使用,正式,
MXC040067,正常使用,正式,
MXC040072,正常使用,正式,
MXC040075,正常使用,正式,
MXC040081,正常使用,临时,
MXC040082,正常使用,临时,
MXC040083,正常使用,临时,
MXC040084,正常使用,正式,
MXC040086,正常使用,正式,
MXC040088,正常使用,正式,
MXC040094,正常使用,正式,
MXC040103,正常使用,正式,
MXC040104,正常使用,临时,
MXC040105,正常使用,正式,
MXC040106,正常使用,临时,
MXC040107,正常使用,临时,
MXC040108,正常使用,临时,
MXC040109,正常使用,临时,
MXC040110,正常使用,正式,
MXC040116,正常使用,正式,
MXC040117,正常使用,正式,
MXC040118,正常使用,正式,
MXC040119,正常使用,正式,
MXC040126,正常使用,临时,
MXC040133,正常使用,正式,
MXC040134,正常使用,正式,
MXC040135,正常使用,正式,
MXC040142,正常使用,临时,
MXC040148,正常使用,正式,
MXC040150,正常使用,正式,
MXC040153,正常使用,正式,
MXC040154,正常使用,正式,
MXC040155,正常使用,正式,
MXC040158,正常使用,临时,
MXC040159,正常使用,正式,
MXC040160,正常使用,正式,
MXC040162,正常使用,临时,
MXC040164,正常使用,正式,
MXC040165,正常使用,正式,
MXC040166,正常使用,临时,
MXC040167,正常使用,正式,
MXC040168,正常使用,正式,
MXC040172,正常使用,正式,
MXC040178,正常使用,正式,
MXC040179,正常使用,正式,
MXC040181,正常使用,临时,
MXC040184,正常使用,正式,
MXC040185,正常使用,正式,
MXC040193,正常使用,临时,
MXC040198,正常使用,临时,
MXC040199,正常使用,临时,
MXC040202,正常使用,临时,
MXC040213,正常使用,临时,
MXC040214,正常使用,正式,
MXC040215,正常使用,正式,
MXC040216,正常使用,临时,
MXC040217,正常使用,临时,
MXC040218,正常使用,临时,
MXC040219,正常使用,临时,
MXC040220,正常使用,临时,
MXC040233,正常使用,正式,
MXC040234,正常使用,正式,
MXC040235,正常使用,正式,
MXC040236,正常使用,正式,
MXC040237,正常使用,正式,
MXC040238,正常使用,正式,
MXC040246,禁用，请核查,禁用,
MXC040247,禁用，请核查,禁用,
MXC040248,消耗，请核查,消耗,
MXC040249,消耗，请核查,消耗,
MXC040250,正常使用,临时,
MXC040251,正常使用,临时,
MXC040252,正常使用,正式,
MXC040257,正常使用,临时,
MXC040258,正常使用,临时,
MXC040259,正常使用,临时,
MXC040260,正常使用,临时,
MXC040263,正常使用,正式,
MXC040264,正常使用,正式,
MXC040272,正常使用,正式,
MXC040273,正常使用,正式,
MXC040283,正常使用,临时,
MXC040290,正常使用,正式,
MXC040291,正常使用,正式,
MXC040297,正常使用,正式,
MXC040301,正常使用,正式,
MXC040310,正常使用,临时,
MXC040311,正常使用,临时,
MXC040313,正常使用,临时,
MXC050026,正常使用,正式,
MXC050030,正常使用,正式,
MXC050037,正常使用,正式,
MXC050039,正常使用,临时,
MXC050040,正常使用,临时,
MXC050043,正常使用,临时,
MXC050044,正常使用,正式,
MXC050048,正常使用,临时,
MXC050051,正常使用,正式,
MXC050057,正常使用,正式,
MXC050058,正常使用,正式,
MXC050080,正常使用,正式,
MXC050083,正常使用,正式,
MXC050084,正常使用,正式,
MXC050087,正常使用,正式,
MXC050088,正常使用,正式,
MXC050092,正常使用,正式,
MXC050093,正常使用,临时,
MXC050094,正常使用,正式,
MXC050095,正常使用,临时,
MXC050096,正常使用,临时,
MXC050097,正常使用,临时,
MXC050098,正常使用,临时,
MXC050099,正常使用,临时,
MXC050100,正常使用,正式,
MXC050101,正常使用,临时,
MXC050102,正常使用,临时,
MXC050103,正常使用,临时,
MXC050104,正常使用,临时,
MXC050109,正常使用,正式,
MXC050110,正常使用,正式,
MXC050135,正常使用,正式,
MXC050193,正常使用,临时,
MXC050204,正常使用,正式,
MXC050208,正常使用,正式,
MXC050222,正常使用,正式,
MXC050223,正常使用,正式,
MXC050230,正常使用,正式,
MXC050236,正常使用,正式,
MXC050239,正常使用,正式,
MXC050240,正常使用,正式,
MXC050241,正常使用,正式,
MXC050242,正常使用,正式,
MXC050245,正常使用,正式,
MXC050258,正常使用,临时,
MXC050264,正常使用,正式,
MXC050276,正常使用,临时,
MXC050277,正常使用,临时,
MXC050279,正常使用,临时,
MXC050280,正常使用,临时,
MXC050289,正常使用,正式,
MXC050291,正常使用,临时,
MXC050292,正常使用,临时,
MXC050301,正常使用,正式,
MXC050303,禁用，请核查,禁用,
MXC050304,正常使用,临时,
MXC050312,正常使用,临时,
MXC050326,正常使用,正式,
MXC050334,正常使用,正式,
MXC050335,正常使用,临时,
MXC050342,正常使用,正式,
MXC050343,正常使用,正式,
MXC050344,正常使用,正式,
MXC050358,正常使用,正式,
MXC050360,正常使用,正式,
MXC050374,正常使用,临时,
MXC050377,正常使用,正式,
MXC050385,正常使用,正式,
MXC050386,正常使用,正式,
MXC050387,正常使用,正式,
MXC050416,正常使用,正式,
MXC050426,正常使用,临时,
MXC050430,正常使用,临时,
MXC050431,正常使用,正式,
MXC050438,正常使用,临时,
MXC050439,正常使用,临时,
MXC050440,正常使用,临时,
MXC050443,正常使用,临时,
MXC050444,正常使用,临时,
MXC050445,正常使用,临时,
MXC050446,正常使用,临时,
MXC050466,正常使用,临时,
MXC050467,正常使用,临时,
MXC050468,正常使用,临时,
MXC050469,正常使用,正式,
MXC050470,正常使用,正式,
MXC050472,正常使用,正式,
MXC050477,正常使用,正式,
MXC050481,正常使用,临时,
MXC050482,正常使用,临时,
MXC050483,正常使用,临时,
MXC050491,正常使用,临时,
MXC050500,正常使用,正式,
MXC050501,正常使用,正式,
MXC050502,正常使用,正式,
MXC050509,正常使用,临时,
MXC050517,正常使用,临时,
MXC050527,正常使用,正式,
MXC050528,正常使用,正式,
MXC050530,正常使用,正式,
MXC050536,正常使用,临时,
MXC050537,正常使用,临时,
MXC050547,正常使用,正式,
MXC050548,正常使用,正式,
MXC050549,正常使用,正式,
MXC050550,正常使用,正式,
MXC050558,正常使用,正式,
MXC050559,正常使用,临时,
MXC050560,正常使用,临时,
MXC050568,正常使用,临时,
MXC050569,正常使用,临时,
MXC050570,正常使用,临时,
MXC050583,正常使用,正式,
MXC050585,正常使用,临时,
MXC050586,正常使用,临时,
MXC050587,正常使用,临时,
MXC050588,正常使用,正式,
MXC050594,正常使用,临时,
MXC050596,正常使用,临时,
MXC050607,正常使用,正式,
MXC050615,正常使用,正式,
MXC050616,正常使用,正式,
MXC050617,正常使用,正式,
MXC050625,正常使用,正式,
MXC050626,正常使用,正式,
MXC050627,正常使用,正式,
MXC050628,正常使用,正式,
MXC050629,正常使用,正式,
MXC050630,正常使用,正式,
MXC050638,正常使用,正式,
MXC050639,正常使用,临时,
MXC050640,正常使用,临时,
MXC050641,正常使用,临时,
MXC050643,正常使用,正式,
MXC050644,正常使用,临时,
MXC050646,正常使用,临时,
MXC050647,正常使用,临时,
MXC050648,正常使用,临时,
MXC050649,正常使用,正式,
MXC050650,正常使用,正式,
MXC050651,正常使用,正式,
MXC050652,正常使用,临时,
MXC050660,正常使用,临时,
MXC050661,正常使用,临时,
MXC050663,正常使用,临时,
MXC050670,正常使用,临时,
MXC050671,正常使用,临时,
MXC060001,正常使用,临时,
MXC060003,正常使用,临时,
MXS010063,正常使用,正式,
MXS010066,禁用，请核查,消耗,
MXS010067,正常使用,正式,
MXS010086,正常使用,正式,
MXS010095,正常使用,正式,
MXS010096,正常使用,正式,
MXS010097,正常使用,正式,
MXS010099,正常使用,正式,
MXS010100,正常使用,正式,
MXS010102,正常使用,正式,
MXS010107,正常使用,正式,
MXS010109,正常使用,临时,
MXS010113,正常使用,正式,
MXS010115,正常使用,临时,
MXS010116,正常使用,正式,
MXS010121,正常使用,正式,
MXS010126,正常使用,临时,
MXS010130,正常使用,临时,
MXS010134,正常使用,正式,
MXS010135,正常使用,正式,
MXS010137,正常使用,正式,
MXS010141,正常使用,正式,
MXS010142,正常使用,临时,
MXS010143,正常使用,临时,
MXS010147,正常使用,临时,
MXS010163,正常使用,临时,
MXS010167,正常使用,临时,
MXS010169,正常使用,临时,
MXS010183,正常使用,正式,
MXS010186,正常使用,临时,
MXS010187,正常使用,临时,
MXS010191,正常使用,临时,
MXS010204,正常使用,正式,
MXS010205,正常使用,正式,
MXS010206,正常使用,正式,
MXS010208,正常使用,临时,
MXS010214,正常使用,临时,
MXS010219,正常使用,正式,
MXS010226,正常使用,正式,
MXS010228,正常使用,正式,
MXS010235,正常使用,正式,
MXS010236,正常使用,临时,
MXS010238,正常使用,正式,
MXS010240,正常使用,临时,
MXS010242,正常使用,临时,
MXS010245,正常使用,正式,
MXS010246,正常使用,正式,
MXS010247,正常使用,正式,
MXS010248,正常使用,正式,
MXS010249,正常使用,临时,
MXS010250,正常使用,临时,
MXS010251,正常使用,临时,
MXS010252,正常使用,临时,
MXS010253,正常使用,临时,
MXS010254,正常使用,临时,
MXS010260,正常使用,临时,
MXS010261,正常使用,临时,
MXS010263,正常使用,正式,
MXS010264,正常使用,正式,
MXS010265,正常使用,正式,
MXS010266,正常使用,正式,
MXS010267,正常使用,正式,
MXS010268,正常使用,正式,
MXS010269,正常使用,正式,
MXS010270,正常使用,临时,
MXS010271,正常使用,临时,
MXS010272,正常使用,临时,
MXS010273,正常使用,临时,
MXS010274,正常使用,正式,
MXS010275,正常使用,临时,
MXS010281,正常使用,临时,
MXS020249,正常使用,正式,
MXS020259,正常使用,正式,
MXS020275,正常使用,正式,
MXS020280,正常使用,正式,
MXS020304,正常使用,正式,
MXS020324,正常使用,正式,
MXS020328,正常使用,正式,
MXS020355,正常使用,正式,
MXS020371,正常使用,正式,
MXS020372,正常使用,正式,
MXS020387,正常使用,正式,
MXS020395,正常使用,正式,
MXS020396,正常使用,正式,
MXS020397,正常使用,临时,
MXS020398,正常使用,临时,
MXS020399,正常使用,正式,
MXS020400,正常使用,正式,
MXS020401,正常使用,临时,
MXS020405,正常使用,临时,
MXS020406,正常使用,正式,
MXS020407,正常使用,正式,
MXS020409,正常使用,正式,
MXS020421,正常使用,正式,
MXS020422,正常使用,正式,
MXS020431,正常使用,正式,
MXS020432,正常使用,正式,
MXS020441,正常使用,正式,
MXS020448,正常使用,正式,
MXS020449,禁用，请核查,消耗,
MXS020462,正常使用,正式,
MXS020467,正常使用,正式,
MXS020468,消耗，请核查,消耗,
MXS020471,取消编码，请核查,禁用,
MXS020481,正常使用,正式,
MXS020482,正常使用,正式,
MXS020486,正常使用,正式,
MXS020489,正常使用,正式,
MXS020496,正常使用,正式,
MXS020499,正常使用,正式,
MXS020509,正常使用,临时,
MXS020510,正常使用,临时,
MXS020511,正常使用,正式,
MXS020514,正常使用,临时,
MXS020521,禁用，请核查,消耗,
MXS020536,正常使用,临时,
MXS020539,正常使用,正式,
MXS020541,正常使用,正式,
MXS020550,正常使用,临时,
MXS020551,正常使用,临时,
MXS020554,正常使用,临时,
MXS020558,正常使用,正式,
MXS020563,正常使用,临时,
MXS020571,正常使用,临时,
MXS020572,正常使用,临时,
MXS020575,消耗，请核查,消耗,
MXS020577,正常使用,正式,
MXS020580,正常使用,临时,
MXS020582,正常使用,临时,
MXS020584,正常使用,临时,
MXS020585,正常使用,临时,
MXS020590,正常使用,临时,
MXS020591,正常使用,正式,
MXS020592,正常使用,正式,
MXS020593,消耗，请核查,消耗,
MXS020604,正常使用,正式,
MXS020606,正常使用,正式,
MXS020611,正常使用,正式,
MXS020612,正常使用,临时,
MXS020614,正常使用,临时,
MXS020621,正常使用,正式,
MXS020626,正常使用,正式,
MXS020629,正常使用,临时,
MXS020630,正常使用,正式,
MXS020632,正常使用,临时,
MXS020650,正常使用,临时,
MXS020651,正常使用,临时,
MXS020652,正常使用,临时,
MXS020659,正常使用,临时,
MXS020665,正常使用,临时,
MXS020671,正常使用,临时,
MXS020682,正常使用,临时,
MXS020710,正常使用,临时,
MXS020713,正常使用,临时,
MXS020715,正常使用,正式,
MXS020722,正常使用,临时,
MXS020724,正常使用,临时,
MXS020727,正常使用,正式,
MXS020730,正常使用,正式,
MXS020731,正常使用,正式,
MXS020732,正常使用,正式,
MXS020733,正常使用,正式,
MXS020737,正常使用,临时,
MXS020739,正常使用,临时,
MXS020745,正常使用,临时,
MXS020751,正常使用,正式,
MXS020752,正常使用,正式,
MXS020759,正常使用,正式,
MXS020760,正常使用,临时,
MXS020761,正常使用,临时,
MXS020767,正常使用,临时,
MXS020773,正常使用,临时,
MXS020778,正常使用,临时,
MXS020787,正常使用,临时,
MXS020793,正常使用,正式,
MXS020795,正常使用,正式,
MXS020796,正常使用,正式,
MXS020797,正常使用,正式,
MXS020798,正常使用,正式,
MXS020800,正常使用,正式,
MXS020801,正常使用,正式,
MXS020808,正常使用,临时,
MXS020814,正常使用,正式,
MXS020816,正常使用,正式,
MXS020819,正常使用,临时,
MXS020829,正常使用,临时,
MXS020832,正常使用,正式,
MXS020837,正常使用,临时,
MXS020838,正常使用,正式,
MXS020846,正常使用,正式,
MXS020851,正常使用,临时,
MXS020852,正常使用,临时,
MXS020853,正常使用,临时,
MXS020856,正常使用,正式,
MXS020862,正常使用,临时,
MXS020864,正常使用,临时,
MXS020867,正常使用,临时,
MXS020868,正常使用,临时,
MXS020869,正常使用,临时,
MXS020870,正常使用,正式,
MXS020871,正常使用,正式,
MXS020872,正常使用,正式,
MXS020873,正常使用,正式,
MXS020875,正常使用,临时,
MXS020878,正常使用,临时,
MXS020881,正常使用,正式,
MXS020886,正常使用,正式,
MXS020888,禁用，请核查,禁用,
MXS020891,正常使用,正式,
MXS020892,正常使用,正式,
MXS020893,正常使用,正式,
MXS020900,正常使用,正式,
MXS020903,正常使用,正式,
MXS020904,正常使用,正式,
MXS020905,正常使用,临时,
MXS020906,正常使用,正式,
MXS020910,正常使用,正式,
MXS020912,正常使用,临时,
MXS020914,正常使用,临时,
MXS020915,正常使用,临时,
MXS020918,正常使用,临时,
MXS020919,正常使用,临时,
MXS020920,正常使用,临时,
MXS020921,正常使用,临时,
MXS020922,正常使用,临时,
MXS020923,正常使用,临时,
MXS020924,正常使用,临时,
MXS020925,正常使用,临时,
MXS020926,正常使用,临时,
MXS020927,正常使用,临时,
MXS020929,正常使用,临时,
MXS020930,正常使用,正式,
MXS020931,正常使用,正式,
MXS020933,取消编码，请核查,禁用,
MXS020934,正常使用,正式,
MXS020935,正常使用,正式,
MXS020936,正常使用,正式,
MXS020937,正常使用,正式,
MXS020938,正常使用,正式,
MXS020939,正常使用,临时,
MXS020940,正常使用,临时,
MXS020941,正常使用,临时,
MXS020942,正常使用,临时,
MXS020943,正常使用,临时,
MXS020944,正常使用,临时,
MXS020945,正常使用,临时,
MXS020946,正常使用,临时,
MXS020947,正常使用,临时,
MXS020948,正常使用,临时,
MXS020949,正常使用,临时,
MXS020950,正常使用,临时,
MXS020951,正常使用,正式,
MXS020953,正常使用,正式,
MXS020954,正常使用,正式,
MXS020957,正常使用,临时,
MXS020958,正常使用,正式,
MXS020960,正常使用,临时,
MXS020961,正常使用,正式,
MXS020966,正常使用,临时,
MXS020967,正常使用,正式,
MXS020968,消耗，请核查,消耗,
MXS020969,取消编码，请核查,禁用,
MXS020970,正常使用,正式,
MXS020971,正常使用,正式,
MXS020972,正常使用,正式,
MXS020973,正常使用,临时,
MXS020974,正常使用,临时,
MXS020975,正常使用,临时,
MXS020976,正常使用,临时,
MXS020978,正常使用,正式,
MXS020979,正常使用,临时,
MXS020980,正常使用,正式,
MXS020981,正常使用,临时,
MXS020982,正常使用,正式,
MXS020983,正常使用,临时,
MXS020985,正常使用,正式,
MXS020986,正常使用,临时,
MXS020987,正常使用,正式,
MXS020988,正常使用,临时,
MXS020989,正常使用,正式,
MXS020990,正常使用,临时,
MXS020991,正常使用,临时,
MXS020992,正常使用,临时,
MXS020993,正常使用,正式,
MXS020994,正常使用,正式,
MXS020995,正常使用,正式,
MXS020996,正常使用,临时,
MXS020997,正常使用,临时,
MXS020998,正常使用,临时,
MXS020999,正常使用,正式,
MXS021000,正常使用,临时,
MXS021001,正常使用,临时,
MXS021002,正常使用,临时,
MXS021003,正常使用,临时,
MXS021005,正常使用,临时,
MXS021006,正常使用,临时,
MXS021007,正常使用,临时,
MXS021009,正常使用,正式,
MXS021010,正常使用,临时,
MXS021011,正常使用,正式,
MXS021012,正常使用,正式,
MXS021013,正常使用,临时,
MXS021014,正常使用,临时,
MXS021015,正常使用,临时,
MXS021016,正常使用,临时,
MXS021017,正常使用,临时,
MXS021018,正常使用,临时,
MXS021020,正常使用,临时,
MXS021021,正常使用,临时,
MXS021022,正常使用,临时,
MXS021023,正常使用,正式,
MXS021024,正常使用,临时,
MXS021025,正常使用,临时,
MXS021026,正常使用,正式,
MXS021029,正常使用,正式,
MXS021031,正常使用,临时,
MXS021032,正常使用,临时,
MXS021041,正常使用,临时,
MXS021042,正常使用,临时,
MXS021045,正常使用,临时,
MXS021046,正常使用,临时,
MXS021047,正常使用,正式,
MXS021048,正常使用,正式,
MXS021054,正常使用,临时,
MXS021056,正常使用,临时,
MXS021058,正常使用,临时,
MXS021064,正常使用,临时,
MXS021067,正常使用,临时,
MXS021070,正常使用,临时,
MYQ010124,禁用，请核查,临时,
MYQ010131,取消编码，请核查,禁用,
MYQ010237,正常使用,正式,
MYQ010289,正常使用,正式,
MYQ010311,正常使用,正式,
MYQ010312,正常使用,正式,
MYQ010313,禁用，请核查,正式,
MYQ010314,禁用，请核查,正式,
MYQ010316,禁用，请核查,正式,
MYQ010323,取消编码，请核查,禁用,
MYQ010324,正常使用,正式,
MYQ010327,正常使用,正式,
MYQ010334,禁用，请核查,正式,
MYQ010336,禁用，请核查,正式,
MYQ010339,取消编码，请核查,禁用,
MYQ010341,禁用，请核查,正式,
MYQ010346,正常使用,正式,
MYQ010349,正常使用,正式,
MYQ010350,禁用，请核查,禁用,
MYQ010352,禁用，请核查,正式,
MYQ010359,禁用，请核查,正式,
MYQ010362,禁用，请核查,正式,
MYQ010363,禁用，请核查,正式,
MYQ010369,正常使用,正式,
MYQ010370,正常使用,正式,
MYQ010372,取消编码，请核查,禁用,
MYQ010376,取消编码，请核查,禁用,
MYQ010439,取消编码，请核查,禁用,
MYQ010450,取消编码，请核查,禁用,
MYQ010451,取消编码，请核查,禁用,
MYQ010481,取消编码，请核查,禁用,
MYQ010497,取消编码，请核查,禁用,
MYQ010499,取消编码，请核查,禁用,
MYQ010510,正常使用,临时,
MYQ010513,取消编码，请核查,禁用,
MYQ010519,取消编码，请核查,禁用,
MYQ010521,取消编码，请核查,禁用,
MYQ010553,取消编码，请核查,禁用,
MYQ010555,取消编码，请核查,禁用,
MYQ010556,取消编码，请核查,禁用,
MYQ010559,取消编码，请核查,禁用,
MYQ010629,取消编码，请核查,禁用,
MYQ010631,正常使用,正式,
MYQ010653,取消编码，请核查,禁用,
MYQ010654,取消编码，请核查,禁用,
MYQ010658,取消编码，请核查,禁用,
MYQ010660,禁用，请核查,临时,
MYQ010680,正常使用,临时,
MYQ010711,正常使用,正式,
MYQ010716,取消编码，请核查,禁用,
MYQ010742,禁用，请核查,正式,
MYQ010744,取消编码，请核查,禁用,
MYQ010745,取消编码，请核查,禁用,
MYQ010756,取消编码，请核查,禁用,
MYQ010787,取消编码，请核查,禁用,
MYQ010791,取消编码，请核查,禁用,
MYQ010796,取消编码，请核查,禁用,
MYQ010810,正常使用,临时,
MYQ010811,正常使用,临时,
MYQ010820,正常使用,正式,
MYQ010824,禁用，请核查,临时,
MYQ010864,禁用，请核查,临时,
MYQ010879,正常使用,正式,
MYQ010882,取消编码，请核查,禁用,
MYQ010912,取消编码，请核查,禁用,
MYQ010928,正常使用,临时,
MYQ010944,取消编码，请核查,禁用,
MYQ010954,禁用，请核查,禁用,
MYQ010964,取消编码，请核查,禁用,
MYQ010965,取消编码，请核查,禁用,
MYQ010977,正常使用,正式,
MYQ010979,正常使用,正式,
MYQ010980,正常使用,正式,
MYQ010981,正常使用,正式,
MYQ010987,取消编码，请核查,禁用,
MYQ010995,取消编码，请核查,禁用,
MYQ010997,正常使用,正式,
MYQ010998,禁用，请核查,临时,
MYQ011014,取消编码，请核查,禁用,
MYQ011015,取消编码，请核查,禁用,
MYQ011035,取消编码，请核查,禁用,
MYQ011071,取消编码，请核查,禁用,
MYQ011083,禁用，请核查,临时,
MYQ011091,取消编码，请核查,禁用,
MYQ011098,正常使用,正式,
MYQ011104,正常使用,正式,
MYQ011105,正常使用,正式,
MYQ011116,禁用，请核查,正式,
MYQ011119,取消编码，请核查,禁用,
MYQ011151,禁用，请核查,临时,
MYQ011154,禁用，请核查,禁用,
MYQ011160,禁用，请核查,临时,
MYQ011162,取消编码，请核查,禁用,
MYQ011166,取消编码，请核查,禁用,
MYQ011180,取消编码，请核查,禁用,
MYQ011183,取消编码，请核查,禁用,
MYQ011186,取消编码，请核查,禁用,
MYQ011191,取消编码，请核查,禁用,
MYQ011193,正常使用,临时,
MYQ011194,禁用，请核查,临时,
MYQ011195,正常使用,临时,
MYQ011196,正常使用,正式,
MYQ011198,正常使用,正式,
MYQ011199,正常使用,正式,
MYQ011200,正常使用,正式,
MYQ011201,正常使用,正式,
MYQ011229,禁用，请核查,正式,
MYQ011241,正常使用,正式,
MYQ011252,取消编码，请核查,禁用,
MYQ011254,取消编码，请核查,禁用,
MYQ011255,取消编码，请核查,禁用,
MYQ011258,取消编码，请核查,禁用,
MYQ011291,取消编码，请核查,禁用,
MYQ011292,取消编码，请核查,禁用,
MYQ011293,禁用，请核查,临时,
MYQ011306,取消编码，请核查,禁用,
MYQ011325,正常使用,正式,
MYQ011341,取消编码，请核查,禁用,
MYQ011342,取消编码，请核查,禁用,
MYQ011345,取消编码，请核查,禁用,
MYQ011346,取消编码，请核查,禁用,
MYQ011349,禁用，请核查,临时,
MYQ011360,正常使用,正式,
MYQ011364,正常使用,正式,
MYQ011365,禁用，请核查,临时,
MYQ011367,取消编码，请核查,禁用,
MYQ011369,取消编码，请核查,禁用,
MYQ011378,取消编码，请核查,禁用,
MYQ011383,取消编码，请核查,禁用,
MYQ011398,正常使用,临时,
MYQ011401,取消编码，请核查,禁用,
MYQ011403,取消编码，请核查,禁用,
MYQ011409,取消编码，请核查,禁用,
MYQ011410,取消编码，请核查,禁用,
MYQ011419,取消编码，请核查,禁用,
MYQ011423,正常使用,正式,
MYQ011427,取消编码，请核查,禁用,
MYQ011430,取消编码，请核查,禁用,
MYQ011436,取消编码，请核查,禁用,
MYQ011437,正常使用,正式,
MYQ011438,取消编码，请核查,禁用,
MYQ011439,正常使用,临时,
MYQ011441,禁用，请核查,临时,
MYQ011442,禁用，请核查,临时,
MYQ011451,取消编码，请核查,禁用,
MYQ011452,取消编码，请核查,禁用,
MYQ011456,取消编码，请核查,禁用,
MYQ011471,取消编码，请核查,禁用,
MYQ011474,正常使用,临时,
MYQ011475,取消编码，请核查,禁用,
MYQ011484,取消编码，请核查,禁用,
MYQ011487,取消编码，请核查,禁用,
MYQ011488,正常使用,临时,
MYQ011489,取消编码，请核查,禁用,
MYQ011493,取消编码，请核查,禁用,
MYQ011502,禁用，请核查,临时,
MYQ011506,取消编码，请核查,禁用,
MYQ011507,取消编码，请核查,禁用,
MYQ011508,取消编码，请核查,禁用,
MYQ011517,正常使用,临时,
MYQ011524,取消编码，请核查,禁用,
MYQ011525,取消编码，请核查,禁用,
MYQ011526,取消编码，请核查,禁用,
MYQ011528,取消编码，请核查,禁用,
MYQ011534,正常使用,临时,
MYQ011538,正常使用,临时,
MYQ011541,取消编码，请核查,禁用,
MYQ011542,取消编码，请核查,禁用,
MYQ011543,取消编码，请核查,禁用,
MYQ011544,禁用，请核查,临时,
MYQ011545,取消编码，请核查,禁用,
MYQ011546,取消编码，请核查,禁用,
MYQ011547,取消编码，请核查,禁用,
MYQ011552,取消编码，请核查,禁用,
MYQ011570,取消编码，请核查,禁用,
MYQ011574,取消编码，请核查,禁用,
MYQ011575,正常使用,临时,
MYQ011591,正常使用,正式,
MYQ011592,正常使用,正式,
MYQ011609,取消编码，请核查,禁用,
MYQ011610,取消编码，请核查,禁用,
MYQ011618,正常使用,临时,
MYQ011619,正常使用,临时,
MYQ011620,禁用，请核查,禁用,
MYQ011621,取消编码，请核查,禁用,
MYQ011626,正常使用,正式,
MYQ011627,正常使用,正式,
MYQ011642,取消编码，请核查,禁用,
MYQ011643,取消编码，请核查,禁用,
MYQ011646,取消编码，请核查,禁用,
MYQ011647,取消编码，请核查,禁用,
MYQ011653,取消编码，请核查,禁用,
MYQ011661,取消编码，请核查,禁用,
MYQ011675,取消编码，请核查,禁用,
MYQ011691,取消编码，请核查,禁用,
MYQ011692,取消编码，请核查,禁用,
MYQ011706,禁用，请核查,临时,
MYQ011726,禁用，请核查,临时,
MYQ011728,取消编码，请核查,禁用,
MYQ011729,取消编码，请核查,禁用,
MYQ011739,取消编码，请核查,禁用,
MYQ011744,正常使用,临时,
MYQ011746,取消编码，请核查,禁用,
MYQ011749,取消编码，请核查,禁用,
MYQ011750,禁用，请核查,临时,
MYQ011751,正常使用,临时,
MYQ011754,取消编码，请核查,禁用,
MYQ011755,取消编码，请核查,禁用,
MYQ011773,取消编码，请核查,禁用,
MYQ011775,取消编码，请核查,禁用,
MYQ011781,取消编码，请核查,禁用,
MYQ011782,取消编码，请核查,禁用,
MYQ011836,正常使用,临时,
MYQ011846,正常使用,临时,
MYQ011853,正常使用,正式,
MYQ011854,正常使用,正式,
MYQ011855,正常使用,临时,
MYQ011862,正常使用,临时,
MYQ011877,正常使用,正式,
MYQ011878,正常使用,正式,
MYQ011879,正常使用,正式,
MYQ011880,正常使用,正式,
MYQ011881,正常使用,正式,
MYQ011913,正常使用,正式,
MYQ011917,正常使用,临时,
MYQ011918,正常使用,临时,
MYQ011919,正常使用,临时,
MYQ011922,正常使用,正式,
MYQ011927,正常使用,临时,
MYQ011978,正常使用,临时,
MYQ011979,正常使用,临时,
MYQ011980,正常使用,临时,
MYQ012050,正常使用,正式,
MYQ012051,正常使用,正式,
MYQ012058,正常使用,临时,
MYQ012061,正常使用,临时,
MYQ012063,正常使用,正式,
MYQ012073,正常使用,正式,
MYQ012074,正常使用,正式,
MYQ012075,正常使用,正式,
MYQ012076,正常使用,正式,
MYQ012077,正常使用,正式,
MYQ012080,正常使用,临时,
MYQ012084,正常使用,正式,
MYQ012085,正常使用,正式,
MYQ012086,正常使用,正式,
MYQ012087,正常使用,正式,
MYQ012088,正常使用,临时,
MYQ012097,正常使用,临时,
MYQ012098,正常使用,临时,
MYQ012106,正常使用,临时,
MYQ012108,正常使用,正式,
MYQ012109,正常使用,正式,
MYQ012110,正常使用,正式,
MYQ012111,正常使用,正式,
MYQ012125,正常使用,临时,
MYQ012126,正常使用,临时,
MYQ012129,正常使用,临时,
MYQ012130,正常使用,临时,
MYQ012131,正常使用,临时,
MYQ012140,正常使用,临时,
MYQ012141,正常使用,临时,
MYQ012148,正常使用,正式,
MYQ012159,正常使用,临时,
MYQ012160,正常使用,临时,
MYQ012161,正常使用,临时,
MYQ012167,正常使用,临时,
MYQ012194,正常使用,正式,
MYQ012200,正常使用,正式,
MYQ012208,正常使用,正式,
MYQ012209,正常使用,正式,
MYQ012210,正常使用,正式,
MYQ012230,正常使用,临时,
MYQ012231,正常使用,临时,
MYQ012232,正常使用,临时,
MYQ012235,正常使用,临时,
MYQ012237,正常使用,临时,
MYQ012239,正常使用,正式,
MYQ012240,正常使用,正式,
MYQ012244,正常使用,正式,
MYQ012247,正常使用,临时,
MYQ012251,正常使用,临时,
MYQ012252,正常使用,临时,
MYQ012256,正常使用,正式,
MYQ012257,正常使用,临时,
MYQ012259,正常使用,临时,
MYQ012262,正常使用,正式,
MYQ012265,正常使用,临时,
MYQ012307,正常使用,正式,
MYQ012308,正常使用,正式,
MYQ012319,正常使用,正式,
MYQ012334,正常使用,临时,
MYQ012364,正常使用,临时,
MYQ012365,正常使用,临时,
MYQ012393,正常使用,临时,
MYQ012427,正常使用,临时,
MYQ012428,正常使用,临时,
MYQ012429,正常使用,临时,
MYQ012430,正常使用,临时,
MYQ012443,正常使用,临时,
MYQ012444,正常使用,临时,
MYQ012493,正常使用,临时,
MYQ012494,正常使用,临时,
MYQ012496,正常使用,正式,
MYQ012497,正常使用,临时,
MYQ012509,正常使用,临时,
MYQ012513,正常使用,临时,
MYQ012514,正常使用,临时,
MYQ012518,正常使用,临时,
MYQ012520,正常使用,临时,
MYQ012521,正常使用,临时,
MYQ012578,正常使用,临时,
MYQ012579,正常使用,临时,
MYQ012582,正常使用,临时,
MYQ012583,正常使用,临时,
MYQ012584,正常使用,临时,
MYQ012585,正常使用,临时,
MYQ012586,正常使用,临时,
MYQ012587,正常使用,临时,
MYQ012588,正常使用,临时,
MYQ012591,正常使用,临时,
MYQ012592,正常使用,正式,
MYQ012593,正常使用,正式,
MYQ012604,正常使用,正式,
MYQ012606,正常使用,正式,
MYQ012615,正常使用,临时,
MYQ012616,正常使用,临时,
MYQ012621,正常使用,临时,
MYQ012622,正常使用,临时,
MYQ012623,正常使用,临时,
MYQ012624,正常使用,临时,
MYQ012625,正常使用,临时,
MYQ012626,正常使用,临时,
MYQ012627,正常使用,临时,
MYQ012631,正常使用,临时,
MYQ012636,正常使用,临时,
MYQ012638,正常使用,正式,
MYQ012649,正常使用,临时,
MYQ012653,正常使用,临时,
MYQ012656,正常使用,临时,
MYQ012659,正常使用,临时,
MYQ012661,正常使用,临时,
MYQ012662,正常使用,临时,
MYQ012664,正常使用,临时,
MYQ012668,正常使用,临时,
MZC010029,正常使用,正式,
MZC010030,正常使用,正式,
MZC010034,禁用，请核查,禁用,
MZC010036,取消编码，请核查,禁用,
MZC010044,正常使用,正式,
MZC010045,正常使用,正式,
MZC010046,正常使用,正式,
MZC010047,正常使用,正式,
MZC010049,正常使用,正式,
MZC010064,正常使用,正式,
MZC010065,正常使用,正式,
MZC010066,正常使用,正式,
MZC010070,正常使用,正式,
MZC010075,取消编码，请核查,禁用,
MZC010078,正常使用,正式,
MZC010081,正常使用,正式,
MZC010086,正常使用,正式,
MZC030007,正常使用,正式,
MZW010096,正常使用,正式,
MZW010120,正常使用,正式,
MZW010131,正常使用,正式,
MZW010135,正常使用,正式,
MZW010140,正常使用,正式,
MZW010144,正常使用,正式,
MZW010162,正常使用,正式,
MZW010182,正常使用,正式,
MZW010183,正常使用,正式,
MZW010265,正常使用,正式,
MZW010276,替换为MXC050536,正式,
MZW010304,正常使用,临时,
MZW010305,正常使用,临时,
MZW010320,正常使用,正式,
MZW010322,正常使用,正式,
MZW010362,正常使用,正式,
MZW010386,正常使用,临时,
MZW010389,正常使用,临时,
MZW010391,正常使用,临时,
MZW010392,正常使用,临时,
MZW010393,正常使用,临时,
MZW010394,正常使用,临时,
MZW010395,正常使用,临时,
MZW010396,正常使用,正式,
MZW010397,正常使用,临时,
MZW010420,正常使用,临时,
MZW010421,正常使用,正式,
MZW010422,正常使用,正式,
MZW010423,正常使用,正式,
MZW010424,正常使用,正式,
MZW010467,正常使用,临时,
MZW010468,正常使用,临时,
MZW010469,正常使用,临时,
MZW010470,正常使用,临时,
MZW010471,正常使用,临时,
MZW010472,正常使用,临时,
MZW010473,正常使用,临时,
MZW010474,正常使用,临时,
MZW010482,正常使用,正式,
MZW010484,正常使用,正式,
MZW010487,正常使用,正式,
MZW010489,正常使用,正式,
MZW010490,正常使用,正式,
MZW010509,正常使用,临时,
MZW010513,正常使用,正式,
MZW010514,正常使用,正式,
MZW010516,正常使用,正式,
MZW010531,正常使用,正式,
MZW010543,正常使用,正式,
MZW010544,正常使用,正式,
MZW010545,正常使用,正式,
MZW010557,正常使用,临时,
MZW020032,正常使用,正式,
MZW020033,正常使用,正式,
MZW020046,取消编码，请核查,禁用,
MZW020050,取消编码，请核查,禁用,
MZW020051,正常使用,正式,
MZW020060,正常使用,临时,
MZW020061,正常使用,临时,
MZW020062,正常使用,正式,
MZW020063,正常使用,临时,
MZW030034,正常使用,正式,
MZW030046,正常使用,正式,
MZW050016,正常使用,正式,
MZW050034,取消编码，请核查,禁用,
MZW050041,正常使用,临时,
MZW050055,正常使用,正式,
MZW050056,正常使用,正式,
MZW050057,正常使用,正式,
MZW050058,正常使用,正式,
MZW050059,正常使用,正式,
MZW050061,正常使用,正式,
MZW050068,正常使用,正式,
MZW050069,正常使用,正式,
MZW050070,正常使用,正式,
MZW050073,正常使用,正式,
MZW050074,正常使用,正式,
MZW050075,正常使用,临时,
MZW050076,正常使用,临时,
MZW050077,正常使用,临时,
MZW050079,正常使用,正式,
MZW050080,正常使用,正式,
MZW050081,正常使用,正式,
MZW050082,正常使用,临时,
MZW050083,正常使用,临时,
MZW050084,正常使用,临时,
MZW050085,正常使用,临时,
MZW050086,正常使用,临时,
MZW050087,正常使用,临时,
MZW050088,正常使用,正式,
MZW050090,正常使用,临时,
MZW050093,正常使用,临时,
MZW050094,正常使用,临时,
MZW050095,正常使用,临时,
MZW050096,正常使用,临时,
MZW050097,正常使用,临时,
MZW050098,正常使用,临时,
MZW050105,正常使用,正式,
MZW050107,正常使用,临时,
MZW050108,正常使用,临时,
MZW050111,正常使用,正式,
MZW050112,正常使用,正式,
MZW050113,正常使用,正式,
MZW050114,正常使用,正式,
MZW050115,正常使用,正式,
MZW050116,正常使用,临时,
MZW050120,正常使用,正式,
MZW050121,正常使用,正式,
MZW050129,正常使用,临时,
MZW050134,正常使用,临时,
MZW050135,正常使用,临时,
MZW050136,正常使用,临时,
MZW050137,正常使用,临时,
MZW050140,正常使用,临时,
MZW050145,取消编码，请核查,禁用,
MZW050148,正常使用,正式,
MZW050150,正常使用,临时,
MZW050154,正常使用,临时,
MZW050155,正常使用,临时,
MZW050156,正常使用,临时,
MZW050157,正常使用,临时,
MZW050158,正常使用,临时,
MZW050160,禁用，请核查,禁用,
MZW050161,正常使用,正式,
MZW050162,正常使用,正式,
MZW050163,正常使用,正式,
MZW050168,正常使用,正式,
MZW050169,正常使用,正式,
MZW050170,正常使用,正式,
MZW050172,正常使用,正式,
MZW050173,正常使用,正式,
MZW050174,正常使用,正式,
MZW050175,正常使用,正式,
MZW050176,正常使用,正式,
MZW050177,正常使用,正式,
MZW050181,正常使用,正式,
MZW050182,正常使用,正式,
MZW050188,正常使用,临时,
MZW050189,正常使用,临时,
MZW060162,正常使用,正式,
MZW060188,正常使用,正式,
MZW060189,正常使用,正式,
MZW060215,正常使用,正式,
MZW060216,正常使用,正式,
MZW060217,正常使用,正式,
MZW060218,正常使用,正式,
MZW060219,正常使用,临时,
MZW060220,正常使用,正式,
MZW060221,正常使用,正式,
MZW060222,正常使用,临时,
MZW060224,正常使用,正式,
MZW060225,正常使用,正式,
MZW060228,正常使用,临时,
MZW060229,正常使用,正式,
MZW060251,正常使用,正式,
MZW060252,正常使用,正式,
MZW060265,正常使用,正式,
MZW060266,正常使用,正式,
MZW060287,正常使用,正式,
MZW060289,正常使用,正式,
MZW060290,正常使用,正式,
MZW060320,正常使用,正式,
MZW060329,正常使用,正式,
MZW060332,正常使用,正式,
MZW060333,正常使用,临时,
MZW060334,正常使用,正式,
MZW060343,正常使用,正式,
MZW060346,正常使用,正式,
MZW060347,正常使用,临时,
MZW060350,正常使用,正式,
MZW060351,取消编码，请核查,禁用,
MZW060358,正常使用,正式,
MZW060359,正常使用,临时,
MZW060369,正常使用,正式,
MZW060387,正常使用,正式,
MZW060388,正常使用,正式,
MZW060389,正常使用,正式,
MZW060405,正常使用,临时,
MZW060406,正常使用,正式,
MZW060407,正常使用,正式,
MZW060475,正常使用,正式,
MZW060480,取消编码，请核查,禁用,
MZW060513,正常使用,正式,
MZW060519,正常使用,正式,
MZW060527,正常使用,临时,
MZW060528,正常使用,正式,
MZW060529,正常使用,临时,
MZW060530,正常使用,临时,
MZW060531,正常使用,临时,
MZW060539,正常使用,正式,
MZW060563,正常使用,正式,
MZW060575,正常使用,正式,
MZW060586,正常使用,临时,
MZW060587,正常使用,临时,
MZW060588,正常使用,临时,
MZW060589,正常使用,临时,
MZW060590,正常使用,临时,
MZW060591,正常使用,临时,
MZW060592,正常使用,临时,
MZW060594,正常使用,临时,
MZW060595,正常使用,正式,
MZW060596,正常使用,临时,
MZW060597,正常使用,正式,
MZW060598,正常使用,临时,
MZW060599,正常使用,临时,
MZW060600,正常使用,临时,
MZW060601,正常使用,正式,
MZW060605,正常使用,正式,
MZW060608,正常使用,正式,
MZW060609,正常使用,正式,
MZW060665,正常使用,临时,
MZW060675,正常使用,正式,
MZW060684,正常使用,临时,
MZW060763,正常使用,正式,
MZW060773,正常使用,临时,
MZW060774,正常使用,临时,
MZW060775,正常使用,临时,
MZW060776,正常使用,临时,
MZW060777,正常使用,临时,
MZW060778,正常使用,临时,
MZW060788,正常使用,临时,
MZW060789,正常使用,临时,
MZW060790,正常使用,临时,
MZW060791,正常使用,临时,
MZW060792,正常使用,临时,
MZW060793,正常使用,临时,
MZW060794,正常使用,临时,
MZW060795,正常使用,临时,
MZW060796,正常使用,临时,
MZW060797,正常使用,临时,
MZW060798,正常使用,临时,
MZW060799,正常使用,临时,
MZW060800,正常使用,临时,
MZW060801,正常使用,临时,
MZW060802,正常使用,临时,
MZW060803,正常使用,临时,
MZW060804,正常使用,临时,
MZW060805,正常使用,临时,
MZW060806,正常使用,临时,
MZW060807,正常使用,临时,
MZW060808,正常使用,临时,
MZW060809,正常使用,临时,
MZW060810,正常使用,临时,
MZW060811,正常使用,临时,
MZW060812,正常使用,临时,
MZW060813,正常使用,临时,
MZW060814,正常使用,临时,
MZW060815,正常使用,临时,
MZW060816,正常使用,临时,
MZW060817,正常使用,临时,
MZW060818,正常使用,临时,
MZW060819,正常使用,临时,
MZW060820,正常使用,临时,
MZW060821,正常使用,临时,
MZW060822,正常使用,临时,
MZW060823,正常使用,临时,
MZW060824,正常使用,临时,
MZW060825,正常使用,临时,
MZW060826,正常使用,临时,
MZW060827,正常使用,临时,
MZW060828,正常使用,临时,
MZW060834,正常使用,正式,
MZW060841,正常使用,正式,
MZW060859,正常使用,正式,
MZW060876,正常使用,临时,
MZW060877,正常使用,临时,
MZW060878,正常使用,正式,
MZW060895,正常使用,临时,
MZW060917,正常使用,临时,
MZW060918,正常使用,临时,
MZW060924,正常使用,正式,
MZW060944,正常使用,正式,
MZW060947,正常使用,临时,
MZW061030,正常使用,临时,
MZW061031,正常使用,临时,
MZW061033,正常使用,正式,
MZW061130,正常使用,正式,
MZW061150,正常使用,正式,
MZW061151,正常使用,正式,
MZW061152,正常使用,正式,
MZW061153,正常使用,正式,
MZW061154,正常使用,正式,
MZW061179,正常使用,正式,
MZW061183,正常使用,正式,
MZW061184,正常使用,正式,
MZW061185,正常使用,正式,
MZW061186,正常使用,正式,
MZW061187,正常使用,正式,
MZW061188,正常使用,正式,
MZW061189,正常使用,正式,
MZW061190,正常使用,正式,
MZW061191,正常使用,正式,
MZW061192,正常使用,正式,
MZW061193,正常使用,正式,
MZW061194,正常使用,正式,
MZW061195,正常使用,正式,
MZW061196,正常使用,临时,
MZW061218,正常使用,正式,
MZW061219,正常使用,正式,
MZW061220,正常使用,正式,
MZW061221,正常使用,正式,
MZW061244,正常使用,正式,
MZW061274,正常使用,临时,
MZW061283,正常使用,正式,
MZW061284,正常使用,正式,
MZW061285,正常使用,正式,
MZW061286,正常使用,正式,
MZW061287,正常使用,正式,
MZW061292,正常使用,临时,
MZW061293,正常使用,临时,
MZW061295,正常使用,正式,
MZW061296,正常使用,临时,
MZW061356,正常使用,正式,
MZW061373,取消编码，请核查,禁用,
MZW061385,正常使用,正式,
MZW061386,正常使用,正式,
MZW061387,正常使用,正式,
MZW061388,正常使用,正式,
MZW061389,正常使用,正式,
MZW061390,正常使用,正式,
MZW061391,正常使用,正式,
MZW061392,正常使用,正式,
MZW061406,正常使用,正式,
MZW061407,正常使用,正式,
MZW061423,正常使用,临时,
MZW061428,正常使用,临时,
MZW061453,正常使用,临时,
MZW061456,正常使用,临时,
MZW061458,正常使用,临时,
MZW061459,正常使用,临时,
MZW061461,正常使用,正式,
MZW061499,正常使用,正式,
MZW061500,正常使用,正式,
MZW061501,正常使用,正式,
MZW061516,正常使用,临时,
MZW061518,正常使用,临时,
MZW061528,正常使用,正式,
MZW061529,正常使用,临时,
MZW061664,正常使用,正式,
MZW061665,正常使用,临时,
MZW061666,正常使用,临时,
MZW061667,正常使用,临时,
MZW061668,正常使用,临时,
MZW061726,正常使用,正式,
MZW061727,正常使用,正式,
MZW061728,正常使用,正式,
MZW061729,正常使用,正式,
MZW061730,正常使用,正式,
MZW061731,正常使用,正式,
MZW061732,正常使用,正式,
MZW061733,正常使用,正式,
MZW061734,正常使用,正式,
MZW061735,正常使用,正式,
MZW061736,正常使用,正式,
MZW061737,正常使用,正式,
MZW061738,正常使用,正式,
MZW061739,正常使用,正式,
MZW061740,正常使用,正式,
MZW061741,正常使用,正式,
MZW061742,正常使用,正式,
MZW061743,正常使用,正式,
MZW061744,正常使用,正式,
MZW061745,正常使用,正式,
MZW061746,正常使用,正式,
MZW061747,正常使用,正式,
MZW061748,正常使用,正式,
MZW061749,正常使用,正式,
MZW061750,正常使用,正式,
MZW061751,正常使用,正式,
MZW061752,正常使用,正式,
MZW061753,正常使用,正式,
MZW061767,正常使用,临时,
MZW061768,正常使用,临时,
MZW061769,正常使用,临时,
MZW061770,正常使用,临时,
MZW061856,正常使用,正式,
MZW061866,正常使用,正式,
MZW061887,正常使用,临时,
MZW061906,正常使用,正式,
MZW061911,正常使用,临时,
MZW061930,禁用，请核查,禁用,
MZW061933,正常使用,正式,
MZW061945,正常使用,正式,
MZW061947,正常使用,临时,
MZW061948,正常使用,临时,
MZW061958,正常使用,临时,
MZW061986,正常使用,临时,
MZW062021,正常使用,临时,
MZW062022,正常使用,临时,
MZW062023,正常使用,临时,
MZW062024,正常使用,临时,
MZW062039,正常使用,临时,
MZW062040,正常使用,临时,
MZW062104,正常使用,正式,
MZW062105,正常使用,正式,
MZW062122,正常使用,临时,
MZW062123,正常使用,临时,
MZW062140,正常使用,临时,
MZW062141,正常使用,临时,
MZW062142,正常使用,临时,
MZW062143,正常使用,正式,
MZW062144,正常使用,正式,
MZW062171,正常使用,临时,
MZW062174,正常使用,临时,
MZW062314,正常使用,临时,
MZW062324,正常使用,正式,
MZW062333,正常使用,临时,
MZW062352,正常使用,临时,
MZW062367,正常使用,临时,
MZW062368,正常使用,临时,
MZW062369,正常使用,临时,
MZW062370,正常使用,临时,
MZW062371,正常使用,正式,
MZW062372,正常使用,正式,
MZW062373,正常使用,正式,
MZW062380,正常使用,临时,
MZW062385,正常使用,临时,
MZW062388,正常使用,临时,
MZW062427,正常使用,临时,
MZW062428,正常使用,临时,
MZW062453,正常使用,正式,
MZW062454,正常使用,正式,
MZW062491,正常使用,临时,
MZW062492,正常使用,临时,
MZW062493,正常使用,临时,
MZW080023,正常使用,临时,
MZW080024,正常使用,临时,
MZW080025,正常使用,临时,
MZW080026,正常使用,临时,
MZW080027,正常使用,临时,
MZW080028,正常使用,临时,
MZW080029,正常使用,临时,
MZW080030,正常使用,临时,
MZW080033,正常使用,临时,
MZW080034,正常使用,临时,
MZW080035,取消编码，请核查,禁用,
MZW080036,正常使用,临时,
MZW080037,取消编码，请核查,禁用,
MZW080038,正常使用,临时,
MZW080039,正常使用,临时,
MZW080040,正常使用,临时,
MZW080041,正常使用,临时,
MZW080042,正常使用,临时,
MZW080065,正常使用,临时,
MZW080066,正常使用,临时,
MZW080067,正常使用,临时,
MZW080068,正常使用,临时,
MZW080069,正常使用,临时,
MZW080073,正常使用,临时,
MZW080138,正常使用,临时,
MZW090065,正常使用,临时,
MZW090093,正常使用,临时,
MZW090098,正常使用,临时,
MZW090101,正常使用,正式,
MZW090102,正常使用,正式,
MZW090103,正常使用,正式,
MBC030581,正常使用,临时,
111250,消耗，请核查,消耗,
MWX221463,正常使用,临时,
MWX221809,正常使用,临时,
MWX221808,正常使用,临时,
MBC013988,正常使用,临时,
MWX221331,正常使用,正式,
MWX221332,正常使用,正式,
MBC013626,正常使用,临时,
MFB040438,正常使用,临时,
MFB013013,正常使用,临时,
MFB040439,正常使用,临时,
MFB014521,正常使用,临时,
MFB011849,消耗，请核查,消耗,
MWX221448,正常使用,临时,
MWX221334,正常使用,正式,
MBC022365,正常使用,临时,
MWX221451,正常使用,临时,
MWX221810,正常使用,临时,
MBC022370,正常使用,临时,
MWX221333,正常使用,正式,
MBC022375,正常使用,临时,
MXS010287,正常使用,临时,
MBC190337,正常使用,临时,
MBC190338,正常使用,临时,
MWJ060190,正常使用,正式,
MWJ071054,正常使用,正式,
MWJ071057,正常使用,正式,
MWJ071053,正常使用,正式,
MWJ071055,正常使用,正式,
MWJ071056,正常使用,正式,
MWJ071058,正常使用,正式,
MWJ071059,正常使用,正式,
MWJ071060,正常使用,正式,
MWJ060475,正常使用,正式,
MWJ060463,正常使用,正式,
MWJ060464,正常使用,正式,
MWJ040261,正常使用,正式,
MDQ010905,正常使用,正式,
MDQ010906,正常使用,正式,
MHC060236,正常使用,正式,
MLS020342,正常使用,正式,
MLS020340,正常使用,正式,
MLS020341,正常使用,正式,
MLS020315,正常使用,正式,
MHC010171,正常使用,正式,
MHC010172,正常使用,正式,
MHC010173,正常使用,正式,
MHC010174,正常使用,正式,
MHC010175,正常使用,正式,
MWJ010635,正常使用,正式,
MWJ010636,正常使用,正式,
MWJ010637,正常使用,正式,
MWJ010668,正常使用,正式,
MDL030637,正常使用,临时,
MBL030163,正常使用,临时,
MDQ010885,正常使用,正式,
MWJ010606,正常使用,正式,
MWJ010605,正常使用,正式,
MBC021091,正常使用,正式,
MWJ041583,禁用，请核查,禁用,
MWJ041586,禁用，请核查,禁用,
MWJ041585,下市不再使用,正式,
721219,禁用，请核查,禁用,
MWJ041582,禁用，请核查,禁用,
MWJ041584,下市不再使用,禁用,
MWJ040263,下市不再使用,正式,
MWJ040637,下市不再使用,临时,
MWJ040787,正常使用,临时,
MLL010221,正常使用,正式,
MWJ040440,正常使用,正式,
MLL020464,正常使用,临时,
MLL020465,正常使用,临时,
MLL020467,正常使用,临时,
MLL020466,正常使用,临时,
MWJ071064,正常使用,正式,
MXC050504,正常使用,正式,
MXC050503,正常使用,正式,
MXC040244,正常使用,正式,
MXC030226,正常使用,正式,
MXC040245,正常使用,正式,
560054,正常使用,正式,
MXC050624,正常使用,正式,
MHC070625,正常使用,临时,
MHC070626,正常使用,临时,
MHC070624,正常使用,临时,
MHC070623,正常使用,临时,
MHC070612,正常使用,临时,
MDL012695,正常使用,正式,
MLL030262,正常使用,临时,
MLL030261,正常使用,临时,
MLL030260,正常使用,临时,
MLL030259,正常使用,临时,
MLL030268,正常使用,临时,
MLL030269,正常使用,临时,
MLL030270,正常使用,临时,
MLL030271,正常使用,临时,
MLL030272,正常使用,临时,
MLL030273,正常使用,临时,
MWJ041763,正常使用,临时,
MWJ071052,正常使用,正式,
MWJ070642,正常使用,正式,
MWJ070643,正常使用,正式,
MWJ060238,正常使用,临时,
MWJ071061,正常使用,正式,
MWJ071062,正常使用,正式,
MWJ071063,正常使用,正式,
MWX210712,正常使用,临时,
MYQ010512,正常使用,临时,
MBC012574,正常使用,正式,
MWX221589,正常使用,临时,
MBC013995,正常使用,临时,
MFB015266,正常使用,临时,
MWX221590,正常使用,临时,
MDL020497,正常使用,临时,
MDL050193,正常使用,临时,
MZW050200,正常使用,临时,
MZW050199,正常使用,临时,
MDL020828,正常使用,临时,
MBL030164,正常使用,临时,
MWJ042336,正常使用,临时,
MWJ042340,正常使用,正式,
MWJ042373,正常使用,正式,
MDL010518,正常使用,正式,
MDL010351,正常使用,正式,
MDQ010891,正常使用,正式,
MDQ010890,正常使用,正式,
MFC030138,正常使用,正式,
MWJ041752,正常使用,临时,
MDL050110,消耗，请核查,消耗,
MWJ042356,正常使用,正式,
MDL080136,正常使用,正式,
MDL080135,正常使用,正式,
MDL080129,正常使用,正式,
MDL080130,正常使用,正式,
MWJ042230,正常使用,临时,
MWJ042229,正常使用,临时,
MWJ042231,正常使用,临时,
MWJ042232,正常使用,临时,
MWJ042233,正常使用,临时,
MWJ042269,正常使用,正式,
MWJ042268,正常使用,正式,
MWX270278,正常使用,临时,
MWJ060351,正常使用,正式,
MWJ060541,正常使用,正式,
MBC020635,正常使用,临时,
MBC022285,正常使用,临时,
MWX190370,正常使用,临时,
MWX190385,正常使用,临时,
MWX190387,正常使用,临时,
MWX190380,正常使用,临时,
MWX190384,正常使用,临时,
MWX190386,正常使用,临时,
MWX190388,正常使用,临时,
MWX190389,正常使用,正式,
MXS020777,正常使用,正式,
MWX190371,正常使用,正式,
MBC013984,正常使用,临时,
MWX030436,正常使用,临时,
MWX030355,正常使用,临时,
MWX221870,正常使用,正式,
MWX221916,正常使用,正式,
MBC011767,正常使用,临时,
MBC012642,消耗，请核查,消耗,
MBC012648,正常使用,临时,
MBC011968,正常使用,正式,
MFB015262,正常使用,临时,
MFB011890,正常使用,正式,
MFB015263,正常使用,临时,
MFB013695,正常使用,临时,
MWX220608,正常使用,临时,
MWX221865,正常使用,正式,
MFB011891,正常使用,正式,
MWJ041669,正常使用,临时,
MWJ041233,正常使用,临时,
MWJ041225,正常使用,正式,
MXC050680,正常使用,正式,
MXC050681,正常使用,正式,
MWJ090163,正常使用,正式,
MWJ042352,正常使用,正式,
MWJ042351,正常使用,正式,
MWJ041353,正常使用,正式,
MBL030079,正常使用,正式,
MHC050856,正常使用,正式,
MZW050201,正常使用,临时,
MWJ040260,正常使用,正式,
MHC020044,正常使用,临时,
MHC020042,正常使用,临时,
MHC020046,正常使用,临时,
MHC020045,正常使用,临时,
MWJ060538,正常使用,临时,
MDL030455,正常使用,临时,
MWX290014,正常使用,临时,
MWX330244,正常使用,临时,
MYQ012685,正常使用,正式,
MYQ012684,正常使用,正式,
MYQ012336,正常使用,临时,
MYQ012337,正常使用,临时,
MXS020746,正常使用,临时,
MXS021063,正常使用,临时,
MXS021071,正常使用,临时,
MXS021062,正常使用,临时,
MXS010286,正常使用,临时,
MBC013884,正常使用,临时,
MFB015095,正常使用,临时,
MFB015096,正常使用,临时,
MHC060082,正常使用,正式,
MXC050564,正常使用,临时,
MLL020460,正常使用,临时,
MLL020461,正常使用,临时,
MLL020462,正常使用,临时,
MLL020463,正常使用,临时,
MLL090249,正常使用,临时,
MZW020069,正常使用,临时,
MLL030266,正常使用,临时,
MLL030267,正常使用,临时,
MLL030265,正常使用,临时,
MLL030264,正常使用,临时,
MLL030263,正常使用,临时,
MLS032248,正常使用,正式,
MLS032408,正常使用,临时,
MZW061140,正常使用,正式,
MLS040089,正常使用,正式,
MWJ041735,正常使用,正式,
MWJ042239,正常使用,临时,
MWJ042241,正常使用,临时,
MWJ042288,正常使用,临时,
MWJ042289,正常使用,临时,
MDL012946,正常使用,正式,
MWJ041484,正常使用,正式,
MDQ010821,正常使用,正式,
MDQ010822,正常使用,正式,
MXC050726,正常使用,临时,
MHC060242,正常使用,临时,
MWJ010610,正常使用,正式,
MWJ010611,正常使用,正式,
MWJ010436,正常使用,临时,
MWJ070794,正常使用,正式,
MWJ070927,正常使用,正式,
MWJ060546,正常使用,临时,
MYQ012696,正常使用,临时,
MXS010046,正常使用,正式,
MFB012377,正常使用,正式,
MBC014001,正常使用,临时,
MBC013990,正常使用,临时,
MBC013989,正常使用,临时,
MWX030483,正常使用,临时,
MFB015274,正常使用,临时,
MFB015256,正常使用,临时,
MFB015273,正常使用,临时,
MFB015257,正常使用,临时,
MBC022381,正常使用,临时,
MBC022371,正常使用,临时,
MFB015258,正常使用,临时,
MFB015286,正常使用,临时,
MXC050281,升级替换为MLS040036,消耗,
MYQ012690,正常使用,临时,
MHC060209,禁用，替换为MXC050726+MHC060242,禁用,
MBC013991,正常使用,临时,
MBC013992,正常使用,临时,
MBC014012,正常使用,临时,
MBC014014,正常使用,临时,
MBC014013,正常使用,临时,
MFB015259,正常使用,临时,
MFB015282,正常使用,临时,
MFB015284,正常使用,临时,
MFB015260,正常使用,临时,
MFB015283,正常使用,临时,
MFB015285,正常使用,临时,
MBC013997,正常使用,临时,
MFB015267,正常使用,临时,
MBC022372,正常使用,临时,
MBC022389,正常使用,临时,
MBC022390,正常使用,临时,
MFB015268,正常使用,临时,
MFB015261,正常使用,临时,
MXS021072,正常使用,临时,
MXS021074,正常使用,临时,
MXS021073,正常使用,临时,
MYQ012292,正常使用,临时,
MYQ012294,正常使用,临时,
MYQ012290,正常使用,临时,
MWX200297,正常使用,临时,
MWX400188,正常使用,临时,
MWJ060486,正常使用,正式,
MWJ060484,正常使用,正式,
MWJ060482,正常使用,正式,
MWJ060481,正常使用,正式,
MWJ060485,正常使用,正式,
MWJ060480,正常使用,正式,
MWJ071076,正常使用,正式,
MWJ071079,正常使用,正式,
MWJ071077,正常使用,正式,
MWJ060479,正常使用,正式,
MWJ060483,正常使用,正式,
MDL012949,正常使用,正式,
MLS010661,正常使用,临时,
MWJ050147,正常使用,正式,
MWJ050148,正常使用,正式,
MWJ050149,正常使用,正式,
MWJ050150,正常使用,正式,
MXC050597,正常使用,临时,
MXC050598,正常使用,临时,
MXC050689,正常使用,临时,
MXC050688,正常使用,临时,
MWJ010677,正常使用,临时,
MWJ010678,正常使用,临时,
MWJ010679,正常使用,临时,
MDL020833,正常使用,临时,
MWJ041143,正常使用,正式,
MZW061449,正常使用,正式,
MHC020048,正常使用,临时,
MDL012938,正常使用,正式,
MDL012920,正常使用,正式,
MWJ041258,正常使用,临时,
MDL020831,正常使用,临时,
MDL020830,正常使用,临时,
MDL020751,正常使用,正式,
MDL020755,正常使用,正式,
MDL020752,正常使用,正式,
MDL020753,正常使用,正式,
MDL020756,正常使用,正式,
MDL020754,正常使用,正式,
MHC060194,正常使用,正式,
MHC060195,正常使用,正式,
MHC060196,正常使用,正式,
MHC060197,正常使用,正式,
MHC060198,正常使用,正式,
MDL012134,正常使用,正式,
MDL050251,正常使用,临时,
MXC040348,正常使用,正式,
MXC040347,正常使用,正式,
MXC040344,正常使用,正式,
MXC040343,正常使用,正式,
MXC040341,正常使用,正式,
MXC040342,正常使用,正式,
MXC040345,正常使用,正式,
MXC040346,正常使用,正式,
MXC030249,正常使用,正式,
MHC070631,正常使用,临时,
MDL012961,正常使用,正式,
MDL012960,正常使用,正式,
MDL012956,正常使用,正式,
MDL012959,正常使用,正式,
MDL012958,正常使用,正式,
MDL012957,正常使用,正式,
MWJ041157,正常使用,正式,
MWJ041179,正常使用,正式,
MWJ041169,正常使用,正式,
MWJ041158,正常使用,正式,
MBL030089,正常使用,临时,
MWJ090349,正常使用,临时,
MDL020834,正常使用,正式,
MDL012965,正常使用,正式,
MDL012917,正常使用,正式,
MHC010178,正常使用,临时,
MHC010179,正常使用,临时,
MWJ071075,正常使用,正式,
MWJ071078,正常使用,正式,
MWJ071127,正常使用,临时,
MWJ071126,正常使用,临时,
MBL030098,FTA031工艺升级，编码变更,正式,
MBL030114,FTA031工艺升级，编码变更,正式,
MWJ071167,正常使用,正式,
MWX290082,禁用，替换为MWJ071244,禁用,
MWX290081,禁用，替换为MWJ071243,禁用,
MWJ060338,正常使用,正式,
MWX400122,正常使用,临时,
MWX210931,正常使用,正式,
MYQ012335,正常使用,临时,
MWX200357,正常使用,临时,
MYQ012701,正常使用,临时,
MYQ012702,正常使用,临时,
MBC090020,正常使用,临时,
MYQ012699,正常使用,临时,
MYQ012700,正常使用,临时,
MBC014009,正常使用,临时,
MBC014010,正常使用,临时,
MBC013621,正常使用,正式,
MBC014007,正常使用,临时,
MBC014008,正常使用,临时,
MBC014032,正常使用,正式,
MBC014033,正常使用,正式,
MBC013453,正常使用,正式,
MWX030495,正常使用,临时,
MWX030496,正常使用,临时,
MFB015277,正常使用,临时,
MFB015275,正常使用,临时,
MFB015296,正常使用,正式,
MFB015298,正常使用,临时,
MFB015278,正常使用,临时,
MFB015276,正常使用,临时,
MFB015297,正常使用,正式,
MFB015299,正常使用,临时,
MBC022387,正常使用,临时,
MBC022398,正常使用,正式,
MBC022399,正常使用,正式,
MXC030303,正常使用,正式,
MHC070490,正常使用,临时,
MZW020038,正常使用,正式,
MLL090263,正常使用,临时,
MLL090264,正常使用,临时,
MLL010226,正常使用,临时,
MDL012937,正常使用,正式,
MXC050746,正常使用,临时,
MXC050747,正常使用,临时,
MXC040353,正常使用,临时,
MXC040354,正常使用,临时,
MXC040289,正常使用,临时,
MHC070489,正常使用,临时,
MWJ041573,正常使用,临时,
MWJ041574,正常使用,临时,
MWJ041572,正常使用,临时,
MYQ012706,正常使用,临时,
MYQ010342,正常使用,正式,
MWJ071202,正常使用,临时,
MDL040436,正常使用,临时,
MXC050580,正常使用,正式,
MXC050721,正常使用,正式,
MBC190344,正常使用,临时,
MYQ012716,正常使用,临时,
MBC014044,正常使用,临时,
MBC014039,正常使用,临时,
MFB015325,正常使用,临时,
MFB015311,正常使用,临时,
MFB015326,正常使用,临时,
MFB015312,正常使用,临时,
MBC022409,正常使用,临时,
MBC022403,正常使用,临时,
MWJ042238,正常使用,临时,
MXC050364,禁用，替换为MXC050377,禁用,
MLL100117,正常使用,正式,
MDL040379,正常使用,临时,
MDL040448,正常使用,正式,
MWJ130051,正常使用,临时,
MWJ130052,正常使用,临时,
MWJ130053,正常使用,临时,
MWJ130054,正常使用,临时,
MWJ130055,正常使用,临时,
MWJ042293,正常使用,临时,
MWJ042294,正常使用,临时,
MWJ042295,正常使用,临时,
MWJ042296,正常使用,临时,
MWJ042297,正常使用,临时,
MWJ130041,正常使用,临时,
MWJ130046,正常使用,临时,
MWJ041674,正常使用,临时,
MWJ041672,正常使用,临时,
MWJ041673,正常使用,临时,
MWJ010681,正常使用,临时,
MWJ010682,正常使用,临时,
MWJ010683,正常使用,临时,
MWJ010684,正常使用,临时,
MWJ010685,正常使用,临时,
MWJ042402,正常使用,临时,
MXC050755,正常使用,临时,
MXC050694,正常使用,临时,
MZW060192,正常使用,正式,
662394,正常使用,正式,
723434,正常使用,正式,
MZW060321,正常使用,正式,
MZW060198,正常使用,正式,
MZW060199,正常使用,正式,
MZW060201,正常使用,正式,
MZW060190,正常使用,正式,
662393,正常使用,正式,
723433,正常使用,正式,
MZW060203,正常使用,正式,
MZW060204,正常使用,正式,
MZW060322,正常使用,临时,
MZW060362,正常使用,正式,
MZW060417,正常使用,临时,
723432,正常使用,正式,
MDL012936,正常使用,正式,
MDL012945,正常使用,正式,
MDL012947,正常使用,正式,
MDL012686,正常使用,正式,
MWJ042118,正常使用,临时,
MWJ041102,正常使用,正式,
MXC030219,正常使用,正式,
MXC050456,正常使用,正式,
MDL012941,正常使用,正式,
MDL012811,正常使用,正式,
MZW062177,正常使用,临时,
MZW062148,正常使用,临时,
MZW062149,正常使用,临时,
MZW062150,正常使用,临时,
MZW062151,正常使用,临时,
MZW062152,正常使用,临时,
MZW062145,正常使用,临时,
MZW062146,正常使用,临时,
MZW062147,正常使用,临时,
MZW062153,正常使用,临时,
MZW062154,正常使用,临时,
MZW062155,正常使用,临时,
MZW062156,正常使用,临时,
MZW062157,正常使用,临时,
MZW062158,正常使用,临时,
MZW062159,正常使用,临时,
MZW062160,正常使用,临时,
MZW062161,正常使用,临时,
MWJ041902,正常使用,临时,
MWJ041271,正常使用,正式,
MWJ041272,正常使用,正式,
MWJ041273,正常使用,正式,
MDL011849,正常使用,临时,
MDL011848,正常使用,临时,
MDL020685,正常使用,正式,
MLS020168,正常使用,临时,
MWJ042034,正常使用,临时,
MWJ090232,正常使用,临时,
MWJ090234,正常使用,临时,
MDL012847,正常使用,正式,
MDL040481,正常使用,临时,
MDL040482,正常使用,临时,
MDL012919,正常使用,正式,
MDL012810,正常使用,正式,
MDL012809,正常使用,正式,
MDL012819,正常使用,正式,
MDL012718,正常使用,正式,
MDQ010381,正常使用,临时,
MDL012683,正常使用,正式,
MHC060204,正常使用,临时,
MHC070517,正常使用,正式,
MHC070519,正常使用,正式,
MHC070520,正常使用,正式,
MHC070521,正常使用,正式,
MHC070522,正常使用,正式,
MHC070523,正常使用,正式,
MHC070526,正常使用,正式,
MHC070525,正常使用,正式,
MHC070527,正常使用,正式,
MHC070528,正常使用,正式,
MDL012979,正常使用,临时,
MDL050359,正常使用,正式,
MDL050358,正常使用,正式,
MDL050357,正常使用,正式,
MDL050347,正常使用,正式,
MDL012401,正常使用,正式,
MXC030205,正常使用,正式,
MXC030206,正常使用,正式,
MXC030207,正常使用,正式,
MWX350139,正常使用,正式,
MWX330221,正常使用,临时,
MWJ070671,正常使用,正式,
MWJ060573,正常使用,正式,
MWJ071157,正常使用,正式,
MWJ060365,正常使用,正式,
MWJ070622,正常使用,正式,
MWJ070877,正常使用,正式,
MWJ070878,正常使用,正式,
MWJ060363,正常使用,正式,
MWJ060364,正常使用,正式,
MWJ070699,正常使用,临时,
MWX020153,正常使用,临时,
MWX020157,正常使用,临时,
MBC190306,正常使用,临时,
MBC150880,正常使用,临时,
MBC150881,正常使用,临时,
MBC190312,正常使用,正式,
MYQ012710,正常使用,临时,
MYQ012714,正常使用,临时,
MYQ012715,正常使用,临时,
MYQ012723,正常使用,临时,
MYQ012724,正常使用,临时,
MWX200454,正常使用,临时,
MWX200455,正常使用,临时,
MYQ012713,正常使用,临时,
MYQ012717,正常使用,临时,
MBC022368,正常使用,正式,
MXS021066,正常使用,正式,
MBC022417,正常使用,正式,
MBC022267,正常使用,正式,
MWX221571,正常使用,正式,
MBC013335,正常使用,正式,
MBC011977,正常使用,正式,
MWX400267,正常使用,正式,
MBC011297,正常使用,正式,
MBC013940,正常使用,正式,
MBC013978,正常使用,临时,
MBC013977,正常使用,临时,
MBC013981,正常使用,临时,
MBC013980,正常使用,临时,
MFB013875,正常使用,正式,
MFB013840,正常使用,正式,
MFB015241,正常使用,临时,
MFB012119,正常使用,正式,
MWX400268,正常使用,正式,
MFB015236,正常使用,临时,
MFB015239,正常使用,临时,
MFB015240,正常使用,临时,
MFB015237,正常使用,临时,
MBC013979,正常使用,临时,
MFB012422,正常使用,正式,
MFB013912,正常使用,正式,
MWX221572,正常使用,正式,
MBC022364,正常使用,临时,
MFB014999,正常使用,正式,
MFB015272,正常使用,临时,
MBC022363,正常使用,临时,
MFB015238,正常使用,临时,
MXS021028,正常使用,正式,
MXS010288,正常使用,临时,
MBC022407,正常使用,临时,
MBC022429,正常使用,临时,
MXS021078,正常使用,临时,
MBC022408,正常使用,临时,
MBC022430,正常使用,临时,
MXS021089,正常使用,临时,
MXS021081,正常使用,临时,
MXS021090,正常使用,临时,
MXS021082,正常使用,临时,
MXS021083,正常使用,临时,
MXS021085,正常使用,临时,
MXS021086,正常使用,临时,
MWX190428,正常使用,临时,
MWX190429,正常使用,临时,
MWX190430,正常使用,临时,
MWX190431,正常使用,临时,
MWX190432,正常使用,临时,
MWX190422,正常使用,临时,
MWX190423,正常使用,临时,
MWX190424,正常使用,临时,
MWX190425,正常使用,临时,
MXS010292,正常使用,临时,
MXS020507,正常使用,正式,
MWX190427,正常使用,临时,
MWX190426,正常使用,临时,
MYQ012731,正常使用,临时,
MYQ012741,正常使用,临时,
MYQ012689,正常使用,正式,
MBC022425,正常使用,临时,
MYQ012343,正常使用,临时,
MYQ012744,正常使用,临时,
MYQ012742,正常使用,临时,
MYQ012746,正常使用,临时,
MYQ012712,正常使用,临时,
MYQ012730,正常使用,临时,
MYQ012732,正常使用,临时,
MWX200470,正常使用,正式,
MWX200485,正常使用,正式,
MYQ012756,正常使用,临时,
MYQ012728,正常使用,临时,
MYQ012729,正常使用,临时,
MYQ012758,正常使用,临时,
MWX210934,正常使用,临时,
MBC150883,正常使用,正式,
MBC150885,正常使用,临时,
MBC150887,正常使用,临时,
MBC150882,正常使用,正式,
MBC150888,正常使用,正式,
MWX210727,正常使用,正式,
MWX210733,正常使用,正式,
MBC190346,正常使用,临时,
MBC190347,正常使用,临时,
MWX210987,正常使用,正式,
MWX210991,正常使用,正式,
MWX210992,正常使用,正式,
MWX400444,正常使用,正式,
MWX210765,正常使用,临时,
MWX210757,正常使用,临时,
MWJ070881,正常使用,正式,
MWJ060560,正常使用,临时,
MWJ071221,正常使用,临时,
MWJ071222,正常使用,临时,
MWJ070548,正常使用,正式,
MZW062673,正常使用,临时,
MWJ060431,正常使用,临时,
MWJ071256,正常使用,正式,
MWJ071257,正常使用,正式,
MWJ071258,正常使用,正式,
MWJ071259,正常使用,正式,
MWJ060629,正常使用,正式,
MWJ060630,正常使用,正式,
MWJ060631,正常使用,正式,
MWJ060632,正常使用,正式,
MWJ071245,正常使用,正式,
MWJ071246,正常使用,正式,
MWJ071253,正常使用,正式,
MWJ071247,正常使用,正式,
MWJ071250,正常使用,正式,
MWJ071248,正常使用,正式,
MWJ071249,正常使用,正式,
MWJ071254,正常使用,正式,
MWJ071255,正常使用,正式,
MWJ071251,正常使用,正式,
MWJ071252,正常使用,正式,
MWJ060649,正常使用,正式,
MWJ070901,正常使用,临时,
MDL030466,正常使用,正式,
MWJ071125,正常使用,临时,
MWJ070489,正常使用,临时,
MWJ130057,正常使用,正式,
MWX330186,正常使用,临时,
MZW090112,正常使用,临时,
MWJ060404,正常使用,临时,
MDL030445,正常使用,临时,
MZW061946,正常使用,正式,
MWJ040608,正常使用,临时,
MLS030579,正常使用,临时,
MLL080322,正常使用,临时,
MLL080319,正常使用,临时,
MLL020476,正常使用,临时,
MHC050842,正常使用,临时,
MXC050679,正常使用,临时,
MXC030310,正常使用,临时,
MXC030084,正常使用,临时,
MXC030313,正常使用,临时,
MXC040113,正常使用,临时,
MXC040114,正常使用,临时,
MHC030283,正常使用,临时,
MHC030284,正常使用,临时,
MHC030285,正常使用,临时,
MHC030286,正常使用,临时,
MHC030287,正常使用,临时,
MHC030288,正常使用,临时,
MWJ010316,正常使用,正式,
MHC050851,正常使用,临时,
MXC050745,正常使用,临时,
MXC030311,正常使用,临时,
MXC040351,正常使用,临时,
MXC050738,正常使用,临时,
MXC050739,正常使用,临时,
MXC050740,正常使用,临时,
MXC040349,正常使用,临时,
MXC050744,正常使用,临时,
MXC030312,正常使用,临时,
MXC040352,正常使用,临时,
MXC050741,正常使用,临时,
MXC050742,正常使用,临时,
MXC050743,正常使用,临时,
MXC040350,正常使用,临时,
MWJ060623,正常使用,临时,
MWJ060624,正常使用,临时,
MDL020849,正常使用,临时,
MDL020850,正常使用,临时,
MDL040554,正常使用,临时,
MZW050206,正常使用,临时,
MZW050207,正常使用,临时,
MHC010181,正常使用,临时,
MDL012948,正常使用,正式,
MZW062674,正常使用,临时,
MDL030633,正常使用,正式,
MDQ010982,正常使用,临时,
MDQ010981,正常使用,临时,
MXC050765,正常使用,临时,
MXC050764,正常使用,临时,
560274,正常使用,正式,
MDL013006,正常使用,临时,
MDL013007,正常使用,临时,
MDL040435,正常使用,临时,
MDL080134,正常使用,正式,
MZW062366,正常使用,正式,
MDQ020081,正常使用,临时,
MWJ042440,正常使用,临时,
MDL080132,正常使用,正式,
MDL080131,正常使用,正式,
MXC030317,正常使用,正式,
MXC030318,正常使用,正式,
MXC040360,正常使用,正式,
MXC040361,正常使用,正式,
MXC050766,正常使用,正式,
MDL013011,正常使用,正式,
MBL020108,正常使用,正式,
MDQ020067,正常使用,正式,
MBL020109,正常使用,正式,
MWJ042016,正常使用,正式,
MWJ120371,正常使用,正式,
MDL012853,正常使用,正式,
MDL020555,正常使用,正式,
MDL020792,正常使用,正式,
MLL050097,正常使用,正式,
MLL050096,正常使用,正式,
MLL090266,正常使用,正式,
MLS020362,正常使用,临时,
MDL012681,正常使用,正式,
MZW062586,正常使用,临时,
MHC060092,正常使用,正式,
MDQ010886,正常使用,临时,
MWJ041629,正常使用,正式,
MWJ030176,正常使用,正式,
MZW010533,正常使用,临时,
MZW062597,正常使用,临时,
MZW050195,正常使用,临时,
MLS032422,正常使用,正式,
MXC050561,正常使用,正式,
MWJ090151,正常使用,正式,
MWJ090153,正常使用,正式,
MWX220903,正常使用,正式,
MWX220905,正常使用,正式,
MWX220907,正常使用,正式,
MWX220904,正常使用,正式,
MWX220906,正常使用,正式,
MWX220908,正常使用,正式,
MDQ010985,正常使用,临时,
MDQ010986,正常使用,临时,
MZW050205,正常使用,正式,
MZW050217,正常使用,临时,
MDL012691,正常使用,正式,
MBC014056,正常使用,临时,
MBC013276,正常使用,临时,
MBC013983,正常使用,临时,
MBC014048,正常使用,临时,
MBC014065,正常使用,临时,
MBC021507,正常使用,临时,
MBC013701,正常使用,临时,
MWX221573,正常使用,正式,
MWX221574,正常使用,正式,
MBC013482,正常使用,临时,
MBC013005,正常使用,临时,
MBC013004,正常使用,临时,
MBC014015,正常使用,临时,
MBC014016,正常使用,临时,
MBC014019,正常使用,临时,
MBC014022,正常使用,临时,
MBC014023,正常使用,临时,
MWX221186,正常使用,临时,
MBC022422,正常使用,临时,
MBC014087,正常使用,临时,
MBC014088,正常使用,临时,
MBC014089,正常使用,临时,
MBC060009,正常使用,正式,
MWX221388,正常使用,正式,
MWX030500,正常使用,临时,
MWX030499,正常使用,临时,
MWX030498,正常使用,临时,
MWX030497,正常使用,临时,
MBC014068,正常使用,临时,
MBC014067,正常使用,临时,
MBC012929,正常使用,临时,
MBC013259,正常使用,临时,
MWX030512,正常使用,正式,
MBC013948,正常使用,正式,
MBC013951,正常使用,正式,
MBC013949,正常使用,临时,
MBC013950,正常使用,临时,
MBC014094,正常使用,临时,
MBC014092,正常使用,临时,
MBC014085,正常使用,临时,
MBC014086,正常使用,临时,
MBC014090,正常使用,临时,
MBC014091,正常使用,临时,
MBC014054,正常使用,临时,
MBC014055,正常使用,临时,
MBC013758,正常使用,临时,
MBC030106,正常使用,正式,
MFB015334,正常使用,临时,
MFB015353,禁用，请核查,禁用,
MFB013234,正常使用,临时,
MFB013232,正常使用,临时,
MFB015290,正常使用,临时,
MFB015381,正常使用,临时,
MFB015387,正常使用,临时,
MFB015002,正常使用,临时,
MFB014835,正常使用,临时,
MFB015180,正常使用,正式,
MFB015182,正常使用,临时,
MFB015396,正常使用,临时,
MFB015382,正常使用,临时,
MFB015400,正常使用,临时,
MFB015329,正常使用,临时,
MFB015331,正常使用,临时,
MFB015335,正常使用,临时,
MFB015352,禁用，请核查,禁用,
MFB015060,正常使用,临时,
MFB014288,正常使用,临时,
MFB015289,正常使用,临时,
MFB015291,正常使用,临时,
MFB015287,正常使用,临时,
MFB015293,正常使用,临时,
MFB015347,正常使用,临时,
MFB015386,正常使用,临时,
MFB015388,正常使用,临时,
MFB015001,正常使用,临时,
MFB014836,正常使用,临时,
MFB015183,正常使用,正式,
MFB015181,正常使用,临时,
MFB015395,正常使用,临时,
MFB015383,正常使用,临时,
MFB015401,正常使用,临时,
MFB015330,正常使用,临时,
MFB015332,正常使用,临时,
MBC022416,正常使用,临时,
MBC022424,正常使用,临时,
MBC021719,正常使用,临时,
MBC021718,正常使用,临时,
MBC022391,正常使用,临时,
MBC022392,正常使用,临时,
MFB015288,正常使用,临时,
MFB015346,正常使用,临时,
MFB015389,正常使用,临时,
MBC022437,正常使用,临时,
MWX221152,正常使用,正式,
MBC014095,正常使用,临时,
MBC014093,正常使用,临时,
MBC022428,正常使用,临时,
MBC022350,正常使用,正式,
MBC022351,正常使用,临时,
MBC022444,正常使用,正式,
MBC022436,正常使用,临时,
MBC022443,正常使用,临时,
MBC022419,正常使用,临时,
MBC022420,正常使用,临时,
MBC020538,正常使用,正式,
MBC014017,正常使用,临时,
MBC014020,正常使用,临时,
MFB015403,正常使用,临时,
MFB015384,正常使用,临时,
MWX221187,正常使用,临时,
MFB015380,正常使用,临时,
MFB015379,正常使用,临时,
MWJ041116,正常使用,正式,
MWJ042362,正常使用,临时,
MHC050858,正常使用,临时,
MWJ042349,正常使用,临时,
MLL010224,正常使用,G-,
MDL040369,正常使用,正式,
MDL012744,正常使用,正式,
MDL011933,正常使用,临时,
MDL040371,正常使用,临时,
MZW062688,正常使用,正式,
MZW062689,正常使用,正式,
MLL060051,正常使用,正式,
MLL050087,正常使用,正式,
MWJ010690,正常使用,临时,
MWJ010691,正常使用,临时,
MWJ010692,正常使用,临时,
MWJ042449,正常使用,临时,
MDL012999,正常使用,正式,
MDL013000,正常使用,正式,
MDL013001,正常使用,正式,
MDL040544,正常使用,临时,
MZW060614,正常使用,临时,
MWJ041107,正常使用,正式,
MDQ010889,正常使用,正式,
MDL040447,正常使用,正式,
MDL040549,正常使用,临时,
MDL040361,正常使用,临时,
MDL040548,正常使用,正式,
MDL040363,正常使用,临时,
MDL040365,正常使用,临时,
MDL040547,正常使用,正式,
MDL040381,正常使用,正式,
MDL040417,正常使用,正式,
MDL040372,正常使用,临时,
MDL040546,正常使用,正式,
MDL040375,正常使用,临时,
MDL040376,正常使用,临时,
MDL040378,正常使用,临时,
MDL040445,正常使用,临时,
MDL040483,正常使用,临时,
MZW020068,正常使用,临时,
MLL020468,正常使用,正式,
MLL020409,正常使用,临时,
MDL012953,正常使用,临时,
MDL012954,正常使用,临时,
MDL012955,正常使用,临时,
MDL012935,正常使用,正式,
MDL013018,正常使用,临时,
MDL012994,正常使用,正式,
MDL013019,正常使用,临时,
MDL013020,正常使用,临时,
MDL012982,正常使用,正式,
MDL013021,正常使用,临时,
MDL012993,正常使用,正式,
MDL012991,正常使用,正式,
MDL012816,正常使用,正式,
MDL012807,正常使用,正式,
MDL012989,正常使用,正式,
MDL013022,正常使用,临时,
MDL012986,正常使用,正式,
MDL012918,正常使用,正式,
MDL013003,正常使用,正式,
MDL012921,正常使用,正式,
MDL012806,正常使用,正式,
MDL012814,正常使用,正式,
MDL012813,正常使用,正式,
MDL012915,正常使用,正式,
MDL012916,正常使用,正式,
MDL013002,正常使用,正式,
MDL012940,正常使用,正式,
MDL013023,正常使用,临时,
MDL012984,正常使用,正式,
MDL012939,正常使用,正式,
MDL012934,正常使用,正式,
MDL012820,正常使用,正式,
MDL012913,正常使用,正式,
MDL012808,正常使用,正式,
MDL013025,正常使用,临时,
MDL012944,正常使用,正式,
MDL013005,正常使用,正式,
MDL012983,正常使用,正式,
MDL012992,正常使用,正式,
MDL012990,正常使用,正式,
MDL012988,正常使用,正式,
MDL012987,正常使用,正式,
MDL012985,正常使用,正式,
MDL013004,正常使用,正式,
MDL012942,正常使用,正式,
MDL012943,正常使用,正式,
MDL012914,正常使用,正式,
MDL013024,正常使用,临时,
MDL080137,正常使用,临时,
MDL080138,正常使用,临时,
MDL080139,正常使用,正式,
MDL080140,正常使用,正式,
MLS032907,正常使用,正式,
MHC050860,正常使用,临时,
MDL012967,正常使用,正式,
MHC070529,正常使用,正式,
MLS032502,正常使用,临时,
MLS032503,正常使用,临时,
MXC030188,正常使用,临时,
MXC030189,正常使用,临时,
MXC040194,正常使用,临时,
MXC030316,正常使用,临时,
MXC040359,正常使用,临时,
MXC050751,正常使用,临时,
MXC050749,正常使用,临时,
MXC050750,正常使用,临时,
MXC050763,正常使用,临时,
MLS020365,正常使用,临时,
MXC030268,正常使用,正式,
MXC030267,正常使用,正式,
MXC040382,正常使用,临时,
MXC050609,正常使用,正式,
MXC040293,正常使用,正式,
MXC050608,正常使用,正式,
MXC050610,正常使用,正式,
MXC040295,正常使用,正式,
MXC050612,正常使用,正式,
MXC050611,正常使用,正式,
MLL050111,正常使用,临时,
MHC050839,正常使用,正式,
MHC050744,正常使用,临时,
MHC050751,正常使用,临时,
MHC050745,正常使用,临时,
MHC050752,正常使用,临时,
MHC050746,正常使用,临时,
MHC050753,正常使用,临时,
MHC050743,正常使用,临时,
MHC050750,正常使用,临时,
MZW050223,正常使用,临时,
MZW050222,正常使用,临时,
MLL090268,正常使用,正式,
MLS032932,正常使用,临时,
MLS032931,正常使用,临时,
MDL013028,正常使用,临时,
MDL080124,正常使用,正式,
MDL080125,正常使用,正式,
MDL030631,正常使用,正式,
MDL012682,正常使用,正式,
MLS031039,正常使用,临时,
MLS031916,正常使用,正式,
MXC050613,正常使用,临时,
MXC050614,正常使用,临时,
MXC040296,正常使用,临时,
MXC050576,正常使用,临时,
MXC050574,正常使用,临时,
MXC040280,正常使用,临时,
MXC050575,正常使用,临时,
MXC050577,正常使用,临时,
MXC050579,正常使用,临时,
MXC050578,正常使用,临时,
MXC030255,正常使用,临时,
MXC040281,正常使用,临时,
MXC040292,正常使用,临时,
MWJ042345,正常使用,临时,
MWJ070547,正常使用,正式,
MWX270145,正常使用,正式,
MWJ060673,正常使用,临时,
MWX270193,正常使用,临时,
MWX030518,正常使用,正式,
MWJ071211,正常使用,临时,
MWX170258,正常使用,正式,
MWJ070632,正常使用,临时,
MWJ060652,正常使用,正式,
MWX020224,正常使用,正式,
MWJ071243,正常使用,正式,
MWJ071244,正常使用,正式,
MWJ060476,正常使用,临时,
MBC150893,正常使用,临时,
MWX210890,正常使用,正式,
MYQ012760,正常使用,临时,
MYQ012762,正常使用,临时,
MYQ012763,正常使用,临时,
MYQ012752,正常使用,正式,
MYQ012768,正常使用,临时,
MYQ012718,正常使用,临时,
MYQ012759,正常使用,临时,
MYQ012770,正常使用,临时,
MYQ012771,正常使用,临时,
MXS021093,正常使用,临时,
MXS021092,正常使用,临时,
MXS021065,正常使用,正式,
MXS021091,正常使用,临时,
MWX190436,正常使用,临时,
MWX190251,正常使用,临时,
MWX190252,正常使用,临时,
MWX190294,正常使用,临时,
MXS010289,正常使用,临时,
MXS021080,正常使用,临时,
MXS010294,正常使用,临时,
MXS021096,正常使用,临时,
MBC014058,正常使用,临时,
MBC014057,正常使用,临时,
MBC014060,正常使用,临时,
MBC030602,正常使用,临时,
MBC014106,正常使用,临时,
MBC030599,正常使用,临时,
MBC014046,正常使用,临时,
MBC013749,正常使用,正式,
MBC013750,正常使用,正式,
MWX221378,正常使用,正式,
MWX221377,正常使用,正式,
MWX030350,正常使用,正式,
MBC014104,正常使用,临时,
MBC014105,正常使用,临时,
MBC014115,正常使用,临时,
MBC014116,正常使用,临时,
MBC014113,正常使用,临时,
MWX030511,正常使用,临时,
MWX030515,正常使用,临时,
MBC013969,正常使用,正式,
MBC014101,正常使用,临时,
MBC014047,正常使用,临时,
MBC030603,正常使用,临时,
MWX221401,正常使用,临时,
MBC014041,正常使用,临时,
MBC014103,正常使用,正式,
MBC012841,正常使用,临时,
MFB015342,正常使用,临时,
MFB015341,正常使用,临时,
MFB015002,正常使用,临时,
MFB010613,正常使用,正式,
MFB014875,正常使用,正式,
MFB015417,正常使用,临时,
MFB015418,正常使用,临时,
MFB015421,正常使用,临时,
MFB015412,正常使用,临时,
MFB015408,正常使用,临时,
MFB015306,正常使用,临时,
MFB015436,正常使用,临时,
MFB011716,正常使用,正式,
MFB015343,正常使用,临时,
MFB015340,正常使用,正式,
MFB015001,正常使用,临时,
MFB011769,正常使用,正式,
MFB015344,正常使用,临时,
MFB014874,正常使用,正式,
MFB015452,正常使用,临时,
MFB015416,正常使用,临时,
MFB015419,正常使用,临时,
MFB015422,正常使用,临时,
MFB015411,正常使用,正式,
MFB015409,正常使用,临时,
MFB015345,正常使用,临时,
MFB015305,正常使用,临时,
MFB015435,正常使用,临时,
MFB014147,正常使用,正式,
MWX221379,正常使用,正式,
MBC014117,正常使用,临时,
MBC014118,正常使用,临时,
MBC014114,正常使用,临时,
MBC014102,正常使用,临时,
MFB015428,正常使用,临时,
MFB015426,正常使用,临时,
MFB015423,正常使用,临时,
MFB015429,正常使用,临时,
MFB015427,正常使用,临时,
MFB015425,正常使用,临时,
MFB015410,正常使用,临时,
MBC013760,正常使用,正式,
MFB015413,正常使用,临时,
MFB015451,正常使用,临时,
MWX221403,正常使用,临时,
MBC014042,正常使用,临时,
MFB014882,正常使用,正式,
MFB015450,正常使用,临时,
MBC022421,正常使用,临时,
MBC022452,正常使用,临时,
MBC020360,正常使用,正式,
MBC022209,正常使用,正式,
MWX221380,正常使用,正式,
MBC022451,正常使用,临时,
MBC022454,正常使用,临时,
MBC022450,正常使用,临时,
MWX221402,正常使用,临时,
MBC022406,正常使用,临时,
MBC014061,正常使用,临时,
MBC014100,正常使用,临时,
MFB015339,正常使用,临时,
MFB015433,正常使用,临时,
MFB015424,正常使用,临时,
